ID,TICKER,NAME,PUT_CALL,EXPIRE_DT,STRIKE_PX,PX_LAST,IVOL
DEMO_OPTION_1_-180,DEMO1 US Equity,Demo 1 call -180,Call,2026-05-28,128.34196,6.2256,21.1605
DEMO_OPTION_1_30,DEMO1 US Equity,Demo 1 call 30,Call,2026-12-24,135.0968,14.993,43.835
DEMO_OPTION_1_365,DEMO1 US Equity,Demo 1 call 365,Call,2027-11-24,141.85164,17.9514,14.3469
DEMO_OPTION_2_-180,DEMO2 US Equity,Demo 2 call -180,Call,2028-02-21,91.14860499999999,5.1541,35.2678
DEMO_OPTION_2_30,DEMO2 US Equity,Demo 2 call 30,Call,2028-09-18,95.9459,1.5042,19.9419
DEMO_OPTION_2_365,DEMO2 US Equity,Demo 2 call 365,Call,2029-08-19,100.743195,13.3478,37.2471
DEMO_OPTION_3_-180,DEMO3 US Equity,Demo 3 call -180,Call,2030-08-16,56.69533499999999,16.3792,10.3249
DEMO_OPTION_3_30,DEMO3 US Equity,Demo 3 call 30,Call,2031-03-14,59.6793,16.3106,44.907
DEMO_OPTION_3_365,DEMO3 US Equity,Demo 3 call 365,Call,2032-02-12,62.663265,7.4648,17.774
DEMO_OPTION_5_-180,DEMO5 US Equity,Demo 5 call -180,Call,2034-12-08,76.55765,2.8376,52.3747
DEMO_OPTION_5_30,DEMO5 US Equity,Demo 5 call 30,Call,2035-07-06,80.587,12.4708,50.3564
DEMO_OPTION_5_365,DEMO5 US Equity,Demo 5 call 365,Call,2036-06-05,84.61635000000001,14.8649,36.8114
DEMO_OPTION_6_-180,DEMO6 US Equity,Demo 6 call -180,Call,2029-05-27,185.40275999999997,11.4888,51.4702
DEMO_OPTION_6_30,DEMO6 US Equity,Demo 6 call 30,Call,2029-12-23,195.1608,12.7519,53.0853
DEMO_OPTION_6_365,DEMO6 US Equity,Demo 6 call 365,Call,2030-11-23,204.91884000000002,11.9697,45.2286
DEMO_OPTION_8_-180,DEMO8 US Equity,Demo 8 call -180,Call,2034-01-13,57.970615,2.516,21.6395
DEMO_OPTION_8_30,DEMO8 US Equity,Demo 8 call 30,Call,2034-08-11,61.0217,2.919,23.8987
DEMO_OPTION_8_365,DEMO8 US Equity,Demo 8 call 365,Call,2035-07-12,64.07278500000001,13.078,28.2416
DEMO_OPTION_9_-180,DEMO9 US Equity,Demo 9 call -180,Call,2031-01-21,82.30096999999999,6.0726,56.8327
DEMO_OPTION_9_30,DEMO9 US Equity,Demo 9 call 30,Call,2031-08-19,86.6326,13.3127,40.4566
DEMO_OPTION_9_365,DEMO9 US Equity,Demo 9 call 365,Call,2032-07-19,90.96423,4.2516,46.4563
DEMO_OPTION_10_-180,DEMO10 US Equity,Demo 10 call -180,Call,2025-11-15,46.941779999999994,19.8009,42.0
DEMO_OPTION_10_30,DEMO10 US Equity,Demo 10 call 30,Call,2026-06-13,49.4124,11.582,44.2307
DEMO_OPTION_10_365,DEMO10 US Equity,Demo 10 call 365,Call,2027-05-14,51.88302,17.0142,48.8
DEMO_OPTION_11_-180,DEMO11 US Equity,Demo 11 call -180,Call,2035-03-24,58.167265,6.9936,23.387
DEMO_OPTION_11_30,DEMO11 US Equity,Demo 11 call 30,Call,2035-10-20,61.2287,5.0087,57.1455
DEMO_OPTION_11_365,DEMO11 US Equity,Demo 11 call 365,Call,2036-09-19,64.290135,17.651,25.7339
DEMO_OPTION_13_-180,DEMO13 US Equity,Demo 13 call -180,Call,2029-04-01,86.653015,9.7182,23.244
DEMO_OPTION_13_30,DEMO13 US Equity,Demo 13 call 30,Call,2029-10-28,91.2137,5.6859,38.0684
DEMO_OPTION_13_365,DEMO13 US Equity,Demo 13 call 365,Call,2030-09-28,95.77438500000001,5.9921,39.2293
DEMO_OPTION_15_-180,DEMO15 US Equity,Demo 15 call -180,Call,2024-12-05,87.297495,19.9532,35.4763
DEMO_OPTION_15_30,DEMO15 US Equity,Demo 15 call 30,Call,2025-07-03,91.8921,2.7273,12.3558
DEMO_OPTION_15_365,DEMO15 US Equity,Demo 15 call 365,Call,2026-06-03,96.486705,3.0833,41.3723
DEMO_OPTION_17_-180,DEMO17 US Equity,Demo 17 call -180,Call,2027-10-10,91.18936,8.2508,59.8061
DEMO_OPTION_17_30,DEMO17 US Equity,Demo 17 call 30,Call,2028-05-07,95.9888,11.0532,58.5539
DEMO_OPTION_17_365,DEMO17 US Equity,Demo 17 call 365,Call,2029-04-07,100.78824,17.3548,10.5741
DEMO_OPTION_18_-180,DEMO18 US Equity,Demo 18 call -180,Call,2025-10-08,142.24340499999997,11.2024,23.3413
DEMO_OPTION_18_30,DEMO18 US Equity,Demo 18 call 30,Call,2026-05-06,149.7299,13.1783,15.5776
DEMO_OPTION_18_365,DEMO18 US Equity,Demo 18 call 365,Call,2027-04-06,157.216395,9.2605,32.6862
DEMO_OPTION_19_-180,DEMO19 US Equity,Demo 19 call -180,Call,2029-01-24,182.102555,6.0044,35.0293
DEMO_OPTION_19_30,DEMO19 US Equity,Demo 19 call 30,Call,2029-08-22,191.6869,4.3944,55.6314
DEMO_OPTION_19_365,DEMO19 US Equity,Demo 19 call 365,Call,2030-07-23,201.27124500000002,17.5399,24.9222
DEMO_OPTION_20_-180,DEMO20 US Equity,Demo 20 call -180,Call,2025-03-07,128.26035499999998,3.9039,48.1255
DEMO_OPTION_20_30,DEMO20 US Equity,Demo 20 call 30,Call,2025-10-03,135.0109,11.2482,48.9313
DEMO_OPTION_20_365,DEMO20 US Equity,Demo 20 call 365,Call,2026-09-03,141.761445,11.0767,10.0286
DEMO_OPTION_21_-180,DEMO21 US Equity,Demo 21 call -180,Call,2028-10-24,74.430695,18.6529,53.9361
DEMO_OPTION_21_30,DEMO21 US Equity,Demo 21 call 30,Call,2029-05-22,78.3481,16.8016,25.3757
DEMO_OPTION_21_365,DEMO21 US Equity,Demo 21 call 365,Call,2030-04-22,82.265505,2.1006,53.9005
DEMO_OPTION_22_-180,DEMO22 US Equity,Demo 22 call -180,Call,2026-03-11,180.92835499999998,10.2338,13.4606
DEMO_OPTION_22_30,DEMO22 US Equity,Demo 22 call 30,Call,2026-10-07,190.4509,15.4514,48.2917
DEMO_OPTION_22_365,DEMO22 US Equity,Demo 22 call 365,Call,2027-09-07,199.973445,3.4394,33.7641
DEMO_OPTION_23_-180,DEMO23 US Equity,Demo 23 call -180,Call,2035-03-14,113.01637,17.5762,31.1569
DEMO_OPTION_23_30,DEMO23 US Equity,Demo 23 call 30,Call,2035-10-10,118.9646,5.0242,36.9648
DEMO_OPTION_23_365,DEMO23 US Equity,Demo 23 call 365,Call,2036-09-09,124.91283000000001,14.8687,20.0576
DEMO_OPTION_24_-180,DEMO24 US Equity,Demo 24 call -180,Call,2028-05-25,72.303455,13.3477,31.905
DEMO_OPTION_24_30,DEMO24 US Equity,Demo 24 call 30,Call,2028-12-21,76.1089,10.8339,16.0502
DEMO_OPTION_24_365,DEMO24 US Equity,Demo 24 call 365,Call,2029-11-21,79.91434500000001,5.2692,26.9043
DEMO_OPTION_26_-180,DEMO26 US Equity,Demo 26 call -180,Call,2032-07-31,58.349664999999995,2.3489,41.5551
DEMO_OPTION_26_30,DEMO26 US Equity,Demo 26 call 30,Call,2033-02-26,61.4207,5.3499,55.271
DEMO_OPTION_26_365,DEMO26 US Equity,Demo 26 call 365,Call,2034-01-27,64.491735,17.3331,13.5429
DEMO_OPTION_27_-180,DEMO27 US Equity,Demo 27 call -180,Call,2030-04-01,59.69876,5.0705,16.6156
DEMO_OPTION_27_30,DEMO27 US Equity,Demo 27 call 30,Call,2030-10-28,62.8408,18.7748,38.5522
DEMO_OPTION_27_365,DEMO27 US Equity,Demo 27 call 365,Call,2031-09-28,65.98284000000001,9.9807,49.231
DEMO_OPTION_28_-180,DEMO28 US Equity,Demo 28 call -180,Call,2031-06-01,157.082025,2.8417,31.5526
DEMO_OPTION_28_30,DEMO28 US Equity,Demo 28 call 30,Call,2031-12-28,165.3495,9.048,33.3512
DEMO_OPTION_28_365,DEMO28 US Equity,Demo 28 call 365,Call,2032-11-27,173.61697500000002,14.8524,43.6682
DEMO_OPTION_29_-180,DEMO29 US Equity,Demo 29 call -180,Call,2027-10-04,187.292215,8.6498,26.9651
DEMO_OPTION_29_30,DEMO29 US Equity,Demo 29 call 30,Call,2028-05-01,197.1497,17.3718,22.4328
DEMO_OPTION_29_365,DEMO29 US Equity,Demo 29 call 365,Call,2029-04-01,207.007185,4.614,32.4307
DEMO_OPTION_32_-180,DEMO32 US Equity,Demo 32 call -180,Call,2033-12-24,61.716939999999994,9.4195,53.0675
DEMO_OPTION_32_30,DEMO32 US Equity,Demo 32 call 30,Call,2034-07-22,64.9652,11.4562,12.5294
DEMO_OPTION_32_365,DEMO32 US Equity,Demo 32 call 365,Call,2035-06-22,68.21346,19.9864,51.8014
DEMO_OPTION_34_-180,DEMO34 US Equity,Demo 34 call -180,Call,2032-02-17,177.408795,4.1599,34.2821
DEMO_OPTION_34_30,DEMO34 US Equity,Demo 34 call 30,Call,2032-09-14,186.7461,5.0612,30.052
DEMO_OPTION_34_365,DEMO34 US Equity,Demo 34 call 365,Call,2033-08-15,196.08340500000003,2.1141,28.9487
DEMO_OPTION_36_-180,DEMO36 US Equity,Demo 36 call -180,Call,2031-05-23,64.34976999999999,9.6452,31.1504
DEMO_OPTION_36_30,DEMO36 US Equity,Demo 36 call 30,Call,2031-12-19,67.7366,19.189,59.7711
DEMO_OPTION_36_365,DEMO36 US Equity,Demo 36 call 365,Call,2032-11-18,71.12343,11.5596,45.9204
DEMO_OPTION_37_-180,DEMO37 US Equity,Demo 37 call -180,Call,2025-03-12,45.470229999999994,19.4055,38.959
DEMO_OPTION_37_30,DEMO37 US Equity,Demo 37 call 30,Call,2025-10-08,47.8634,11.3017,47.3988
DEMO_OPTION_37_365,DEMO37 US Equity,Demo 37 call 365,Call,2026-09-08,50.25657,2.0861,39.2089
DEMO_OPTION_40_-180,DEMO40 US Equity,Demo 40 call -180,Call,2027-08-18,45.921004999999994,2.5221,19.2912
DEMO_OPTION_40_30,DEMO40 US Equity,Demo 40 call 30,Call,2028-03-15,48.3379,12.3057,43.7606
DEMO_OPTION_40_365,DEMO40 US Equity,Demo 40 call 365,Call,2029-02-13,50.754795,5.4689,15.9943
DEMO_OPTION_41_-180,DEMO41 US Equity,Demo 41 call -180,Call,2031-01-19,171.239115,12.2959,40.9691
DEMO_OPTION_41_30,DEMO41 US Equity,Demo 41 call 30,Call,2031-08-17,180.2517,8.9653,39.1836
DEMO_OPTION_41_365,DEMO41 US Equity,Demo 41 call 365,Call,2032-07-17,189.264285,10.9329,56.7353
DEMO_OPTION_44_-180,DEMO44 US Equity,Demo 44 call -180,Call,2028-05-07,59.815325,13.7621,24.9999
DEMO_OPTION_44_30,DEMO44 US Equity,Demo 44 call 30,Call,2028-12-03,62.9635,7.0074,47.5932
DEMO_OPTION_44_365,DEMO44 US Equity,Demo 44 call 365,Call,2029-11-03,66.111675,2.3783,32.9143
DEMO_OPTION_45_-180,DEMO45 US Equity,Demo 45 call -180,Call,2032-06-12,189.73570999999998,2.392,20.6577
DEMO_OPTION_45_30,DEMO45 US Equity,Demo 45 call 30,Call,2033-01-08,199.7218,6.0388,56.663
DEMO_OPTION_45_365,DEMO45 US Equity,Demo 45 call 365,Call,2033-12-09,209.70789000000002,17.7364,53.9635
DEMO_OPTION_46_-180,DEMO46 US Equity,Demo 46 call -180,Call,2034-05-17,82.189155,16.8412,45.177
DEMO_OPTION_46_30,DEMO46 US Equity,Demo 46 call 30,Call,2034-12-13,86.5149,12.6219,59.3617
DEMO_OPTION_46_365,DEMO46 US Equity,Demo 46 call 365,Call,2035-11-13,90.840645,13.4256,10.3912
DEMO_OPTION_55_-180,DEMO55 US Equity,Demo 55 call -180,Call,2032-02-17,65.57156499999999,14.6346,20.1799
DEMO_OPTION_55_30,DEMO55 US Equity,Demo 55 call 30,Call,2032-09-14,69.0227,13.0505,23.1992
DEMO_OPTION_55_365,DEMO55 US Equity,Demo 55 call 365,Call,2033-08-15,72.47383500000001,10.2821,55.2668
DEMO_OPTION_56_-180,DEMO56 US Equity,Demo 56 call -180,Call,2026-09-27,163.683765,9.0479,23.834
DEMO_OPTION_56_30,DEMO56 US Equity,Demo 56 call 30,Call,2027-04-25,172.2987,1.0674,48.556
DEMO_OPTION_56_365,DEMO56 US Equity,Demo 56 call 365,Call,2028-03-25,180.913635,13.1052,23.0978
DEMO_OPTION_57_-180,DEMO57 US Equity,Demo 57 call -180,Call,2034-01-11,145.75052,9.1261,10.4835
DEMO_OPTION_57_30,DEMO57 US Equity,Demo 57 call 30,Call,2034-08-09,153.4216,2.4296,54.1553
DEMO_OPTION_57_365,DEMO57 US Equity,Demo 57 call 365,Call,2035-07-10,161.09268000000003,18.1746,37.2795
DEMO_OPTION_59_-180,DEMO59 US Equity,Demo 59 call -180,Call,2026-05-12,118.60911499999999,3.4215,25.4129
DEMO_OPTION_59_30,DEMO59 US Equity,Demo 59 call 30,Call,2026-12-08,124.8517,18.0806,49.8061
DEMO_OPTION_59_365,DEMO59 US Equity,Demo 59 call 365,Call,2027-11-08,131.09428499999999,17.3533,54.9462
DEMO_OPTION_60_-180,DEMO60 US Equity,Demo 60 call -180,Call,2024-09-27,54.92311,2.9531,49.0058
DEMO_OPTION_60_30,DEMO60 US Equity,Demo 60 call 30,Call,2025-04-25,57.8138,17.7986,30.3189
DEMO_OPTION_60_365,DEMO60 US Equity,Demo 60 call 365,Call,2026-03-26,60.70449,12.7926,17.7277
DEMO_OPTION_62_-180,DEMO62 US Equity,Demo 62 call -180,Call,2034-11-20,166.84754999999998,16.4047,54.0708
DEMO_OPTION_62_30,DEMO62 US Equity,Demo 62 call 30,Call,2035-06-18,175.629,1.4709,46.8282
DEMO_OPTION_62_365,DEMO62 US Equity,Demo 62 call 365,Call,2036-05-18,184.41045,7.3115,56.5408
DEMO_OPTION_63_-180,DEMO63 US Equity,Demo 63 call -180,Call,2031-12-17,156.18218499999998,16.4042,23.3403
DEMO_OPTION_63_30,DEMO63 US Equity,Demo 63 call 30,Call,2032-07-14,164.4023,15.9601,15.4048
DEMO_OPTION_63_365,DEMO63 US Equity,Demo 63 call 365,Call,2033-06-14,172.62241500000002,17.5712,52.9297
DEMO_OPTION_65_-180,DEMO65 US Equity,Demo 65 call -180,Call,2034-02-22,158.63631999999998,6.7986,49.7673
DEMO_OPTION_65_30,DEMO65 US Equity,Demo 65 call 30,Call,2034-09-20,166.9856,5.3243,11.1832
DEMO_OPTION_65_365,DEMO65 US Equity,Demo 65 call 365,Call,2035-08-21,175.33488000000003,4.6695,26.4131
DEMO_OPTION_67_-180,DEMO67 US Equity,Demo 67 call -180,Call,2032-06-13,184.338,13.1882,29.9839
DEMO_OPTION_67_30,DEMO67 US Equity,Demo 67 call 30,Call,2033-01-09,194.04,19.6418,36.8108
DEMO_OPTION_67_365,DEMO67 US Equity,Demo 67 call 365,Call,2033-12-10,203.742,18.8455,15.7671
DEMO_OPTION_71_-180,DEMO71 US Equity,Demo 71 call -180,Call,2026-02-05,64.394705,9.2567,46.4273
DEMO_OPTION_71_30,DEMO71 US Equity,Demo 71 call 30,Call,2026-09-03,67.7839,6.9599,40.3104
DEMO_OPTION_71_365,DEMO71 US Equity,Demo 71 call 365,Call,2027-08-04,71.173095,10.717,29.2598
DEMO_OPTION_73_-180,DEMO73 US Equity,Demo 73 call -180,Call,2028-06-06,62.55759499999999,1.0321,56.2788
DEMO_OPTION_73_30,DEMO73 US Equity,Demo 73 call 30,Call,2029-01-02,65.8501,11.2306,45.9715
DEMO_OPTION_73_365,DEMO73 US Equity,Demo 73 call 365,Call,2029-12-03,69.142605,15.0971,43.5314
DEMO_OPTION_75_-180,DEMO75 US Equity,Demo 75 call -180,Call,2034-05-12,30.965535,7.2738,25.6958
DEMO_OPTION_75_30,DEMO75 US Equity,Demo 75 call 30,Call,2034-12-08,32.5953,17.1123,45.9877
DEMO_OPTION_75_365,DEMO75 US Equity,Demo 75 call 365,Call,2035-11-08,34.225065,6.7061,25.4642
DEMO_OPTION_76_-180,DEMO76 US Equity,Demo 76 call -180,Call,2026-02-13,88.83516499999999,6.6174,16.3644
DEMO_OPTION_76_30,DEMO76 US Equity,Demo 76 call 30,Call,2026-09-11,93.5107,8.9885,57.0182
DEMO_OPTION_76_365,DEMO76 US Equity,Demo 76 call 365,Call,2027-08-12,98.18623500000001,13.869,55.1403
DEMO_OPTION_78_-180,DEMO78 US Equity,Demo 78 call -180,Call,2033-12-10,70.46245,1.0077,24.3457
DEMO_OPTION_78_30,DEMO78 US Equity,Demo 78 call 30,Call,2034-07-08,74.171,9.1679,38.9992
DEMO_OPTION_78_365,DEMO78 US Equity,Demo 78 call 365,Call,2035-06-08,77.87955000000001,13.4394,33.2494
DEMO_OPTION_79_-180,DEMO79 US Equity,Demo 79 call -180,Call,2026-08-14,94.60936,9.9905,55.059
DEMO_OPTION_79_30,DEMO79 US Equity,Demo 79 call 30,Call,2027-03-12,99.5888,16.1245,18.4846
DEMO_OPTION_79_365,DEMO79 US Equity,Demo 79 call 365,Call,2028-02-10,104.56824000000002,2.6111,35.7726
DEMO_OPTION_81_-180,DEMO81 US Equity,Demo 81 call -180,Call,2032-12-05,76.317205,15.2716,43.6398
DEMO_OPTION_81_30,DEMO81 US Equity,Demo 81 call 30,Call,2033-07-03,80.3339,5.2682,19.9565
DEMO_OPTION_81_365,DEMO81 US Equity,Demo 81 call 365,Call,2034-06-03,84.350595,1.4641,22.2421
DEMO_OPTION_86_-180,DEMO86 US Equity,Demo 86 call -180,Call,2024-12-10,126.68991,14.2307,34.7189
DEMO_OPTION_86_30,DEMO86 US Equity,Demo 86 call 30,Call,2025-07-08,133.3578,5.6357,42.8029
DEMO_OPTION_86_365,DEMO86 US Equity,Demo 86 call 365,Call,2026-06-08,140.02569,1.1054,47.5482
DEMO_OPTION_87_-180,DEMO87 US Equity,Demo 87 call -180,Call,2028-09-06,150.677885,9.0778,18.7943
DEMO_OPTION_87_30,DEMO87 US Equity,Demo 87 call 30,Call,2029-04-04,158.6083,19.2014,35.8979
DEMO_OPTION_87_365,DEMO87 US Equity,Demo 87 call 365,Call,2030-03-05,166.53871500000002,1.9541,22.4599
DEMO_OPTION_88_-180,DEMO88 US Equity,Demo 88 call -180,Call,2031-03-08,164.065475,16.2269,43.3789
DEMO_OPTION_88_30,DEMO88 US Equity,Demo 88 call 30,Call,2031-10-04,172.7005,19.77,39.7726
DEMO_OPTION_88_365,DEMO88 US Equity,Demo 88 call 365,Call,2032-09-03,181.33552500000002,19.0508,54.5713
DEMO_OPTION_89_-180,DEMO89 US Equity,Demo 89 call -180,Call,2032-05-05,123.76352999999999,10.5908,51.5285
DEMO_OPTION_89_30,DEMO89 US Equity,Demo 89 call 30,Call,2032-12-01,130.2774,11.4096,54.8604
DEMO_OPTION_89_365,DEMO89 US Equity,Demo 89 call 365,Call,2033-11-01,136.79127,15.1295,33.7337
DEMO_OPTION_92_-180,DEMO92 US Equity,Demo 92 call -180,Call,2027-05-20,128.040145,10.9047,41.3374
DEMO_OPTION_92_30,DEMO92 US Equity,Demo 92 call 30,Call,2027-12-16,134.7791,6.2174,13.8742
DEMO_OPTION_92_365,DEMO92 US Equity,Demo 92 call 365,Call,2028-11-15,141.518055,6.4288,23.5858
DEMO_OPTION_93_-180,DEMO93 US Equity,Demo 93 call -180,Call,2030-05-29,73.670315,3.6291,21.5631
DEMO_OPTION_93_30,DEMO93 US Equity,Demo 93 call 30,Call,2030-12-25,77.5477,14.185,45.321
DEMO_OPTION_93_365,DEMO93 US Equity,Demo 93 call 365,Call,2031-11-25,81.42508500000001,2.2203,30.38
DEMO_OPTION_94_-180,DEMO94 US Equity,Demo 94 call -180,Call,2030-03-16,111.78649999999999,4.9299,31.0072
DEMO_OPTION_94_30,DEMO94 US Equity,Demo 94 call 30,Call,2030-10-12,117.67,18.1919,39.204
DEMO_OPTION_94_365,DEMO94 US Equity,Demo 94 call 365,Call,2031-09-12,123.55350000000001,14.2149,52.8366
DEMO_OPTION_96_-180,DEMO96 US Equity,Demo 96 call -180,Call,2031-12-09,84.04516999999998,7.6834,47.6738
DEMO_OPTION_96_30,DEMO96 US Equity,Demo 96 call 30,Call,2032-07-06,88.4686,17.2155,57.6715
DEMO_OPTION_96_365,DEMO96 US Equity,Demo 96 call 365,Call,2033-06-06,92.89203,8.9614,47.3758
DEMO_OPTION_97_-180,DEMO97 US Equity,Demo 97 call -180,Call,2029-02-23,112.38860999999999,5.1902,20.9711
DEMO_OPTION_97_30,DEMO97 US Equity,Demo 97 call 30,Call,2029-09-21,118.3038,9.2809,11.4512
DEMO_OPTION_97_365,DEMO97 US Equity,Demo 97 call 365,Call,2030-08-22,124.21899,7.3865,43.9571
DEMO_OPTION_98_-180,DEMO98 US Equity,Demo 98 call -180,Call,2024-10-15,88.13815,9.8804,16.3814
DEMO_OPTION_98_30,DEMO98 US Equity,Demo 98 call 30,Call,2025-05-13,92.777,12.8229,11.3483
DEMO_OPTION_98_365,DEMO98 US Equity,Demo 98 call 365,Call,2026-04-13,97.41585,8.4864,38.2196
DEMO_OPTION_100_-180,DEMO100 US Equity,Demo 100 call -180,Call,2034-01-20,128.91015499999997,9.7723,12.5142
DEMO_OPTION_100_30,DEMO100 US Equity,Demo 100 call 30,Call,2034-08-18,135.6949,8.203,20.583
DEMO_OPTION_100_365,DEMO100 US Equity,Demo 100 call 365,Call,2035-07-19,142.479645,7.2101,48.0615
DEMO_OPTION_101_-180,DEMO101 US Equity,Demo 101 call -180,Call,2030-08-12,83.83056499999999,16.8066,22.6136
DEMO_OPTION_101_30,DEMO101 US Equity,Demo 101 call 30,Call,2031-03-10,88.2427,2.5562,10.9692
DEMO_OPTION_101_365,DEMO101 US Equity,Demo 101 call 365,Call,2032-02-08,92.654835,11.249,59.9954
DEMO_OPTION_102_-180,DEMO102 US Equity,Demo 102 call -180,Call,2033-03-11,78.843255,15.8434,42.5877
DEMO_OPTION_102_30,DEMO102 US Equity,Demo 102 call 30,Call,2033-10-07,82.9929,15.3304,57.4806
DEMO_OPTION_102_365,DEMO102 US Equity,Demo 102 call 365,Call,2034-09-07,87.14254500000001,4.7879,11.019
DEMO_OPTION_103_-180,DEMO103 US Equity,Demo 103 call -180,Call,2027-05-20,45.05736,13.7197,38.1985
DEMO_OPTION_103_30,DEMO103 US Equity,Demo 103 call 30,Call,2027-12-16,47.4288,5.1413,44.9732
DEMO_OPTION_103_365,DEMO103 US Equity,Demo 103 call 365,Call,2028-11-15,49.80024,15.5711,18.3895
DEMO_OPTION_105_-180,DEMO105 US Equity,Demo 105 call -180,Call,2034-04-20,146.89526999999998,16.5667,58.236
DEMO_OPTION_105_30,DEMO105 US Equity,Demo 105 call 30,Call,2034-11-16,154.6266,3.0539,11.2839
DEMO_OPTION_105_365,DEMO105 US Equity,Demo 105 call 365,Call,2035-10-17,162.35793,6.9272,43.8674
DEMO_OPTION_106_-180,DEMO106 US Equity,Demo 106 call -180,Call,2031-08-30,182.847545,14.5853,13.7998
DEMO_OPTION_106_30,DEMO106 US Equity,Demo 106 call 30,Call,2032-03-27,192.4711,14.1217,41.3621
DEMO_OPTION_106_365,DEMO106 US Equity,Demo 106 call 365,Call,2033-02-25,202.09465500000002,2.9361,48.624
DEMO_OPTION_112_-180,DEMO112 US Equity,Demo 112 call -180,Call,2032-04-13,78.371865,8.0408,35.298
DEMO_OPTION_112_30,DEMO112 US Equity,Demo 112 call 30,Call,2032-11-09,82.4967,7.4834,52.4788
DEMO_OPTION_112_365,DEMO112 US Equity,Demo 112 call 365,Call,2033-10-10,86.62153500000001,16.6243,15.2769
DEMO_OPTION_113_-180,DEMO113 US Equity,Demo 113 call -180,Call,2031-11-27,183.29470999999998,16.7454,45.3654
DEMO_OPTION_113_30,DEMO113 US Equity,Demo 113 call 30,Call,2032-06-24,192.9418,9.2743,46.6898
DEMO_OPTION_113_365,DEMO113 US Equity,Demo 113 call 365,Call,2033-05-25,202.58889000000002,19.344,23.5041
DEMO_OPTION_114_-180,DEMO114 US Equity,Demo 114 call -180,Call,2032-08-27,157.202105,10.1865,31.7787
DEMO_OPTION_114_30,DEMO114 US Equity,Demo 114 call 30,Call,2033-03-25,165.4759,14.8895,23.4198
DEMO_OPTION_114_365,DEMO114 US Equity,Demo 114 call 365,Call,2034-02-23,173.749695,17.1826,51.5366
DEMO_OPTION_115_-180,DEMO115 US Equity,Demo 115 call -180,Call,2030-07-17,33.819334999999995,5.6334,33.2354
DEMO_OPTION_115_30,DEMO115 US Equity,Demo 115 call 30,Call,2031-02-12,35.5993,12.5963,28.9495
DEMO_OPTION_115_365,DEMO115 US Equity,Demo 115 call 365,Call,2032-01-13,37.379265000000004,1.5453,52.5476
DEMO_OPTION_116_-180,DEMO116 US Equity,Demo 116 call -180,Call,2032-06-30,50.09464,16.1588,27.0169
DEMO_OPTION_116_30,DEMO116 US Equity,Demo 116 call 30,Call,2033-01-26,52.7312,17.7261,45.0592
DEMO_OPTION_116_365,DEMO116 US Equity,Demo 116 call 365,Call,2033-12-27,55.367760000000004,6.2491,10.5076
DEMO_OPTION_117_-180,DEMO117 US Equity,Demo 117 call -180,Call,2025-11-09,181.118735,14.6814,34.4289
DEMO_OPTION_117_30,DEMO117 US Equity,Demo 117 call 30,Call,2026-06-07,190.6513,15.4051,44.5305
DEMO_OPTION_117_365,DEMO117 US Equity,Demo 117 call 365,Call,2027-05-08,200.183865,13.2722,34.5411
DEMO_OPTION_119_-180,DEMO119 US Equity,Demo 119 call -180,Call,2031-02-03,34.91212,14.144,25.3103
DEMO_OPTION_119_30,DEMO119 US Equity,Demo 119 call 30,Call,2031-09-01,36.7496,12.0496,33.663
DEMO_OPTION_119_365,DEMO119 US Equity,Demo 119 call 365,Call,2032-08-01,38.58708,11.0875,31.2752
DEMO_OPTION_120_-180,DEMO120 US Equity,Demo 120 call -180,Call,2034-09-28,146.55498,14.3542,23.5458
DEMO_OPTION_120_30,DEMO120 US Equity,Demo 120 call 30,Call,2035-04-26,154.2684,5.7767,16.0328
DEMO_OPTION_120_365,DEMO120 US Equity,Demo 120 call 365,Call,2036-03-26,161.98182000000003,4.6591,15.9777
DEMO_OPTION_122_-180,DEMO122 US Equity,Demo 122 call -180,Call,2028-08-30,149.33439499999997,5.1113,34.2099
DEMO_OPTION_122_30,DEMO122 US Equity,Demo 122 call 30,Call,2029-03-28,157.1941,14.7671,58.8304
DEMO_OPTION_122_365,DEMO122 US Equity,Demo 122 call 365,Call,2030-02-26,165.053805,10.9681,24.1499
DEMO_OPTION_123_-180,DEMO123 US Equity,Demo 123 call -180,Call,2026-06-17,36.189965,5.3222,18.9721
DEMO_OPTION_123_30,DEMO123 US Equity,Demo 123 call 30,Call,2027-01-13,38.0947,1.2688,36.7068
DEMO_OPTION_123_365,DEMO123 US Equity,Demo 123 call 365,Call,2027-12-14,39.999435000000005,6.2119,58.7147
DEMO_OPTION_124_-180,DEMO124 US Equity,Demo 124 call -180,Call,2027-06-18,113.62437,3.3993,53.4231
DEMO_OPTION_124_30,DEMO124 US Equity,Demo 124 call 30,Call,2028-01-14,119.6046,10.3267,53.636
DEMO_OPTION_124_365,DEMO124 US Equity,Demo 124 call 365,Call,2028-12-14,125.58483000000001,11.9072,33.4698
DEMO_OPTION_125_-180,DEMO125 US Equity,Demo 125 call -180,Call,2024-09-29,94.32018,1.9762,57.0532
DEMO_OPTION_125_30,DEMO125 US Equity,Demo 125 call 30,Call,2025-04-27,99.2844,10.0769,51.1058
DEMO_OPTION_125_365,DEMO125 US Equity,Demo 125 call 365,Call,2026-03-28,104.24862000000002,8.6134,13.7041
DEMO_OPTION_126_-180,DEMO126 US Equity,Demo 126 call -180,Call,2031-08-23,126.63518999999998,3.8348,38.142
DEMO_OPTION_126_30,DEMO126 US Equity,Demo 126 call 30,Call,2032-03-20,133.3002,6.7729,59.6959
DEMO_OPTION_126_365,DEMO126 US Equity,Demo 126 call 365,Call,2033-02-18,139.96520999999998,3.2506,48.2222
DEMO_OPTION_127_-180,DEMO127 US Equity,Demo 127 call -180,Call,2028-11-24,122.68034,5.2881,36.1286
DEMO_OPTION_127_30,DEMO127 US Equity,Demo 127 call 30,Call,2029-06-22,129.1372,9.5598,32.1361
DEMO_OPTION_127_365,DEMO127 US Equity,Demo 127 call 365,Call,2030-05-23,135.59406,17.3432,59.5016
DEMO_OPTION_128_-180,DEMO128 US Equity,Demo 128 call -180,Call,2026-06-01,71.21997999999999,12.583,47.0045
DEMO_OPTION_128_30,DEMO128 US Equity,Demo 128 call 30,Call,2026-12-28,74.9684,19.0042,20.3894
DEMO_OPTION_128_365,DEMO128 US Equity,Demo 128 call 365,Call,2027-11-28,78.71682000000001,5.0095,43.0214
DEMO_OPTION_129_-180,DEMO129 US Equity,Demo 129 call -180,Call,2027-09-10,45.856784999999995,2.4262,10.1338
DEMO_OPTION_129_30,DEMO129 US Equity,Demo 129 call 30,Call,2028-04-07,48.2703,9.5596,39.6906
DEMO_OPTION_129_365,DEMO129 US Equity,Demo 129 call 365,Call,2029-03-08,50.683815,6.5339,21.5738
DEMO_OPTION_130_-180,DEMO130 US Equity,Demo 130 call -180,Call,2033-01-26,139.8894,9.6266,44.3692
DEMO_OPTION_130_30,DEMO130 US Equity,Demo 130 call 30,Call,2033-08-24,147.252,18.5543,49.3914
DEMO_OPTION_130_365,DEMO130 US Equity,Demo 130 call 365,Call,2034-07-25,154.61460000000002,12.8761,43.0592
DEMO_OPTION_132_-180,DEMO132 US Equity,Demo 132 call -180,Call,2025-11-08,91.69875,13.3051,55.4206
DEMO_OPTION_132_30,DEMO132 US Equity,Demo 132 call 30,Call,2026-06-06,96.525,16.706,13.5705
DEMO_OPTION_132_365,DEMO132 US Equity,Demo 132 call 365,Call,2027-05-07,101.35125000000001,4.1525,25.3806
DEMO_OPTION_133_-180,DEMO133 US Equity,Demo 133 call -180,Call,2033-07-31,147.07178,6.4836,16.2177
DEMO_OPTION_133_30,DEMO133 US Equity,Demo 133 call 30,Call,2034-02-26,154.8124,14.0849,44.9867
DEMO_OPTION_133_365,DEMO133 US Equity,Demo 133 call 365,Call,2035-01-27,162.55302,18.9108,35.0236
DEMO_OPTION_135_-180,DEMO135 US Equity,Demo 135 call -180,Call,2027-12-23,32.755525,9.2085,26.1161
DEMO_OPTION_135_30,DEMO135 US Equity,Demo 135 call 30,Call,2028-07-20,34.4795,5.757,14.5663
DEMO_OPTION_135_365,DEMO135 US Equity,Demo 135 call 365,Call,2029-06-20,36.203475000000005,19.2763,51.7979
DEMO_OPTION_136_-180,DEMO136 US Equity,Demo 136 call -180,Call,2031-08-13,117.35900999999998,19.9919,43.6141
DEMO_OPTION_136_30,DEMO136 US Equity,Demo 136 call 30,Call,2032-03-10,123.5358,6.1207,12.0116
DEMO_OPTION_136_365,DEMO136 US Equity,Demo 136 call 365,Call,2033-02-08,129.71259,15.3691,33.525
DEMO_OPTION_142_-180,DEMO142 US Equity,Demo 142 call -180,Call,2033-02-06,103.08506999999999,7.6113,26.6654
DEMO_OPTION_142_30,DEMO142 US Equity,Demo 142 call 30,Call,2033-09-04,108.5106,13.7325,52.8867
DEMO_OPTION_142_365,DEMO142 US Equity,Demo 142 call 365,Call,2034-08-05,113.93613,7.2663,44.6837
DEMO_OPTION_145_-180,DEMO145 US Equity,Demo 145 call -180,Call,2031-06-10,158.11980499999999,9.6417,25.7259
DEMO_OPTION_145_30,DEMO145 US Equity,Demo 145 call 30,Call,2032-01-06,166.4419,7.1422,58.5092
DEMO_OPTION_145_365,DEMO145 US Equity,Demo 145 call 365,Call,2032-12-06,174.76399500000002,8.6793,35.7298
DEMO_OPTION_146_-180,DEMO146 US Equity,Demo 146 call -180,Call,2029-09-16,187.968425,11.3093,30.6624
DEMO_OPTION_146_30,DEMO146 US Equity,Demo 146 call 30,Call,2030-04-14,197.8615,4.5641,28.089
DEMO_OPTION_146_365,DEMO146 US Equity,Demo 146 call 365,Call,2031-03-15,207.75457500000002,15.3724,41.2704
DEMO_OPTION_147_-180,DEMO147 US Equity,Demo 147 call -180,Call,2029-06-10,148.958385,11.4352,56.3836
DEMO_OPTION_147_30,DEMO147 US Equity,Demo 147 call 30,Call,2030-01-06,156.7983,9.3242,44.9125
DEMO_OPTION_147_365,DEMO147 US Equity,Demo 147 call 365,Call,2030-12-07,164.63821500000003,3.3071,58.6573
DEMO_OPTION_150_-180,DEMO150 US Equity,Demo 150 call -180,Call,2034-09-02,46.082694999999994,11.4928,14.6605
DEMO_OPTION_150_30,DEMO150 US Equity,Demo 150 call 30,Call,2035-03-31,48.5081,19.8529,55.6465
DEMO_OPTION_150_365,DEMO150 US Equity,Demo 150 call 365,Call,2036-02-29,50.933505000000004,9.7675,15.8733
DEMO_OPTION_152_-180,DEMO152 US Equity,Demo 152 call -180,Call,2027-07-01,104.22222,10.6686,23.6712
DEMO_OPTION_152_30,DEMO152 US Equity,Demo 152 call 30,Call,2028-01-27,109.7076,16.8598,59.0122
DEMO_OPTION_152_365,DEMO152 US Equity,Demo 152 call 365,Call,2028-12-27,115.19298,5.6309,37.5633
DEMO_OPTION_157_-180,DEMO157 US Equity,Demo 157 call -180,Call,2026-05-14,166.74856,16.0101,30.7471
DEMO_OPTION_157_30,DEMO157 US Equity,Demo 157 call 30,Call,2026-12-10,175.5248,18.7507,35.3869
DEMO_OPTION_157_365,DEMO157 US Equity,Demo 157 call 365,Call,2027-11-10,184.30104,16.5904,24.1419
DEMO_OPTION_159_-180,DEMO159 US Equity,Demo 159 call -180,Call,2034-03-09,119.36635999999999,10.3032,17.4298
DEMO_OPTION_159_30,DEMO159 US Equity,Demo 159 call 30,Call,2034-10-05,125.6488,11.233,27.2562
DEMO_OPTION_159_365,DEMO159 US Equity,Demo 159 call 365,Call,2035-09-05,131.93124,11.4864,37.1715
DEMO_OPTION_162_-180,DEMO162 US Equity,Demo 162 call -180,Call,2030-09-26,51.25953,11.8642,21.6781
DEMO_OPTION_162_30,DEMO162 US Equity,Demo 162 call 30,Call,2031-04-24,53.9574,15.7353,12.1824
DEMO_OPTION_162_365,DEMO162 US Equity,Demo 162 call 365,Call,2032-03-24,56.65527,15.1494,45.2614
DEMO_OPTION_166_-180,DEMO166 US Equity,Demo 166 call -180,Call,2028-06-05,159.34787,10.4112,11.851
DEMO_OPTION_166_30,DEMO166 US Equity,Demo 166 call 30,Call,2029-01-01,167.7346,10.5435,39.509
DEMO_OPTION_166_365,DEMO166 US Equity,Demo 166 call 365,Call,2029-12-02,176.12133,17.5243,53.7095
DEMO_OPTION_168_-180,DEMO168 US Equity,Demo 168 call -180,Call,2035-05-18,108.93763999999999,14.7264,30.4989
DEMO_OPTION_168_30,DEMO168 US Equity,Demo 168 call 30,Call,2035-12-14,114.6712,13.4408,17.7181
DEMO_OPTION_168_365,DEMO168 US Equity,Demo 168 call 365,Call,2036-11-13,120.40476000000001,9.9203,58.4602
DEMO_OPTION_170_-180,DEMO170 US Equity,Demo 170 call -180,Call,2030-10-11,137.45246,17.1835,52.6171
DEMO_OPTION_170_30,DEMO170 US Equity,Demo 170 call 30,Call,2031-05-09,144.6868,17.3275,29.0005
DEMO_OPTION_170_365,DEMO170 US Equity,Demo 170 call 365,Call,2032-04-08,151.92114,7.0166,45.9359
DEMO_OPTION_171_-180,DEMO171 US Equity,Demo 171 call -180,Call,2025-10-28,148.85768499999998,1.6821,13.421
DEMO_OPTION_171_30,DEMO171 US Equity,Demo 171 call 30,Call,2026-05-26,156.6923,12.9921,56.0465
DEMO_OPTION_171_365,DEMO171 US Equity,Demo 171 call 365,Call,2027-04-26,164.526915,19.9511,47.3383
DEMO_OPTION_172_-180,DEMO172 US Equity,Demo 172 call -180,Call,2034-06-10,93.209155,13.0412,53.629
DEMO_OPTION_172_30,DEMO172 US Equity,Demo 172 call 30,Call,2035-01-06,98.1149,9.4299,44.7001
DEMO_OPTION_172_365,DEMO172 US Equity,Demo 172 call 365,Call,2035-12-07,103.02064500000002,18.1651,12.2995
DEMO_OPTION_178_-180,DEMO178 US Equity,Demo 178 call -180,Call,2033-06-12,115.77374499999999,4.2297,13.9484
DEMO_OPTION_178_30,DEMO178 US Equity,Demo 178 call 30,Call,2034-01-08,121.8671,17.546,40.9855
DEMO_OPTION_178_365,DEMO178 US Equity,Demo 178 call 365,Call,2034-12-09,127.960455,5.5758,55.6415
DEMO_OPTION_179_-180,DEMO179 US Equity,Demo 179 call -180,Call,2029-11-27,43.47314,5.8256,22.7663
DEMO_OPTION_179_30,DEMO179 US Equity,Demo 179 call 30,Call,2030-06-25,45.7612,1.1786,50.2317
DEMO_OPTION_179_365,DEMO179 US Equity,Demo 179 call 365,Call,2031-05-26,48.049260000000004,18.123,43.8805
DEMO_OPTION_180_-180,DEMO180 US Equity,Demo 180 call -180,Call,2026-01-14,46.013819999999996,7.5657,39.3786
DEMO_OPTION_180_30,DEMO180 US Equity,Demo 180 call 30,Call,2026-08-12,48.4356,13.1398,31.2154
DEMO_OPTION_180_365,DEMO180 US Equity,Demo 180 call 365,Call,2027-07-13,50.857380000000006,5.7519,52.2652
DEMO_OPTION_182_-180,DEMO182 US Equity,Demo 182 call -180,Call,2026-12-03,84.78255999999999,5.5069,38.5961
DEMO_OPTION_182_30,DEMO182 US Equity,Demo 182 call 30,Call,2027-07-01,89.2448,11.9214,59.6346
DEMO_OPTION_182_365,DEMO182 US Equity,Demo 182 call 365,Call,2028-05-31,93.70704,6.6094,58.8972
DEMO_OPTION_184_-180,DEMO184 US Equity,Demo 184 call -180,Call,2030-10-29,65.93617499999999,14.0302,47.2334
DEMO_OPTION_184_30,DEMO184 US Equity,Demo 184 call 30,Call,2031-05-27,69.4065,1.9318,40.3203
DEMO_OPTION_184_365,DEMO184 US Equity,Demo 184 call 365,Call,2032-04-26,72.876825,10.4378,55.2078
DEMO_OPTION_187_-180,DEMO187 US Equity,Demo 187 call -180,Call,2025-09-04,122.808115,13.0957,41.0446
DEMO_OPTION_187_30,DEMO187 US Equity,Demo 187 call 30,Call,2026-04-02,129.2717,13.8775,46.0464
DEMO_OPTION_187_365,DEMO187 US Equity,Demo 187 call 365,Call,2027-03-03,135.735285,13.5244,51.9169
DEMO_OPTION_189_-180,DEMO189 US Equity,Demo 189 call -180,Call,2028-11-10,173.48206499999998,6.8697,32.0412
DEMO_OPTION_189_30,DEMO189 US Equity,Demo 189 call 30,Call,2029-06-08,182.6127,12.0119,46.618
DEMO_OPTION_189_365,DEMO189 US Equity,Demo 189 call 365,Call,2030-05-09,191.743335,2.7125,24.7555
DEMO_OPTION_190_-180,DEMO190 US Equity,Demo 190 call -180,Call,2034-04-10,146.81927000000002,3.511,36.9704
DEMO_OPTION_190_30,DEMO190 US Equity,Demo 190 call 30,Call,2034-11-06,154.5466,19.4583,36.5426
DEMO_OPTION_190_365,DEMO190 US Equity,Demo 190 call 365,Call,2035-10-07,162.27393,18.3563,51.5236
DEMO_OPTION_193_-180,DEMO193 US Equity,Demo 193 call -180,Call,2031-11-29,101.39597,15.1846,26.9358
DEMO_OPTION_193_30,DEMO193 US Equity,Demo 193 call 30,Call,2032-06-26,106.7326,3.1882,58.1447
DEMO_OPTION_193_365,DEMO193 US Equity,Demo 193 call 365,Call,2033-05-27,112.06923,3.6744,58.325
DEMO_OPTION_197_-180,DEMO197 US Equity,Demo 197 call -180,Call,2030-08-08,184.40317,7.9497,49.5341
DEMO_OPTION_197_30,DEMO197 US Equity,Demo 197 call 30,Call,2031-03-06,194.1086,1.2645,36.8286
DEMO_OPTION_197_365,DEMO197 US Equity,Demo 197 call 365,Call,2032-02-04,203.81403,9.6409,43.6414
DEMO_OPTION_198_-180,DEMO198 US Equity,Demo 198 call -180,Call,2028-07-30,133.970235,16.6259,57.0146
DEMO_OPTION_198_30,DEMO198 US Equity,Demo 198 call 30,Call,2029-02-25,141.0213,3.0586,21.6911
DEMO_OPTION_198_365,DEMO198 US Equity,Demo 198 call 365,Call,2030-01-26,148.072365,1.4755,54.2117
DEMO_OPTION_199_-180,DEMO199 US Equity,Demo 199 call -180,Call,2031-10-29,115.00063499999999,5.206,13.1609
DEMO_OPTION_199_30,DEMO199 US Equity,Demo 199 call 30,Call,2032-05-26,121.0533,16.6533,55.4694
DEMO_OPTION_199_365,DEMO199 US Equity,Demo 199 call 365,Call,2033-04-26,127.105965,6.7416,30.4148
DEMO_OPTION_200_-180,DEMO200 US Equity,Demo 200 call -180,Call,2027-11-27,42.901905,6.7829,34.6312
DEMO_OPTION_200_30,DEMO200 US Equity,Demo 200 call 30,Call,2028-06-24,45.1599,2.8466,54.363
DEMO_OPTION_200_365,DEMO200 US Equity,Demo 200 call 365,Call,2029-05-25,47.417895,3.5776,32.6822
DEMO_OPTION_203_-180,DEMO203 US Equity,Demo 203 call -180,Call,2033-09-20,180.76153499999998,15.1031,17.7261
DEMO_OPTION_203_30,DEMO203 US Equity,Demo 203 call 30,Call,2034-04-18,190.2753,8.8828,14.9511
DEMO_OPTION_203_365,DEMO203 US Equity,Demo 203 call 365,Call,2035-03-19,199.789065,10.2976,30.4058
DEMO_OPTION_206_-180,DEMO206 US Equity,Demo 206 call -180,Call,2027-02-20,82.36063,19.0605,52.7725
DEMO_OPTION_206_30,DEMO206 US Equity,Demo 206 call 30,Call,2027-09-18,86.6954,2.8877,44.284
DEMO_OPTION_206_365,DEMO206 US Equity,Demo 206 call 365,Call,2028-08-18,91.03017000000001,11.3449,58.8921
DEMO_OPTION_207_-180,DEMO207 US Equity,Demo 207 call -180,Call,2034-10-12,80.333235,4.6064,16.108
DEMO_OPTION_207_30,DEMO207 US Equity,Demo 207 call 30,Call,2035-05-10,84.5613,17.1126,32.7359
DEMO_OPTION_207_365,DEMO207 US Equity,Demo 207 call 365,Call,2036-04-09,88.789365,13.5926,42.0852
DEMO_OPTION_208_-180,DEMO208 US Equity,Demo 208 call -180,Call,2034-05-18,121.11198499999999,15.9491,22.1784
DEMO_OPTION_208_30,DEMO208 US Equity,Demo 208 call 30,Call,2034-12-14,127.4863,3.3926,38.2289
DEMO_OPTION_208_365,DEMO208 US Equity,Demo 208 call 365,Call,2035-11-14,133.860615,2.3036,48.2579
DEMO_OPTION_214_-180,DEMO214 US Equity,Demo 214 call -180,Call,2024-09-01,172.99081999999999,17.3097,17.2344
DEMO_OPTION_214_30,DEMO214 US Equity,Demo 214 call 30,Call,2025-03-30,182.0956,3.4699,22.5327
DEMO_OPTION_214_365,DEMO214 US Equity,Demo 214 call 365,Call,2026-02-28,191.20038,4.3154,43.0529
DEMO_OPTION_215_-180,DEMO215 US Equity,Demo 215 call -180,Call,2026-05-16,23.408379999999998,16.0097,21.8966
DEMO_OPTION_215_30,DEMO215 US Equity,Demo 215 call 30,Call,2026-12-12,24.6404,7.1517,18.7123
DEMO_OPTION_215_365,DEMO215 US Equity,Demo 215 call 365,Call,2027-11-12,25.87242,1.9956,47.0859
DEMO_OPTION_218_-180,DEMO218 US Equity,Demo 218 call -180,Call,2030-09-22,100.438085,10.7515,15.4527
DEMO_OPTION_218_30,DEMO218 US Equity,Demo 218 call 30,Call,2031-04-20,105.7243,10.5729,57.2708
DEMO_OPTION_218_365,DEMO218 US Equity,Demo 218 call 365,Call,2032-03-20,111.010515,1.8239,49.1613
DEMO_OPTION_219_-180,DEMO219 US Equity,Demo 219 call -180,Call,2027-08-08,167.25377,9.7028,58.2013
DEMO_OPTION_219_30,DEMO219 US Equity,Demo 219 call 30,Call,2028-03-05,176.0566,2.1557,33.9491
DEMO_OPTION_219_365,DEMO219 US Equity,Demo 219 call 365,Call,2029-02-03,184.85943,8.6307,44.3049
DEMO_OPTION_220_-180,DEMO220 US Equity,Demo 220 call -180,Call,2025-05-14,102.83597999999999,2.3963,14.0395
DEMO_OPTION_220_30,DEMO220 US Equity,Demo 220 call 30,Call,2025-12-10,108.2484,12.5577,13.2841
DEMO_OPTION_220_365,DEMO220 US Equity,Demo 220 call 365,Call,2026-11-10,113.66082000000002,6.2253,41.6538
DEMO_OPTION_221_-180,DEMO221 US Equity,Demo 221 call -180,Call,2032-07-16,112.76898999999999,19.8979,36.5278
DEMO_OPTION_221_30,DEMO221 US Equity,Demo 221 call 30,Call,2033-02-11,118.7042,9.6206,40.2713
DEMO_OPTION_221_365,DEMO221 US Equity,Demo 221 call 365,Call,2034-01-12,124.63941000000001,2.8844,45.089
DEMO_OPTION_222_-180,DEMO222 US Equity,Demo 222 call -180,Call,2033-08-05,164.827565,15.6103,46.042
DEMO_OPTION_222_30,DEMO222 US Equity,Demo 222 call 30,Call,2034-03-03,173.5027,5.0854,32.5777
DEMO_OPTION_222_365,DEMO222 US Equity,Demo 222 call 365,Call,2035-02-01,182.17783500000002,5.3414,26.9466
DEMO_OPTION_224_-180,DEMO224 US Equity,Demo 224 call -180,Call,2029-06-17,90.134195,9.1085,43.2554
DEMO_OPTION_224_30,DEMO224 US Equity,Demo 224 call 30,Call,2030-01-13,94.8781,8.1117,17.6319
DEMO_OPTION_224_365,DEMO224 US Equity,Demo 224 call 365,Call,2030-12-14,99.622005,18.5367,13.3567
DEMO_OPTION_225_-180,DEMO225 US Equity,Demo 225 call -180,Call,2025-07-27,161.23295499999998,2.8347,46.9398
DEMO_OPTION_225_30,DEMO225 US Equity,Demo 225 call 30,Call,2026-02-22,169.7189,16.4236,37.8185
DEMO_OPTION_225_365,DEMO225 US Equity,Demo 225 call 365,Call,2027-01-23,178.204845,12.1428,38.0793
DEMO_OPTION_226_-180,DEMO226 US Equity,Demo 226 call -180,Call,2030-01-10,75.369485,7.7184,43.267
DEMO_OPTION_226_30,DEMO226 US Equity,Demo 226 call 30,Call,2030-08-08,79.3363,15.2554,53.4046
DEMO_OPTION_226_365,DEMO226 US Equity,Demo 226 call 365,Call,2031-07-09,83.30311499999999,14.7002,58.4199
DEMO_OPTION_228_-180,DEMO228 US Equity,Demo 228 call -180,Call,2031-12-16,79.131485,5.042,42.8368
DEMO_OPTION_228_30,DEMO228 US Equity,Demo 228 call 30,Call,2032-07-13,83.2963,5.2607,15.4109
DEMO_OPTION_228_365,DEMO228 US Equity,Demo 228 call 365,Call,2033-06-13,87.461115,17.0621,28.3781
DEMO_OPTION_229_-180,DEMO229 US Equity,Demo 229 call -180,Call,2033-12-06,149.40555,16.3372,52.2578
DEMO_OPTION_229_30,DEMO229 US Equity,Demo 229 call 30,Call,2034-07-04,157.269,19.5164,50.9213
DEMO_OPTION_229_365,DEMO229 US Equity,Demo 229 call 365,Call,2035-06-04,165.13245,12.6579,42.135
DEMO_OPTION_231_-180,DEMO231 US Equity,Demo 231 call -180,Call,2032-10-07,177.87344,6.0815,19.0208
DEMO_OPTION_231_30,DEMO231 US Equity,Demo 231 call 30,Call,2033-05-05,187.2352,14.3513,25.4492
DEMO_OPTION_231_365,DEMO231 US Equity,Demo 231 call 365,Call,2034-04-05,196.59696,7.4567,10.3053
DEMO_OPTION_232_-180,DEMO232 US Equity,Demo 232 call -180,Call,2028-03-12,167.746535,8.6149,17.0937
DEMO_OPTION_232_30,DEMO232 US Equity,Demo 232 call 30,Call,2028-10-08,176.5753,13.0303,11.5329
DEMO_OPTION_232_365,DEMO232 US Equity,Demo 232 call 365,Call,2029-09-08,185.404065,15.1761,20.7566
DEMO_OPTION_233_-180,DEMO233 US Equity,Demo 233 call -180,Call,2026-04-07,90.79131,8.031,46.0798
DEMO_OPTION_233_30,DEMO233 US Equity,Demo 233 call 30,Call,2026-11-03,95.5698,15.7599,38.3797
DEMO_OPTION_233_365,DEMO233 US Equity,Demo 233 call 365,Call,2027-10-04,100.34829,2.6142,12.6304
DEMO_OPTION_234_-180,DEMO234 US Equity,Demo 234 call -180,Call,2029-12-17,45.917109999999994,13.8054,23.6051
DEMO_OPTION_234_30,DEMO234 US Equity,Demo 234 call 30,Call,2030-07-15,48.3338,13.5768,34.2831
DEMO_OPTION_234_365,DEMO234 US Equity,Demo 234 call 365,Call,2031-06-15,50.75049,9.3988,23.6583
DEMO_OPTION_235_-180,DEMO235 US Equity,Demo 235 call -180,Call,2028-02-12,148.09531,9.1684,24.1623
DEMO_OPTION_235_30,DEMO235 US Equity,Demo 235 call 30,Call,2028-09-09,155.8898,13.8912,34.3316
DEMO_OPTION_235_365,DEMO235 US Equity,Demo 235 call 365,Call,2029-08-10,163.68429,13.6755,12.2709
DEMO_OPTION_236_-180,DEMO236 US Equity,Demo 236 call -180,Call,2027-12-16,86.59003,1.1461,25.071
DEMO_OPTION_236_30,DEMO236 US Equity,Demo 236 call 30,Call,2028-07-13,91.1474,5.0134,16.8617
DEMO_OPTION_236_365,DEMO236 US Equity,Demo 236 call 365,Call,2029-06-13,95.70477000000001,5.8549,26.4061
DEMO_OPTION_241_-180,DEMO241 US Equity,Demo 241 call -180,Call,2024-08-13,139.32775999999998,16.8337,50.31
DEMO_OPTION_241_30,DEMO241 US Equity,Demo 241 call 30,Call,2025-03-11,146.6608,2.3694,53.0882
DEMO_OPTION_241_365,DEMO241 US Equity,Demo 241 call 365,Call,2026-02-09,153.99384,1.8037,10.9371
DEMO_OPTION_242_-180,DEMO242 US Equity,Demo 242 call -180,Call,2030-04-20,176.51874,11.9394,38.67
DEMO_OPTION_242_30,DEMO242 US Equity,Demo 242 call 30,Call,2030-11-16,185.8092,14.4805,30.8847
DEMO_OPTION_242_365,DEMO242 US Equity,Demo 242 call 365,Call,2031-10-17,195.09966,3.1883,11.0428
DEMO_OPTION_244_-180,DEMO244 US Equity,Demo 244 call -180,Call,2029-09-07,156.02609999999999,16.8085,55.9885
DEMO_OPTION_244_30,DEMO244 US Equity,Demo 244 call 30,Call,2030-04-05,164.238,2.6745,52.2242
DEMO_OPTION_244_365,DEMO244 US Equity,Demo 244 call 365,Call,2031-03-06,172.4499,5.623,39.4436
DEMO_OPTION_246_-180,DEMO246 US Equity,Demo 246 call -180,Call,2026-12-25,86.67609999999999,7.4508,26.6534
DEMO_OPTION_246_30,DEMO246 US Equity,Demo 246 call 30,Call,2027-07-23,91.238,4.1945,35.5242
DEMO_OPTION_246_365,DEMO246 US Equity,Demo 246 call 365,Call,2028-06-22,95.79990000000001,3.1665,35.4976
DEMO_OPTION_247_-180,DEMO247 US Equity,Demo 247 call -180,Call,2030-06-25,173.912795,14.8202,50.9474
DEMO_OPTION_247_30,DEMO247 US Equity,Demo 247 call 30,Call,2031-01-21,183.0661,16.4857,21.8134
DEMO_OPTION_247_365,DEMO247 US Equity,Demo 247 call 365,Call,2031-12-22,192.21940500000002,3.7824,19.8636
DEMO_OPTION_249_-180,DEMO249 US Equity,Demo 249 call -180,Call,2027-04-14,148.99686,4.3658,48.6424
DEMO_OPTION_249_30,DEMO249 US Equity,Demo 249 call 30,Call,2027-11-10,156.8388,10.3882,47.7223
DEMO_OPTION_249_365,DEMO249 US Equity,Demo 249 call 365,Call,2028-10-10,164.68074,15.4377,32.4453
DEMO_OPTION_250_-180,DEMO250 US Equity,Demo 250 call -180,Call,2035-05-28,177.03041,13.0707,41.2261
DEMO_OPTION_250_30,DEMO250 US Equity,Demo 250 call 30,Call,2035-12-24,186.3478,17.4207,41.3609
DEMO_OPTION_250_365,DEMO250 US Equity,Demo 250 call 365,Call,2036-11-23,195.66519000000002,3.8682,13.4143
DEMO_OPTION_251_-180,DEMO251 US Equity,Demo 251 call -180,Call,2027-01-17,94.61762499999999,6.2188,12.8086
DEMO_OPTION_251_30,DEMO251 US Equity,Demo 251 call 30,Call,2027-08-15,99.5975,10.6394,25.5204
DEMO_OPTION_251_365,DEMO251 US Equity,Demo 251 call 365,Call,2028-07-15,104.577375,9.5864,12.8445
DEMO_OPTION_252_-180,DEMO252 US Equity,Demo 252 call -180,Call,2025-12-08,161.22012999999998,17.4208,52.7647
DEMO_OPTION_252_30,DEMO252 US Equity,Demo 252 call 30,Call,2026-07-06,169.7054,12.6852,35.3534
DEMO_OPTION_252_365,DEMO252 US Equity,Demo 252 call 365,Call,2027-06-06,178.19067,9.7915,37.7158
DEMO_OPTION_255_-180,DEMO255 US Equity,Demo 255 call -180,Call,2027-08-05,95.904495,13.3849,26.0763
DEMO_OPTION_255_30,DEMO255 US Equity,Demo 255 call 30,Call,2028-03-02,100.9521,10.037,17.5431
DEMO_OPTION_255_365,DEMO255 US Equity,Demo 255 call 365,Call,2029-01-31,105.999705,2.1756,15.1751
DEMO_OPTION_260_-180,DEMO260 US Equity,Demo 260 call -180,Call,2026-05-18,48.50757,9.3174,31.9711
DEMO_OPTION_260_30,DEMO260 US Equity,Demo 260 call 30,Call,2026-12-14,51.0606,10.9322,17.9373
DEMO_OPTION_260_365,DEMO260 US Equity,Demo 260 call 365,Call,2027-11-14,53.61363,8.0842,24.1447
DEMO_OPTION_261_-180,DEMO261 US Equity,Demo 261 call -180,Call,2029-03-19,88.899575,12.3598,49.4613
DEMO_OPTION_261_30,DEMO261 US Equity,Demo 261 call 30,Call,2029-10-15,93.5785,13.2988,13.2956
DEMO_OPTION_261_365,DEMO261 US Equity,Demo 261 call 365,Call,2030-09-15,98.25742500000001,2.7956,43.919
DEMO_OPTION_262_-180,DEMO262 US Equity,Demo 262 call -180,Call,2026-04-28,67.589175,13.4747,55.3171
DEMO_OPTION_262_30,DEMO262 US Equity,Demo 262 call 30,Call,2026-11-24,71.1465,17.5923,26.6681
DEMO_OPTION_262_365,DEMO262 US Equity,Demo 262 call 365,Call,2027-10-25,74.70382500000001,12.0721,17.0714
DEMO_OPTION_264_-180,DEMO264 US Equity,Demo 264 call -180,Call,2029-11-11,184.47612999999998,8.4472,39.7521
DEMO_OPTION_264_30,DEMO264 US Equity,Demo 264 call 30,Call,2030-06-09,194.1854,18.822,25.4791
DEMO_OPTION_264_365,DEMO264 US Equity,Demo 264 call 365,Call,2031-05-10,203.89467,8.1569,49.5831
DEMO_OPTION_266_-180,DEMO266 US Equity,Demo 266 call -180,Call,2033-04-04,133.58995000000002,15.0367,44.2707
DEMO_OPTION_266_30,DEMO266 US Equity,Demo 266 call 30,Call,2033-10-31,140.621,11.0015,42.3012
DEMO_OPTION_266_365,DEMO266 US Equity,Demo 266 call 365,Call,2034-10-01,147.65205,9.0447,28.0914
DEMO_OPTION_267_-180,DEMO267 US Equity,Demo 267 call -180,Call,2033-01-22,81.00422,5.0697,57.3834
DEMO_OPTION_267_30,DEMO267 US Equity,Demo 267 call 30,Call,2033-08-20,85.2676,10.2391,21.3272
DEMO_OPTION_267_365,DEMO267 US Equity,Demo 267 call 365,Call,2034-07-21,89.53098,3.6137,13.8583
DEMO_OPTION_269_-180,DEMO269 US Equity,Demo 269 call -180,Call,2034-07-20,36.295035,16.8673,54.1841
DEMO_OPTION_269_30,DEMO269 US Equity,Demo 269 call 30,Call,2035-02-15,38.2053,1.7172,26.8382
DEMO_OPTION_269_365,DEMO269 US Equity,Demo 269 call 365,Call,2036-01-16,40.115565000000004,15.5598,16.5525
DEMO_OPTION_271_-180,DEMO271 US Equity,Demo 271 call -180,Call,2033-05-24,46.744275,15.6509,50.4522
DEMO_OPTION_271_30,DEMO271 US Equity,Demo 271 call 30,Call,2033-12-20,49.2045,4.1452,31.8837
DEMO_OPTION_271_365,DEMO271 US Equity,Demo 271 call 365,Call,2034-11-20,51.664725000000004,8.8063,43.8181
DEMO_OPTION_273_-180,DEMO273 US Equity,Demo 273 call -180,Call,2031-01-14,94.95800999999999,15.2222,32.4464
DEMO_OPTION_273_30,DEMO273 US Equity,Demo 273 call 30,Call,2031-08-12,99.9558,11.1462,25.4734
DEMO_OPTION_273_365,DEMO273 US Equity,Demo 273 call 365,Call,2032-07-12,104.95359,16.3639,33.4508
DEMO_OPTION_274_-180,DEMO274 US Equity,Demo 274 call -180,Call,2032-11-29,161.80438,18.9955,59.222
DEMO_OPTION_274_30,DEMO274 US Equity,Demo 274 call 30,Call,2033-06-27,170.3204,9.7719,24.0886
DEMO_OPTION_274_365,DEMO274 US Equity,Demo 274 call 365,Call,2034-05-28,178.83642,8.2556,36.373
DEMO_OPTION_278_-180,DEMO278 US Equity,Demo 278 call -180,Call,2030-05-06,42.666115,13.1824,53.7058
DEMO_OPTION_278_30,DEMO278 US Equity,Demo 278 call 30,Call,2030-12-02,44.9117,11.5363,15.1295
DEMO_OPTION_278_365,DEMO278 US Equity,Demo 278 call 365,Call,2031-11-02,47.15728500000001,17.072,52.5583
DEMO_OPTION_279_-180,DEMO279 US Equity,Demo 279 call -180,Call,2031-02-14,67.745735,6.183,55.2653
DEMO_OPTION_279_30,DEMO279 US Equity,Demo 279 call 30,Call,2031-09-12,71.3113,3.7996,31.8736
DEMO_OPTION_279_365,DEMO279 US Equity,Demo 279 call 365,Call,2032-08-12,74.87686500000001,18.9819,21.1019
DEMO_OPTION_280_-180,DEMO280 US Equity,Demo 280 call -180,Call,2028-06-15,96.14285,1.5067,12.6628
DEMO_OPTION_280_30,DEMO280 US Equity,Demo 280 call 30,Call,2029-01-11,101.203,10.5381,21.7889
DEMO_OPTION_280_365,DEMO280 US Equity,Demo 280 call 365,Call,2029-12-12,106.26315000000001,19.896,28.7456
DEMO_OPTION_281_-180,DEMO281 US Equity,Demo 281 call -180,Call,2031-05-09,23.820109999999996,16.9443,42.498
DEMO_OPTION_281_30,DEMO281 US Equity,Demo 281 call 30,Call,2031-12-05,25.0738,16.0362,16.88
DEMO_OPTION_281_365,DEMO281 US Equity,Demo 281 call 365,Call,2032-11-04,26.32749,6.4507,51.4881
DEMO_OPTION_286_-180,DEMO286 US Equity,Demo 286 call -180,Call,2033-02-08,19.89794,5.8626,51.7482
DEMO_OPTION_286_30,DEMO286 US Equity,Demo 286 call 30,Call,2033-09-06,20.9452,11.4273,46.3617
DEMO_OPTION_286_365,DEMO286 US Equity,Demo 286 call 365,Call,2034-08-07,21.99246,11.0277,15.5593
DEMO_OPTION_288_-180,DEMO288 US Equity,Demo 288 call -180,Call,2030-05-15,70.49683999999999,8.9767,49.695
DEMO_OPTION_288_30,DEMO288 US Equity,Demo 288 call 30,Call,2030-12-11,74.2072,9.6852,15.5429
DEMO_OPTION_288_365,DEMO288 US Equity,Demo 288 call 365,Call,2031-11-11,77.91756000000001,18.1978,39.837
DEMO_OPTION_289_-180,DEMO289 US Equity,Demo 289 call -180,Call,2025-12-29,21.81048,5.5968,17.1788
DEMO_OPTION_289_30,DEMO289 US Equity,Demo 289 call 30,Call,2026-07-27,22.9584,9.1555,40.7405
DEMO_OPTION_289_365,DEMO289 US Equity,Demo 289 call 365,Call,2027-06-27,24.106320000000004,5.5707,30.8284
DEMO_OPTION_293_-180,DEMO293 US Equity,Demo 293 call -180,Call,2035-05-25,30.573184999999995,10.6392,59.4166
DEMO_OPTION_293_30,DEMO293 US Equity,Demo 293 call 30,Call,2035-12-21,32.1823,11.5289,29.5227
DEMO_OPTION_293_365,DEMO293 US Equity,Demo 293 call 365,Call,2036-11-20,33.791415,9.9326,41.7835
DEMO_OPTION_294_-180,DEMO294 US Equity,Demo 294 call -180,Call,2026-02-12,186.75774499999997,1.3086,49.426
DEMO_OPTION_294_30,DEMO294 US Equity,Demo 294 call 30,Call,2026-09-10,196.5871,7.5512,46.6471
DEMO_OPTION_294_365,DEMO294 US Equity,Demo 294 call 365,Call,2027-08-11,206.416455,12.9369,48.5751
DEMO_OPTION_295_-180,DEMO295 US Equity,Demo 295 call -180,Call,2026-02-16,144.71701499999998,1.8424,37.3007
DEMO_OPTION_295_30,DEMO295 US Equity,Demo 295 call 30,Call,2026-09-14,152.3337,16.4567,18.7545
DEMO_OPTION_295_365,DEMO295 US Equity,Demo 295 call 365,Call,2027-08-15,159.950385,15.8037,33.2311
DEMO_OPTION_296_-180,DEMO296 US Equity,Demo 296 call -180,Call,2033-03-11,137.91159499999998,16.4185,13.155
DEMO_OPTION_296_30,DEMO296 US Equity,Demo 296 call 30,Call,2033-10-07,145.1701,15.7476,32.884
DEMO_OPTION_296_365,DEMO296 US Equity,Demo 296 call 365,Call,2034-09-07,152.428605,6.5754,12.1903
DEMO_OPTION_300_-180,DEMO300 US Equity,Demo 300 call -180,Call,2034-02-18,107.13055,11.3176,22.6657
DEMO_OPTION_300_30,DEMO300 US Equity,Demo 300 call 30,Call,2034-09-16,112.769,15.3125,19.5552
DEMO_OPTION_300_365,DEMO300 US Equity,Demo 300 call 365,Call,2035-08-17,118.40745000000001,7.7825,49.0421
DEMO_OPTION_303_-180,DEMO303 US Equity,Demo 303 call -180,Call,2030-03-20,40.285225000000004,17.9002,47.1654
DEMO_OPTION_303_30,DEMO303 US Equity,Demo 303 call 30,Call,2030-10-16,42.4055,17.9981,29.3322
DEMO_OPTION_303_365,DEMO303 US Equity,Demo 303 call 365,Call,2031-09-16,44.525775,19.5007,34.8102
DEMO_OPTION_304_-180,DEMO304 US Equity,Demo 304 call -180,Call,2027-11-27,104.07648999999999,10.8662,50.0574
DEMO_OPTION_304_30,DEMO304 US Equity,Demo 304 call 30,Call,2028-06-24,109.5542,14.8145,13.9464
DEMO_OPTION_304_365,DEMO304 US Equity,Demo 304 call 365,Call,2029-05-25,115.03191,12.4466,51.1171
DEMO_OPTION_308_-180,DEMO308 US Equity,Demo 308 call -180,Call,2026-09-20,132.017225,12.4498,31.3058
DEMO_OPTION_308_30,DEMO308 US Equity,Demo 308 call 30,Call,2027-04-18,138.9655,14.1055,27.5773
DEMO_OPTION_308_365,DEMO308 US Equity,Demo 308 call 365,Call,2028-03-18,145.913775,1.8047,53.5019
DEMO_OPTION_310_-180,DEMO310 US Equity,Demo 310 call -180,Call,2033-03-17,189.683745,19.6205,57.3952
DEMO_OPTION_310_30,DEMO310 US Equity,Demo 310 call 30,Call,2033-10-13,199.6671,2.4258,41.8756
DEMO_OPTION_310_365,DEMO310 US Equity,Demo 310 call 365,Call,2034-09-13,209.65045500000002,7.9029,50.0548
DEMO_OPTION_311_-180,DEMO311 US Equity,Demo 311 call -180,Call,2026-05-16,135.179205,3.7128,40.3786
DEMO_OPTION_311_30,DEMO311 US Equity,Demo 311 call 30,Call,2026-12-12,142.2939,15.8449,11.7399
DEMO_OPTION_311_365,DEMO311 US Equity,Demo 311 call 365,Call,2027-11-12,149.40859500000002,2.2774,48.9258
DEMO_OPTION_314_-180,DEMO314 US Equity,Demo 314 call -180,Call,2028-03-31,115.99879999999999,13.9022,57.4412
DEMO_OPTION_314_30,DEMO314 US Equity,Demo 314 call 30,Call,2028-10-27,122.104,8.0683,48.1542
DEMO_OPTION_314_365,DEMO314 US Equity,Demo 314 call 365,Call,2029-09-27,128.2092,11.9045,36.473
DEMO_OPTION_317_-180,DEMO317 US Equity,Demo 317 call -180,Call,2033-08-14,61.68359499999999,14.9778,34.9522
DEMO_OPTION_317_30,DEMO317 US Equity,Demo 317 call 30,Call,2034-03-12,64.9301,8.3528,38.0836
DEMO_OPTION_317_365,DEMO317 US Equity,Demo 317 call 365,Call,2035-02-10,68.176605,5.9738,23.0145
DEMO_OPTION_318_-180,DEMO318 US Equity,Demo 318 call -180,Call,2034-09-11,95.31273999999999,6.426,55.8239
DEMO_OPTION_318_30,DEMO318 US Equity,Demo 318 call 30,Call,2035-04-09,100.3292,10.3328,16.1319
DEMO_OPTION_318_365,DEMO318 US Equity,Demo 318 call 365,Call,2036-03-09,105.34566000000001,17.2037,32.6021
DEMO_OPTION_319_-180,DEMO319 US Equity,Demo 319 call -180,Call,2028-06-27,172.67409,2.668,44.0965
DEMO_OPTION_319_30,DEMO319 US Equity,Demo 319 call 30,Call,2029-01-23,181.7622,17.0649,25.9794
DEMO_OPTION_319_365,DEMO319 US Equity,Demo 319 call 365,Call,2029-12-24,190.85031,7.6011,13.247
DEMO_OPTION_320_-180,DEMO320 US Equity,Demo 320 call -180,Call,2033-02-22,111.71126,17.1759,45.5905
DEMO_OPTION_320_30,DEMO320 US Equity,Demo 320 call 30,Call,2033-09-20,117.5908,18.6192,41.885
DEMO_OPTION_320_365,DEMO320 US Equity,Demo 320 call 365,Call,2034-08-21,123.47034000000001,16.0802,35.4378
DEMO_OPTION_324_-180,DEMO324 US Equity,Demo 324 call -180,Call,2032-10-11,154.15384,11.5264,28.4456
DEMO_OPTION_324_30,DEMO324 US Equity,Demo 324 call 30,Call,2033-05-09,162.2672,16.2696,37.5823
DEMO_OPTION_324_365,DEMO324 US Equity,Demo 324 call 365,Call,2034-04-09,170.38056,12.627,14.3108
DEMO_OPTION_326_-180,DEMO326 US Equity,Demo 326 call -180,Call,2034-05-10,189.93074499999997,10.9882,48.4582
DEMO_OPTION_326_30,DEMO326 US Equity,Demo 326 call 30,Call,2034-12-06,199.9271,16.6434,13.6875
DEMO_OPTION_326_365,DEMO326 US Equity,Demo 326 call 365,Call,2035-11-06,209.92345500000002,19.4752,42.1169
DEMO_OPTION_330_-180,DEMO330 US Equity,Demo 330 call -180,Call,2032-02-22,169.13116,13.1561,19.0982
DEMO_OPTION_330_30,DEMO330 US Equity,Demo 330 call 30,Call,2032-09-19,178.0328,19.359,31.6309
DEMO_OPTION_330_365,DEMO330 US Equity,Demo 330 call 365,Call,2033-08-20,186.93444000000002,18.3035,12.7706
DEMO_OPTION_333_-180,DEMO333 US Equity,Demo 333 call -180,Call,2033-01-21,47.156385,14.4773,27.3012
DEMO_OPTION_333_30,DEMO333 US Equity,Demo 333 call 30,Call,2033-08-19,49.6383,18.8772,54.7463
DEMO_OPTION_333_365,DEMO333 US Equity,Demo 333 call 365,Call,2034-07-20,52.120215,17.0727,22.5303
DEMO_OPTION_335_-180,DEMO335 US Equity,Demo 335 call -180,Call,2028-04-01,113.193925,6.7537,36.6739
DEMO_OPTION_335_30,DEMO335 US Equity,Demo 335 call 30,Call,2028-10-28,119.1515,10.5489,18.4318
DEMO_OPTION_335_365,DEMO335 US Equity,Demo 335 call 365,Call,2029-09-28,125.109075,18.8905,17.7097
DEMO_OPTION_336_-180,DEMO336 US Equity,Demo 336 call -180,Call,2035-05-18,131.643305,12.4976,52.1265
DEMO_OPTION_336_30,DEMO336 US Equity,Demo 336 call 30,Call,2035-12-14,138.5719,11.7087,51.2618
DEMO_OPTION_336_365,DEMO336 US Equity,Demo 336 call 365,Call,2036-11-13,145.500495,1.5391,12.2731
DEMO_OPTION_342_-180,DEMO342 US Equity,Demo 342 call -180,Call,2027-02-21,128.26748,12.9161,24.4836
DEMO_OPTION_342_30,DEMO342 US Equity,Demo 342 call 30,Call,2027-09-19,135.0184,19.1764,34.1472
DEMO_OPTION_342_365,DEMO342 US Equity,Demo 342 call 365,Call,2028-08-19,141.76932000000002,16.2891,44.2495
DEMO_OPTION_344_-180,DEMO344 US Equity,Demo 344 call -180,Call,2026-08-13,31.478345,9.3525,34.2126
DEMO_OPTION_344_30,DEMO344 US Equity,Demo 344 call 30,Call,2027-03-11,33.1351,4.8764,40.333
DEMO_OPTION_344_365,DEMO344 US Equity,Demo 344 call 365,Call,2028-02-09,34.791855000000005,6.9391,45.9181
DEMO_OPTION_345_-180,DEMO345 US Equity,Demo 345 call -180,Call,2029-11-09,144.5482,19.5321,16.5383
DEMO_OPTION_345_30,DEMO345 US Equity,Demo 345 call 30,Call,2030-06-07,152.156,8.0403,38.0826
DEMO_OPTION_345_365,DEMO345 US Equity,Demo 345 call 365,Call,2031-05-08,159.7638,7.0632,33.3236
DEMO_OPTION_346_-180,DEMO346 US Equity,Demo 346 call -180,Call,2032-11-19,64.737655,2.8394,24.5106
DEMO_OPTION_346_30,DEMO346 US Equity,Demo 346 call 30,Call,2033-06-17,68.1449,8.2988,40.7689
DEMO_OPTION_346_365,DEMO346 US Equity,Demo 346 call 365,Call,2034-05-18,71.55214500000001,5.7171,53.2654
DEMO_OPTION_348_-180,DEMO348 US Equity,Demo 348 call -180,Call,2028-10-12,74.99148,6.9416,48.1561
DEMO_OPTION_348_30,DEMO348 US Equity,Demo 348 call 30,Call,2029-05-10,78.9384,10.467,35.7362
DEMO_OPTION_348_365,DEMO348 US Equity,Demo 348 call 365,Call,2030-04-10,82.88532000000001,10.4764,25.427
DEMO_OPTION_350_-180,DEMO350 US Equity,Demo 350 call -180,Call,2025-08-26,180.63480499999997,19.367,20.7572
DEMO_OPTION_350_30,DEMO350 US Equity,Demo 350 call 30,Call,2026-03-24,190.1419,7.705,12.527
DEMO_OPTION_350_365,DEMO350 US Equity,Demo 350 call 365,Call,2027-02-22,199.648995,10.403,54.117
DEMO_OPTION_356_-180,DEMO356 US Equity,Demo 356 call -180,Call,2027-05-21,169.8999,15.5133,28.2969
DEMO_OPTION_356_30,DEMO356 US Equity,Demo 356 call 30,Call,2027-12-17,178.842,8.6111,38.5141
DEMO_OPTION_356_365,DEMO356 US Equity,Demo 356 call 365,Call,2028-11-16,187.78410000000002,4.6985,37.6611
DEMO_OPTION_357_-180,DEMO357 US Equity,Demo 357 call -180,Call,2032-06-14,31.573915,15.5237,23.986
DEMO_OPTION_357_30,DEMO357 US Equity,Demo 357 call 30,Call,2033-01-10,33.2357,19.7927,44.0199
DEMO_OPTION_357_365,DEMO357 US Equity,Demo 357 call 365,Call,2033-12-11,34.897485,3.2574,58.7541
DEMO_OPTION_362_-180,DEMO362 US Equity,Demo 362 call -180,Call,2032-03-06,148.09901499999998,10.6733,35.0039
DEMO_OPTION_362_30,DEMO362 US Equity,Demo 362 call 30,Call,2032-10-02,155.8937,1.8608,16.8518
DEMO_OPTION_362_365,DEMO362 US Equity,Demo 362 call 365,Call,2033-09-02,163.688385,7.3278,33.6872
DEMO_OPTION_363_-180,DEMO363 US Equity,Demo 363 call -180,Call,2027-10-27,97.145005,10.7946,26.3983
DEMO_OPTION_363_30,DEMO363 US Equity,Demo 363 call 30,Call,2028-05-24,102.2579,12.6483,18.1251
DEMO_OPTION_363_365,DEMO363 US Equity,Demo 363 call 365,Call,2029-04-24,107.37079500000002,19.8217,46.966
DEMO_OPTION_366_-180,DEMO366 US Equity,Demo 366 call -180,Call,2029-11-17,160.63749499999997,14.4661,24.9895
DEMO_OPTION_366_30,DEMO366 US Equity,Demo 366 call 30,Call,2030-06-15,169.0921,16.4992,28.4179
DEMO_OPTION_366_365,DEMO366 US Equity,Demo 366 call 365,Call,2031-05-16,177.546705,13.8023,58.9949
DEMO_OPTION_369_-180,DEMO369 US Equity,Demo 369 call -180,Call,2034-02-10,143.03048,1.5063,33.7295
DEMO_OPTION_369_30,DEMO369 US Equity,Demo 369 call 30,Call,2034-09-08,150.5584,19.3743,49.1452
DEMO_OPTION_369_365,DEMO369 US Equity,Demo 369 call 365,Call,2035-08-09,158.08632,15.7471,38.8817
DEMO_OPTION_370_-180,DEMO370 US Equity,Demo 370 call -180,Call,2027-08-09,142.3594,4.2397,41.4513
DEMO_OPTION_370_30,DEMO370 US Equity,Demo 370 call 30,Call,2028-03-06,149.852,12.775,52.0584
DEMO_OPTION_370_365,DEMO370 US Equity,Demo 370 call 365,Call,2029-02-04,157.3446,3.8077,44.0363
DEMO_OPTION_373_-180,DEMO373 US Equity,Demo 373 call -180,Call,2027-05-28,37.792139999999996,6.9602,17.5716
DEMO_OPTION_373_30,DEMO373 US Equity,Demo 373 call 30,Call,2027-12-24,39.7812,14.1195,30.5189
DEMO_OPTION_373_365,DEMO373 US Equity,Demo 373 call 365,Call,2028-11-23,41.77026,15.7245,56.026
DEMO_OPTION_374_-180,DEMO374 US Equity,Demo 374 call -180,Call,2025-10-23,168.25184,2.1833,16.9041
DEMO_OPTION_374_30,DEMO374 US Equity,Demo 374 call 30,Call,2026-05-21,177.1072,4.9395,26.2525
DEMO_OPTION_374_365,DEMO374 US Equity,Demo 374 call 365,Call,2027-04-21,185.96256000000002,13.5823,36.2739
DEMO_OPTION_375_-180,DEMO375 US Equity,Demo 375 call -180,Call,2033-09-13,72.651725,18.3304,27.1164
DEMO_OPTION_375_30,DEMO375 US Equity,Demo 375 call 30,Call,2034-04-11,76.4755,7.7315,48.5995
DEMO_OPTION_375_365,DEMO375 US Equity,Demo 375 call 365,Call,2035-03-12,80.299275,14.6976,42.1655
DEMO_OPTION_376_-180,DEMO376 US Equity,Demo 376 call -180,Call,2027-02-09,137.55658,4.653,22.326
DEMO_OPTION_376_30,DEMO376 US Equity,Demo 376 call 30,Call,2027-09-07,144.7964,11.6036,21.2434
DEMO_OPTION_376_365,DEMO376 US Equity,Demo 376 call 365,Call,2028-08-07,152.03622000000001,19.4853,24.8807
DEMO_OPTION_377_-180,DEMO377 US Equity,Demo 377 call -180,Call,2032-06-18,68.419665,14.3948,25.852
DEMO_OPTION_377_30,DEMO377 US Equity,Demo 377 call 30,Call,2033-01-14,72.0207,7.6273,56.685
DEMO_OPTION_377_365,DEMO377 US Equity,Demo 377 call 365,Call,2033-12-15,75.62173500000002,16.1127,23.6729
DEMO_OPTION_380_-180,DEMO380 US Equity,Demo 380 call -180,Call,2032-09-21,83.92774999999999,16.5492,57.7304
DEMO_OPTION_380_30,DEMO380 US Equity,Demo 380 call 30,Call,2033-04-19,88.345,16.2877,24.5226
DEMO_OPTION_380_365,DEMO380 US Equity,Demo 380 call 365,Call,2034-03-20,92.76225000000001,6.465,45.7071
DEMO_OPTION_381_-180,DEMO381 US Equity,Demo 381 call -180,Call,2027-08-06,78.22813,5.8724,33.954
DEMO_OPTION_381_30,DEMO381 US Equity,Demo 381 call 30,Call,2028-03-03,82.3454,4.8393,36.9289
DEMO_OPTION_381_365,DEMO381 US Equity,Demo 381 call 365,Call,2029-02-01,86.46267,18.7275,44.8086
DEMO_OPTION_382_-180,DEMO382 US Equity,Demo 382 call -180,Call,2026-02-27,42.473645,12.1498,22.1229
DEMO_OPTION_382_30,DEMO382 US Equity,Demo 382 call 30,Call,2026-09-25,44.7091,13.7268,36.5521
DEMO_OPTION_382_365,DEMO382 US Equity,Demo 382 call 365,Call,2027-08-26,46.944555,13.1209,12.6246
DEMO_OPTION_383_-180,DEMO383 US Equity,Demo 383 call -180,Call,2025-10-19,89.67448999999999,2.9104,48.5383
DEMO_OPTION_383_30,DEMO383 US Equity,Demo 383 call 30,Call,2026-05-17,94.3942,1.0984,37.5176
DEMO_OPTION_383_365,DEMO383 US Equity,Demo 383 call 365,Call,2027-04-17,99.11391,18.6529,30.3454
DEMO_OPTION_384_-180,DEMO384 US Equity,Demo 384 call -180,Call,2035-04-15,178.89051,10.0715,19.9728
DEMO_OPTION_384_30,DEMO384 US Equity,Demo 384 call 30,Call,2035-11-11,188.3058,19.3144,26.0584
DEMO_OPTION_384_365,DEMO384 US Equity,Demo 384 call 365,Call,2036-10-11,197.72109,13.2721,55.3968
DEMO_OPTION_387_-180,DEMO387 US Equity,Demo 387 call -180,Call,2028-10-09,110.51102999999999,18.7967,55.6615
DEMO_OPTION_387_30,DEMO387 US Equity,Demo 387 call 30,Call,2029-05-07,116.3274,4.3262,54.1122
DEMO_OPTION_387_365,DEMO387 US Equity,Demo 387 call 365,Call,2030-04-07,122.14377,4.34,55.9817
DEMO_OPTION_388_-180,DEMO388 US Equity,Demo 388 call -180,Call,2028-12-21,189.516355,10.4123,56.8304
DEMO_OPTION_388_30,DEMO388 US Equity,Demo 388 call 30,Call,2029-07-19,199.4909,19.2805,56.302
DEMO_OPTION_388_365,DEMO388 US Equity,Demo 388 call 365,Call,2030-06-19,209.46544500000002,17.6581,10.4634
DEMO_OPTION_389_-180,DEMO389 US Equity,Demo 389 call -180,Call,2032-06-26,116.121445,19.6769,24.2281
DEMO_OPTION_389_30,DEMO389 US Equity,Demo 389 call 30,Call,2033-01-22,122.2331,19.7929,37.165
DEMO_OPTION_389_365,DEMO389 US Equity,Demo 389 call 365,Call,2033-12-23,128.344755,10.3843,56.928
DEMO_OPTION_390_-180,DEMO390 US Equity,Demo 390 call -180,Call,2025-10-26,164.53125999999997,4.6634,15.6323
DEMO_OPTION_390_30,DEMO390 US Equity,Demo 390 call 30,Call,2026-05-24,173.1908,4.0874,32.9457
DEMO_OPTION_390_365,DEMO390 US Equity,Demo 390 call 365,Call,2027-04-24,181.85034000000002,5.888,19.31
DEMO_OPTION_391_-180,DEMO391 US Equity,Demo 391 call -180,Call,2035-06-16,144.96164,11.7878,47.8641
DEMO_OPTION_391_30,DEMO391 US Equity,Demo 391 call 30,Call,2036-01-12,152.5912,4.3344,52.8073
DEMO_OPTION_391_365,DEMO391 US Equity,Demo 391 call 365,Call,2036-12-12,160.22075999999998,18.0438,51.3495
DEMO_OPTION_393_-180,DEMO393 US Equity,Demo 393 call -180,Call,2035-04-10,33.83216,4.5108,17.0306
DEMO_OPTION_393_30,DEMO393 US Equity,Demo 393 call 30,Call,2035-11-06,35.6128,7.1484,22.4024
DEMO_OPTION_393_365,DEMO393 US Equity,Demo 393 call 365,Call,2036-10-06,37.39344,5.9549,21.7761
DEMO_OPTION_396_-180,DEMO396 US Equity,Demo 396 call -180,Call,2024-12-25,70.632785,1.2173,42.6842
DEMO_OPTION_396_30,DEMO396 US Equity,Demo 396 call 30,Call,2025-07-23,74.3503,14.1626,13.1062
DEMO_OPTION_396_365,DEMO396 US Equity,Demo 396 call 365,Call,2026-06-23,78.06781500000001,3.2463,25.3403
DEMO_OPTION_400_-180,DEMO400 US Equity,Demo 400 call -180,Call,2032-01-26,139.30828499999998,3.2309,55.8065
DEMO_OPTION_400_30,DEMO400 US Equity,Demo 400 call 30,Call,2032-08-23,146.6403,6.6057,40.7313
DEMO_OPTION_400_365,DEMO400 US Equity,Demo 400 call 365,Call,2033-07-24,153.972315,5.1634,16.6784
DEMO_OPTION_402_-180,DEMO402 US Equity,Demo 402 call -180,Call,2030-10-21,146.862685,8.9011,37.4617
DEMO_OPTION_402_30,DEMO402 US Equity,Demo 402 call 30,Call,2031-05-19,154.5923,9.9457,36.8759
DEMO_OPTION_402_365,DEMO402 US Equity,Demo 402 call 365,Call,2032-04-18,162.321915,13.6178,20.9206
DEMO_OPTION_403_-180,DEMO403 US Equity,Demo 403 call -180,Call,2026-11-24,61.316610000000004,17.5896,14.0935
DEMO_OPTION_403_30,DEMO403 US Equity,Demo 403 call 30,Call,2027-06-22,64.5438,9.4882,45.1883
DEMO_OPTION_403_365,DEMO403 US Equity,Demo 403 call 365,Call,2028-05-22,67.77099000000001,2.484,38.2084
DEMO_OPTION_404_-180,DEMO404 US Equity,Demo 404 call -180,Call,2030-01-15,29.560579999999998,10.6043,38.6351
DEMO_OPTION_404_30,DEMO404 US Equity,Demo 404 call 30,Call,2030-08-13,31.1164,3.8472,26.4059
DEMO_OPTION_404_365,DEMO404 US Equity,Demo 404 call 365,Call,2031-07-14,32.67222,10.8865,15.812
DEMO_OPTION_405_-180,DEMO405 US Equity,Demo 405 call -180,Call,2034-04-23,54.123684999999995,2.7279,35.5188
DEMO_OPTION_405_30,DEMO405 US Equity,Demo 405 call 30,Call,2034-11-19,56.9723,16.3651,32.6716
DEMO_OPTION_405_365,DEMO405 US Equity,Demo 405 call 365,Call,2035-10-20,59.820915,10.7517,32.8399
DEMO_OPTION_409_-180,DEMO409 US Equity,Demo 409 call -180,Call,2028-03-22,142.68088,16.5126,47.2902
DEMO_OPTION_409_30,DEMO409 US Equity,Demo 409 call 30,Call,2028-10-18,150.1904,11.9879,12.2645
DEMO_OPTION_409_365,DEMO409 US Equity,Demo 409 call 365,Call,2029-09-18,157.69992000000002,7.546,13.188
DEMO_OPTION_411_-180,DEMO411 US Equity,Demo 411 call -180,Call,2027-04-26,178.81365499999998,18.7417,11.5867
DEMO_OPTION_411_30,DEMO411 US Equity,Demo 411 call 30,Call,2027-11-22,188.2249,8.7685,48.4486
DEMO_OPTION_411_365,DEMO411 US Equity,Demo 411 call 365,Call,2028-10-22,197.636145,15.5507,58.9167
DEMO_OPTION_412_-180,DEMO412 US Equity,Demo 412 call -180,Call,2025-08-08,129.445575,19.8643,29.124
DEMO_OPTION_412_30,DEMO412 US Equity,Demo 412 call 30,Call,2026-03-06,136.2585,17.5228,55.3384
DEMO_OPTION_412_365,DEMO412 US Equity,Demo 412 call 365,Call,2027-02-04,143.071425,8.1373,44.1365
DEMO_OPTION_415_-180,DEMO415 US Equity,Demo 415 call -180,Call,2032-01-17,130.75429499999998,4.391,36.8629
DEMO_OPTION_415_30,DEMO415 US Equity,Demo 415 call 30,Call,2032-08-14,137.6361,11.048,46.3929
DEMO_OPTION_415_365,DEMO415 US Equity,Demo 415 call 365,Call,2033-07-15,144.517905,5.2311,10.1737
DEMO_OPTION_416_-180,DEMO416 US Equity,Demo 416 call -180,Call,2024-09-29,22.88778,13.7965,37.2223
DEMO_OPTION_416_30,DEMO416 US Equity,Demo 416 call 30,Call,2025-04-27,24.0924,11.1067,51.168
DEMO_OPTION_416_365,DEMO416 US Equity,Demo 416 call 365,Call,2026-03-28,25.297020000000003,5.7027,27.308
DEMO_OPTION_421_-180,DEMO421 US Equity,Demo 421 call -180,Call,2025-07-19,157.420795,15.555,54.1878
DEMO_OPTION_421_30,DEMO421 US Equity,Demo 421 call 30,Call,2026-02-14,165.7061,1.2973,20.3041
DEMO_OPTION_421_365,DEMO421 US Equity,Demo 421 call 365,Call,2027-01-15,173.991405,2.917,11.6788
DEMO_OPTION_425_-180,DEMO425 US Equity,Demo 425 call -180,Call,2033-03-05,145.63253,5.4524,20.8635
DEMO_OPTION_425_30,DEMO425 US Equity,Demo 425 call 30,Call,2033-10-01,153.2974,17.4109,12.8222
DEMO_OPTION_425_365,DEMO425 US Equity,Demo 425 call 365,Call,2034-09-01,160.96227000000002,10.574,24.4632
DEMO_OPTION_426_-180,DEMO426 US Equity,Demo 426 call -180,Call,2035-03-31,158.499425,7.0592,39.8959
DEMO_OPTION_426_30,DEMO426 US Equity,Demo 426 call 30,Call,2035-10-27,166.8415,13.7781,26.0333
DEMO_OPTION_426_365,DEMO426 US Equity,Demo 426 call 365,Call,2036-09-26,175.183575,6.7335,17.163
DEMO_OPTION_430_-180,DEMO430 US Equity,Demo 430 call -180,Call,2030-02-03,29.42378,17.7146,55.5789
DEMO_OPTION_430_30,DEMO430 US Equity,Demo 430 call 30,Call,2030-09-01,30.9724,12.8939,31.36
DEMO_OPTION_430_365,DEMO430 US Equity,Demo 430 call 365,Call,2031-08-02,32.52102,10.4168,58.6145
DEMO_OPTION_431_-180,DEMO431 US Equity,Demo 431 call -180,Call,2032-05-08,180.01131999999998,15.9303,25.9367
DEMO_OPTION_431_30,DEMO431 US Equity,Demo 431 call 30,Call,2032-12-04,189.4856,8.9102,17.4609
DEMO_OPTION_431_365,DEMO431 US Equity,Demo 431 call 365,Call,2033-11-04,198.95988000000003,8.1527,47.7208
DEMO_OPTION_433_-180,DEMO433 US Equity,Demo 433 call -180,Call,2026-01-03,164.23733000000001,14.444,50.2888
DEMO_OPTION_433_30,DEMO433 US Equity,Demo 433 call 30,Call,2026-08-01,172.8814,18.3801,38.1193
DEMO_OPTION_433_365,DEMO433 US Equity,Demo 433 call 365,Call,2027-07-02,181.52547,19.3879,37.8643
DEMO_OPTION_437_-180,DEMO437 US Equity,Demo 437 call -180,Call,2030-03-25,129.586745,17.0955,14.6232
DEMO_OPTION_437_30,DEMO437 US Equity,Demo 437 call 30,Call,2030-10-21,136.4071,14.7671,19.5241
DEMO_OPTION_437_365,DEMO437 US Equity,Demo 437 call 365,Call,2031-09-21,143.22745500000002,6.1008,43.6836
DEMO_OPTION_438_-180,DEMO438 US Equity,Demo 438 call -180,Call,2029-10-29,122.0997,4.5751,48.0848
DEMO_OPTION_438_30,DEMO438 US Equity,Demo 438 call 30,Call,2030-05-27,128.526,14.7618,37.9425
DEMO_OPTION_438_365,DEMO438 US Equity,Demo 438 call 365,Call,2031-04-27,134.9523,10.1085,53.4737
DEMO_OPTION_439_-180,DEMO439 US Equity,Demo 439 call -180,Call,2032-08-31,75.93692,1.2913,56.858
DEMO_OPTION_439_30,DEMO439 US Equity,Demo 439 call 30,Call,2033-03-29,79.9336,19.2795,15.8658
DEMO_OPTION_439_365,DEMO439 US Equity,Demo 439 call 365,Call,2034-02-27,83.93028,19.9919,33.946
DEMO_OPTION_445_-180,DEMO445 US Equity,Demo 445 call -180,Call,2032-05-18,151.612875,11.1394,27.963
DEMO_OPTION_445_30,DEMO445 US Equity,Demo 445 call 30,Call,2032-12-14,159.5925,5.9697,35.6408
DEMO_OPTION_445_365,DEMO445 US Equity,Demo 445 call 365,Call,2033-11-14,167.572125,10.4483,14.9304
DEMO_OPTION_447_-180,DEMO447 US Equity,Demo 447 call -180,Call,2024-07-23,99.28288500000001,18.3723,28.5352
DEMO_OPTION_447_30,DEMO447 US Equity,Demo 447 call 30,Call,2025-02-18,104.5083,8.8647,38.1262
DEMO_OPTION_447_365,DEMO447 US Equity,Demo 447 call 365,Call,2026-01-19,109.733715,5.2042,17.2961
DEMO_OPTION_450_-180,DEMO450 US Equity,Demo 450 call -180,Call,2035-02-20,118.03341499999999,3.8958,26.4933
DEMO_OPTION_450_30,DEMO450 US Equity,Demo 450 call 30,Call,2035-09-18,124.2457,8.217,51.6681
DEMO_OPTION_450_365,DEMO450 US Equity,Demo 450 call 365,Call,2036-08-18,130.457985,10.4867,42.7304
DEMO_OPTION_451_-180,DEMO451 US Equity,Demo 451 call -180,Call,2028-09-21,136.10878,16.6102,58.3254
DEMO_OPTION_451_30,DEMO451 US Equity,Demo 451 call 30,Call,2029-04-19,143.2724,13.1922,34.5298
DEMO_OPTION_451_365,DEMO451 US Equity,Demo 451 call 365,Call,2030-03-20,150.43602,4.1964,49.7488
DEMO_OPTION_452_-180,DEMO452 US Equity,Demo 452 call -180,Call,2031-09-28,47.94441,10.278,55.845
DEMO_OPTION_452_30,DEMO452 US Equity,Demo 452 call 30,Call,2032-04-25,50.4678,11.3006,42.0905
DEMO_OPTION_452_365,DEMO452 US Equity,Demo 452 call 365,Call,2033-03-26,52.991189999999996,2.1159,11.6912
DEMO_OPTION_454_-180,DEMO454 US Equity,Demo 454 call -180,Call,2032-06-28,180.627205,15.5224,30.6196
DEMO_OPTION_454_30,DEMO454 US Equity,Demo 454 call 30,Call,2033-01-24,190.1339,17.0083,21.5717
DEMO_OPTION_454_365,DEMO454 US Equity,Demo 454 call 365,Call,2033-12-25,199.64059500000002,14.4362,10.4571
DEMO_OPTION_457_-180,DEMO457 US Equity,Demo 457 call -180,Call,2030-03-05,124.64978499999998,12.7139,34.1602
DEMO_OPTION_457_30,DEMO457 US Equity,Demo 457 call 30,Call,2030-10-01,131.2103,10.2692,10.3306
DEMO_OPTION_457_365,DEMO457 US Equity,Demo 457 call 365,Call,2031-09-01,137.770815,11.4812,10.5925
DEMO_OPTION_459_-180,DEMO459 US Equity,Demo 459 call -180,Call,2035-05-23,65.98063499999999,1.3257,50.6579
DEMO_OPTION_459_30,DEMO459 US Equity,Demo 459 call 30,Call,2035-12-19,69.4533,13.8066,50.3084
DEMO_OPTION_459_365,DEMO459 US Equity,Demo 459 call 365,Call,2036-11-18,72.925965,18.2857,15.3508
DEMO_OPTION_460_-180,DEMO460 US Equity,Demo 460 call -180,Call,2034-12-11,35.469675,4.6467,36.3228
DEMO_OPTION_460_30,DEMO460 US Equity,Demo 460 call 30,Call,2035-07-09,37.3365,16.4891,23.3662
DEMO_OPTION_460_365,DEMO460 US Equity,Demo 460 call 365,Call,2036-06-08,39.203325,8.541,28.6526
DEMO_OPTION_461_-180,DEMO461 US Equity,Demo 461 call -180,Call,2026-02-08,88.430655,19.8144,21.2929
DEMO_OPTION_461_30,DEMO461 US Equity,Demo 461 call 30,Call,2026-09-06,93.0849,13.9968,52.3934
DEMO_OPTION_461_365,DEMO461 US Equity,Demo 461 call 365,Call,2027-08-07,97.73914500000001,13.421,52.911
DEMO_OPTION_462_-180,DEMO462 US Equity,Demo 462 call -180,Call,2026-04-27,148.889225,8.206,37.6351
DEMO_OPTION_462_30,DEMO462 US Equity,Demo 462 call 30,Call,2026-11-23,156.7255,2.0662,10.4725
DEMO_OPTION_462_365,DEMO462 US Equity,Demo 462 call 365,Call,2027-10-24,164.561775,4.2563,34.9929
DEMO_OPTION_464_-180,DEMO464 US Equity,Demo 464 call -180,Call,2026-04-21,153.128315,17.3012,14.7681
DEMO_OPTION_464_30,DEMO464 US Equity,Demo 464 call 30,Call,2026-11-17,161.1877,11.035,12.1276
DEMO_OPTION_464_365,DEMO464 US Equity,Demo 464 call 365,Call,2027-10-18,169.24708500000003,5.0169,53.4058
DEMO_OPTION_467_-180,DEMO467 US Equity,Demo 467 call -180,Call,2032-03-31,26.962139999999998,18.5861,54.9656
DEMO_OPTION_467_30,DEMO467 US Equity,Demo 467 call 30,Call,2032-10-27,28.3812,11.7067,11.6451
DEMO_OPTION_467_365,DEMO467 US Equity,Demo 467 call 365,Call,2033-09-27,29.80026,18.6466,25.7242
DEMO_OPTION_468_-180,DEMO468 US Equity,Demo 468 call -180,Call,2035-03-09,183.411275,15.2928,45.6356
DEMO_OPTION_468_30,DEMO468 US Equity,Demo 468 call 30,Call,2035-10-05,193.0645,8.5676,13.8469
DEMO_OPTION_468_365,DEMO468 US Equity,Demo 468 call 365,Call,2036-09-04,202.71772500000003,4.0866,22.0236
DEMO_OPTION_469_-180,DEMO469 US Equity,Demo 469 call -180,Call,2034-07-14,161.725245,18.034,26.5865
DEMO_OPTION_469_30,DEMO469 US Equity,Demo 469 call 30,Call,2035-02-09,170.2371,15.3566,16.9975
DEMO_OPTION_469_365,DEMO469 US Equity,Demo 469 call 365,Call,2036-01-10,178.748955,19.7811,46.2082
DEMO_OPTION_470_-180,DEMO470 US Equity,Demo 470 call -180,Call,2029-08-26,104.635565,2.0202,31.8544
DEMO_OPTION_470_30,DEMO470 US Equity,Demo 470 call 30,Call,2030-03-24,110.1427,16.9348,27.0296
DEMO_OPTION_470_365,DEMO470 US Equity,Demo 470 call 365,Call,2031-02-22,115.64983500000001,15.6111,57.7429
DEMO_OPTION_473_-180,DEMO473 US Equity,Demo 473 call -180,Call,2027-09-22,24.065969999999997,19.8591,34.5302
DEMO_OPTION_473_30,DEMO473 US Equity,Demo 473 call 30,Call,2028-04-19,25.3326,7.7604,57.0571
DEMO_OPTION_473_365,DEMO473 US Equity,Demo 473 call 365,Call,2029-03-20,26.599230000000002,9.2051,43.9847
DEMO_OPTION_475_-180,DEMO475 US Equity,Demo 475 call -180,Call,2035-02-17,33.653655,16.163,45.6554
DEMO_OPTION_475_30,DEMO475 US Equity,Demo 475 call 30,Call,2035-09-15,35.4249,2.5587,17.711
DEMO_OPTION_475_365,DEMO475 US Equity,Demo 475 call 365,Call,2036-08-15,37.196145,14.5219,41.695
DEMO_OPTION_477_-180,DEMO477 US Equity,Demo 477 call -180,Call,2032-04-22,73.151995,1.0987,25.4134
DEMO_OPTION_477_30,DEMO477 US Equity,Demo 477 call 30,Call,2032-11-18,77.0021,7.8384,23.4883
DEMO_OPTION_477_365,DEMO477 US Equity,Demo 477 call 365,Call,2033-10-19,80.852205,3.5176,19.3696
DEMO_OPTION_479_-180,DEMO479 US Equity,Demo 479 call -180,Call,2029-09-16,113.86054,1.499,27.6957
DEMO_OPTION_479_30,DEMO479 US Equity,Demo 479 call 30,Call,2030-04-14,119.8532,2.7682,39.9022
DEMO_OPTION_479_365,DEMO479 US Equity,Demo 479 call 365,Call,2031-03-15,125.84586,7.1642,29.2619
DEMO_OPTION_480_-180,DEMO480 US Equity,Demo 480 call -180,Call,2030-09-26,68.905875,2.6093,55.0568
DEMO_OPTION_480_30,DEMO480 US Equity,Demo 480 call 30,Call,2031-04-24,72.5325,18.1989,58.9087
DEMO_OPTION_480_365,DEMO480 US Equity,Demo 480 call 365,Call,2032-03-24,76.159125,11.8672,18.4791
DEMO_OPTION_481_-180,DEMO481 US Equity,Demo 481 call -180,Call,2034-02-28,84.10521,6.7215,34.6562
DEMO_OPTION_481_30,DEMO481 US Equity,Demo 481 call 30,Call,2034-09-26,88.5318,2.2021,31.7338
DEMO_OPTION_481_365,DEMO481 US Equity,Demo 481 call 365,Call,2035-08-27,92.95839000000001,9.0009,34.2116
DEMO_OPTION_483_-180,DEMO483 US Equity,Demo 483 call -180,Call,2032-02-10,62.040699999999994,12.8756,39.6903
DEMO_OPTION_483_30,DEMO483 US Equity,Demo 483 call 30,Call,2032-09-07,65.306,4.7154,15.3486
DEMO_OPTION_483_365,DEMO483 US Equity,Demo 483 call 365,Call,2033-08-08,68.5713,6.7885,57.4412
DEMO_OPTION_488_-180,DEMO488 US Equity,Demo 488 call -180,Call,2026-12-10,76.239875,17.3307,58.7113
DEMO_OPTION_488_30,DEMO488 US Equity,Demo 488 call 30,Call,2027-07-08,80.2525,3.5864,26.0333
DEMO_OPTION_488_365,DEMO488 US Equity,Demo 488 call 365,Call,2028-06-07,84.265125,18.9983,20.0426
DEMO_OPTION_489_-180,DEMO489 US Equity,Demo 489 call -180,Call,2028-07-07,72.72534999999999,19.4058,24.5724
DEMO_OPTION_489_30,DEMO489 US Equity,Demo 489 call 30,Call,2029-02-02,76.553,14.2042,34.5504
DEMO_OPTION_489_365,DEMO489 US Equity,Demo 489 call 365,Call,2030-01-03,80.38065,11.9417,22.1212
DEMO_OPTION_491_-180,DEMO491 US Equity,Demo 491 call -180,Call,2031-09-30,158.62054999999998,3.1639,38.1925
DEMO_OPTION_491_30,DEMO491 US Equity,Demo 491 call 30,Call,2032-04-27,166.969,12.2523,37.2815
DEMO_OPTION_491_365,DEMO491 US Equity,Demo 491 call 365,Call,2033-03-28,175.31745,13.9525,37.505
DEMO_OPTION_497_-180,DEMO497 US Equity,Demo 497 call -180,Call,2031-12-08,137.47487999999998,16.1175,30.4571
DEMO_OPTION_497_30,DEMO497 US Equity,Demo 497 call 30,Call,2032-07-05,144.7104,10.4868,41.6668
DEMO_OPTION_497_365,DEMO497 US Equity,Demo 497 call 365,Call,2033-06-05,151.94592,5.5984,42.9331
DEMO_OPTION_499_-180,DEMO499 US Equity,Demo 499 call -180,Call,2031-12-06,153.93211,19.8233,33.9617
DEMO_OPTION_499_30,DEMO499 US Equity,Demo 499 call 30,Call,2032-07-03,162.0338,8.6153,35.3306
DEMO_OPTION_499_365,DEMO499 US Equity,Demo 499 call 365,Call,2033-06-03,170.13549000000003,18.4875,44.5854
DEMO_OPTION_501_-180,DEMO501 US Equity,Demo 501 call -180,Call,2030-01-13,154.21331,18.0145,36.8453
DEMO_OPTION_501_30,DEMO501 US Equity,Demo 501 call 30,Call,2030-08-11,162.3298,13.1254,14.2491
DEMO_OPTION_501_365,DEMO501 US Equity,Demo 501 call 365,Call,2031-07-12,170.44629,15.6101,42.8801
DEMO_OPTION_504_-180,DEMO504 US Equity,Demo 504 call -180,Call,2024-11-28,26.57473,13.872,29.9809
DEMO_OPTION_504_30,DEMO504 US Equity,Demo 504 call 30,Call,2025-06-26,27.9734,15.301,58.2858
DEMO_OPTION_504_365,DEMO504 US Equity,Demo 504 call 365,Call,2026-05-27,29.372070000000004,9.1787,10.5274
DEMO_OPTION_506_-180,DEMO506 US Equity,Demo 506 call -180,Call,2035-05-20,106.325615,12.0298,38.7618
DEMO_OPTION_506_30,DEMO506 US Equity,Demo 506 call 30,Call,2035-12-16,111.9217,9.4698,29.5567
DEMO_OPTION_506_365,DEMO506 US Equity,Demo 506 call 365,Call,2036-11-15,117.517785,15.6745,39.4295
DEMO_OPTION_507_-180,DEMO507 US Equity,Demo 507 call -180,Call,2029-09-03,104.57960999999999,1.4667,15.2275
DEMO_OPTION_507_30,DEMO507 US Equity,Demo 507 call 30,Call,2030-04-01,110.0838,8.9035,58.0864
DEMO_OPTION_507_365,DEMO507 US Equity,Demo 507 call 365,Call,2031-03-02,115.58799,3.2053,57.0338
DEMO_OPTION_508_-180,DEMO508 US Equity,Demo 508 call -180,Call,2033-09-19,43.226425,9.6513,20.3434
DEMO_OPTION_508_30,DEMO508 US Equity,Demo 508 call 30,Call,2034-04-17,45.5015,10.1756,33.8081
DEMO_OPTION_508_365,DEMO508 US Equity,Demo 508 call 365,Call,2035-03-18,47.776575,9.3252,44.8382
DEMO_OPTION_510_-180,DEMO510 US Equity,Demo 510 call -180,Call,2033-04-26,70.345125,3.1866,52.459
DEMO_OPTION_510_30,DEMO510 US Equity,Demo 510 call 30,Call,2033-11-22,74.0475,13.3114,43.857
DEMO_OPTION_510_365,DEMO510 US Equity,Demo 510 call 365,Call,2034-10-23,77.749875,4.1227,59.195
DEMO_OPTION_512_-180,DEMO512 US Equity,Demo 512 call -180,Call,2028-09-08,48.83152,11.6371,57.9231
DEMO_OPTION_512_30,DEMO512 US Equity,Demo 512 call 30,Call,2029-04-06,51.4016,5.4053,30.2524
DEMO_OPTION_512_365,DEMO512 US Equity,Demo 512 call 365,Call,2030-03-07,53.971680000000006,4.5046,42.0239
DEMO_OPTION_514_-180,DEMO514 US Equity,Demo 514 call -180,Call,2024-08-09,23.99187,4.7492,39.6102
DEMO_OPTION_514_30,DEMO514 US Equity,Demo 514 call 30,Call,2025-03-07,25.2546,8.3879,45.2368
DEMO_OPTION_514_365,DEMO514 US Equity,Demo 514 call 365,Call,2026-02-05,26.51733,4.9099,47.6163
DEMO_OPTION_515_-180,DEMO515 US Equity,Demo 515 call -180,Call,2027-11-08,157.29283,2.9333,53.599
DEMO_OPTION_515_30,DEMO515 US Equity,Demo 515 call 30,Call,2028-06-05,165.5714,4.5522,26.2992
DEMO_OPTION_515_365,DEMO515 US Equity,Demo 515 call 365,Call,2029-05-06,173.84997,9.6935,23.1177
DEMO_OPTION_516_-180,DEMO516 US Equity,Demo 516 call -180,Call,2031-01-08,166.51086999999998,13.1431,39.8485
DEMO_OPTION_516_30,DEMO516 US Equity,Demo 516 call 30,Call,2031-08-06,175.2746,12.6149,39.3502
DEMO_OPTION_516_365,DEMO516 US Equity,Demo 516 call 365,Call,2032-07-06,184.03833,7.6106,52.2759
DEMO_OPTION_517_-180,DEMO517 US Equity,Demo 517 call -180,Call,2025-12-18,124.569035,14.4138,24.8722
DEMO_OPTION_517_30,DEMO517 US Equity,Demo 517 call 30,Call,2026-07-16,131.1253,12.6752,14.2376
DEMO_OPTION_517_365,DEMO517 US Equity,Demo 517 call 365,Call,2027-06-16,137.681565,3.545,15.8931
DEMO_OPTION_520_-180,DEMO520 US Equity,Demo 520 call -180,Call,2025-10-29,137.57766999999998,8.9465,16.8934
DEMO_OPTION_520_30,DEMO520 US Equity,Demo 520 call 30,Call,2026-05-27,144.8186,8.2905,19.2877
DEMO_OPTION_520_365,DEMO520 US Equity,Demo 520 call 365,Call,2027-04-27,152.05953000000002,13.0745,44.6716
DEMO_OPTION_525_-180,DEMO525 US Equity,Demo 525 call -180,Call,2027-02-15,42.99073,9.569,12.6806
DEMO_OPTION_525_30,DEMO525 US Equity,Demo 525 call 30,Call,2027-09-13,45.2534,7.8217,10.4792
DEMO_OPTION_525_365,DEMO525 US Equity,Demo 525 call 365,Call,2028-08-13,47.51607,3.5942,50.7608
DEMO_OPTION_529_-180,DEMO529 US Equity,Demo 529 call -180,Call,2025-02-23,136.08312999999998,16.9579,34.435
DEMO_OPTION_529_30,DEMO529 US Equity,Demo 529 call 30,Call,2025-09-21,143.2454,2.5707,11.543
DEMO_OPTION_529_365,DEMO529 US Equity,Demo 529 call 365,Call,2026-08-22,150.40767,15.4601,24.6045
DEMO_OPTION_532_-180,DEMO532 US Equity,Demo 532 call -180,Call,2030-10-14,47.76372,15.1078,48.296
DEMO_OPTION_532_30,DEMO532 US Equity,Demo 532 call 30,Call,2031-05-12,50.2776,11.4448,15.6605
DEMO_OPTION_532_365,DEMO532 US Equity,Demo 532 call 365,Call,2032-04-11,52.79148,3.1699,48.7557
DEMO_OPTION_534_-180,DEMO534 US Equity,Demo 534 call -180,Call,2034-06-24,81.733345,1.7906,45.949
DEMO_OPTION_534_30,DEMO534 US Equity,Demo 534 call 30,Call,2035-01-20,86.0351,11.3807,59.4888
DEMO_OPTION_534_365,DEMO534 US Equity,Demo 534 call 365,Call,2035-12-21,90.336855,2.9459,51.5035
DEMO_OPTION_537_-180,DEMO537 US Equity,Demo 537 call -180,Call,2029-05-22,189.88248499999997,7.623,50.8364
DEMO_OPTION_537_30,DEMO537 US Equity,Demo 537 call 30,Call,2029-12-18,199.8763,9.3423,59.6979
DEMO_OPTION_537_365,DEMO537 US Equity,Demo 537 call 365,Call,2030-11-18,209.870115,15.737,21.8473
DEMO_OPTION_538_-180,DEMO538 US Equity,Demo 538 call -180,Call,2030-05-26,157.630175,7.662,45.5377
DEMO_OPTION_538_30,DEMO538 US Equity,Demo 538 call 30,Call,2030-12-22,165.9265,13.0226,18.2991
DEMO_OPTION_538_365,DEMO538 US Equity,Demo 538 call 365,Call,2031-11-22,174.222825,3.6455,20.331
DEMO_OPTION_539_-180,DEMO539 US Equity,Demo 539 call -180,Call,2031-08-12,54.387215,7.6655,24.0543
DEMO_OPTION_539_30,DEMO539 US Equity,Demo 539 call 30,Call,2032-03-09,57.2497,11.2366,26.1827
DEMO_OPTION_539_365,DEMO539 US Equity,Demo 539 call 365,Call,2033-02-07,60.112185,14.377,24.4667
DEMO_OPTION_540_-180,DEMO540 US Equity,Demo 540 call -180,Call,2029-02-15,64.71570999999999,19.7243,43.965
DEMO_OPTION_540_30,DEMO540 US Equity,Demo 540 call 30,Call,2029-09-13,68.1218,2.8093,58.1386
DEMO_OPTION_540_365,DEMO540 US Equity,Demo 540 call 365,Call,2030-08-14,71.52789,15.9281,55.9384
DEMO_OPTION_542_-180,DEMO542 US Equity,Demo 542 call -180,Call,2029-03-17,167.26516999999998,17.4555,22.4839
DEMO_OPTION_542_30,DEMO542 US Equity,Demo 542 call 30,Call,2029-10-13,176.0686,14.5165,51.4241
DEMO_OPTION_542_365,DEMO542 US Equity,Demo 542 call 365,Call,2030-09-13,184.87203000000002,15.468,43.8117
DEMO_OPTION_543_-180,DEMO543 US Equity,Demo 543 call -180,Call,2028-11-04,102.69747,6.1056,30.7113
DEMO_OPTION_543_30,DEMO543 US Equity,Demo 543 call 30,Call,2029-06-02,108.1026,9.5878,41.6814
DEMO_OPTION_543_365,DEMO543 US Equity,Demo 543 call 365,Call,2030-05-03,113.50773,17.7224,14.6547
DEMO_OPTION_546_-180,DEMO546 US Equity,Demo 546 call -180,Call,2033-08-08,179.113475,19.0548,26.3645
DEMO_OPTION_546_30,DEMO546 US Equity,Demo 546 call 30,Call,2034-03-06,188.5405,1.047,48.7068
DEMO_OPTION_546_365,DEMO546 US Equity,Demo 546 call 365,Call,2035-02-04,197.96752500000002,14.9218,46.5466
DEMO_OPTION_549_-180,DEMO549 US Equity,Demo 549 call -180,Call,2026-08-16,80.25609499999999,11.1541,20.8915
DEMO_OPTION_549_30,DEMO549 US Equity,Demo 549 call 30,Call,2027-03-14,84.4801,9.1632,20.5926
DEMO_OPTION_549_365,DEMO549 US Equity,Demo 549 call 365,Call,2028-02-12,88.704105,6.1022,51.4172
DEMO_OPTION_551_-180,DEMO551 US Equity,Demo 551 call -180,Call,2030-09-02,117.82669499999999,10.2214,27.187
DEMO_OPTION_551_30,DEMO551 US Equity,Demo 551 call 30,Call,2031-03-31,124.0281,13.9685,12.4205
DEMO_OPTION_551_365,DEMO551 US Equity,Demo 551 call 365,Call,2032-02-29,130.229505,2.8919,49.1945
DEMO_OPTION_553_-180,DEMO553 US Equity,Demo 553 call -180,Call,2034-05-30,40.244564999999994,9.3844,10.0338
DEMO_OPTION_553_30,DEMO553 US Equity,Demo 553 call 30,Call,2034-12-26,42.3627,19.2026,20.1159
DEMO_OPTION_553_365,DEMO553 US Equity,Demo 553 call 365,Call,2035-11-26,44.480835,14.0832,16.5957
DEMO_OPTION_554_-180,DEMO554 US Equity,Demo 554 call -180,Call,2033-02-12,130.149525,18.7218,23.701
DEMO_OPTION_554_30,DEMO554 US Equity,Demo 554 call 30,Call,2033-09-10,136.9995,13.4372,22.5195
DEMO_OPTION_554_365,DEMO554 US Equity,Demo 554 call 365,Call,2034-08-11,143.849475,8.065,55.19
DEMO_OPTION_557_-180,DEMO557 US Equity,Demo 557 call -180,Call,2030-08-20,71.242115,5.4487,42.7743
DEMO_OPTION_557_30,DEMO557 US Equity,Demo 557 call 30,Call,2031-03-18,74.9917,14.3703,10.0543
DEMO_OPTION_557_365,DEMO557 US Equity,Demo 557 call 365,Call,2032-02-16,78.74128499999999,10.0593,16.635
DEMO_OPTION_558_-180,DEMO558 US Equity,Demo 558 call -180,Call,2026-09-25,57.67867999999999,1.1765,44.7799
DEMO_OPTION_558_30,DEMO558 US Equity,Demo 558 call 30,Call,2027-04-23,60.7144,16.5251,59.4077
DEMO_OPTION_558_365,DEMO558 US Equity,Demo 558 call 365,Call,2028-03-23,63.75012,9.024,16.6088
DEMO_OPTION_559_-180,DEMO559 US Equity,Demo 559 call -180,Call,2034-08-15,31.111644999999996,14.8845,15.1214
DEMO_OPTION_559_30,DEMO559 US Equity,Demo 559 call 30,Call,2035-03-13,32.7491,6.9537,54.0494
DEMO_OPTION_559_365,DEMO559 US Equity,Demo 559 call 365,Call,2036-02-11,34.386555,3.6055,48.673
DEMO_OPTION_560_-180,DEMO560 US Equity,Demo 560 call -180,Call,2032-05-13,147.78997999999999,19.8659,17.1427
DEMO_OPTION_560_30,DEMO560 US Equity,Demo 560 call 30,Call,2032-12-09,155.5684,11.0797,10.4237
DEMO_OPTION_560_365,DEMO560 US Equity,Demo 560 call 365,Call,2033-11-09,163.34682,13.3504,32.005
DEMO_OPTION_561_-180,DEMO561 US Equity,Demo 561 call -180,Call,2029-07-28,142.53591,3.8761,30.5855
DEMO_OPTION_561_30,DEMO561 US Equity,Demo 561 call 30,Call,2030-02-23,150.0378,14.0448,52.9981
DEMO_OPTION_561_365,DEMO561 US Equity,Demo 561 call 365,Call,2031-01-24,157.53969,2.6471,15.0233
DEMO_OPTION_565_-180,DEMO565 US Equity,Demo 565 call -180,Call,2029-02-15,183.71556,3.6568,23.8484
DEMO_OPTION_565_30,DEMO565 US Equity,Demo 565 call 30,Call,2029-09-13,193.3848,2.6007,37.6698
DEMO_OPTION_565_365,DEMO565 US Equity,Demo 565 call 365,Call,2030-08-14,203.05404000000001,12.4001,40.3797
DEMO_OPTION_568_-180,DEMO568 US Equity,Demo 568 call -180,Call,2034-06-18,163.98957,6.7313,35.8875
DEMO_OPTION_568_30,DEMO568 US Equity,Demo 568 call 30,Call,2035-01-14,172.6206,10.6809,47.3922
DEMO_OPTION_568_365,DEMO568 US Equity,Demo 568 call 365,Call,2035-12-15,181.25163,6.6153,12.7285
DEMO_OPTION_569_-180,DEMO569 US Equity,Demo 569 call -180,Call,2025-01-05,172.543085,10.4029,15.6372
DEMO_OPTION_569_30,DEMO569 US Equity,Demo 569 call 30,Call,2025-08-03,181.6243,10.4921,39.6965
DEMO_OPTION_569_365,DEMO569 US Equity,Demo 569 call 365,Call,2026-07-04,190.70551500000002,11.0374,58.8848
DEMO_OPTION_571_-180,DEMO571 US Equity,Demo 571 call -180,Call,2035-03-11,178.70108,17.3555,38.419
DEMO_OPTION_571_30,DEMO571 US Equity,Demo 571 call 30,Call,2035-10-07,188.1064,7.9428,44.1471
DEMO_OPTION_571_365,DEMO571 US Equity,Demo 571 call 365,Call,2036-09-06,197.51172000000003,15.4918,57.7226
DEMO_OPTION_572_-180,DEMO572 US Equity,Demo 572 call -180,Call,2033-10-09,150.73279499999998,2.2831,23.1093
DEMO_OPTION_572_30,DEMO572 US Equity,Demo 572 call 30,Call,2034-05-07,158.6661,1.7567,13.0234
DEMO_OPTION_572_365,DEMO572 US Equity,Demo 572 call 365,Call,2035-04-07,166.59940500000002,15.9965,35.3305
DEMO_OPTION_574_-180,DEMO574 US Equity,Demo 574 call -180,Call,2029-05-18,104.67936,14.3344,14.1214
DEMO_OPTION_574_30,DEMO574 US Equity,Demo 574 call 30,Call,2029-12-14,110.1888,11.1947,40.8024
DEMO_OPTION_574_365,DEMO574 US Equity,Demo 574 call 365,Call,2030-11-14,115.69824,6.2719,25.4953
DEMO_OPTION_575_-180,DEMO575 US Equity,Demo 575 call -180,Call,2031-10-20,106.43306,16.3531,36.8195
DEMO_OPTION_575_30,DEMO575 US Equity,Demo 575 call 30,Call,2032-05-17,112.0348,8.4239,41.7147
DEMO_OPTION_575_365,DEMO575 US Equity,Demo 575 call 365,Call,2033-04-17,117.63654000000001,16.856,44.0528
DEMO_OPTION_577_-180,DEMO577 US Equity,Demo 577 call -180,Call,2031-02-11,138.473615,17.0829,12.8953
DEMO_OPTION_577_30,DEMO577 US Equity,Demo 577 call 30,Call,2031-09-09,145.7617,2.638,31.7242
DEMO_OPTION_577_365,DEMO577 US Equity,Demo 577 call 365,Call,2032-08-09,153.04978499999999,9.6141,40.4416
DEMO_OPTION_578_-180,DEMO578 US Equity,Demo 578 call -180,Call,2025-12-16,71.88859,15.0725,15.9722
DEMO_OPTION_578_30,DEMO578 US Equity,Demo 578 call 30,Call,2026-07-14,75.6722,14.4501,45.075
DEMO_OPTION_578_365,DEMO578 US Equity,Demo 578 call 365,Call,2027-06-14,79.45581000000001,4.1128,57.6508
DEMO_OPTION_580_-180,DEMO580 US Equity,Demo 580 call -180,Call,2032-07-21,152.890815,4.1723,16.3465
DEMO_OPTION_580_30,DEMO580 US Equity,Demo 580 call 30,Call,2033-02-16,160.9377,15.8414,23.4382
DEMO_OPTION_580_365,DEMO580 US Equity,Demo 580 call 365,Call,2034-01-17,168.984585,17.8419,48.5715
DEMO_OPTION_589_-180,DEMO589 US Equity,Demo 589 call -180,Call,2025-07-29,80.58118499999999,11.7708,28.3844
DEMO_OPTION_589_30,DEMO589 US Equity,Demo 589 call 30,Call,2026-02-24,84.8223,5.8472,15.1452
DEMO_OPTION_589_365,DEMO589 US Equity,Demo 589 call 365,Call,2027-01-25,89.063415,11.9043,46.1389
DEMO_OPTION_590_-180,DEMO590 US Equity,Demo 590 call -180,Call,2031-03-28,58.057159999999996,1.8367,53.1464
DEMO_OPTION_590_30,DEMO590 US Equity,Demo 590 call 30,Call,2031-10-24,61.1128,5.6465,33.5882
DEMO_OPTION_590_365,DEMO590 US Equity,Demo 590 call 365,Call,2032-09-23,64.16844,8.2766,17.5042
DEMO_OPTION_591_-180,DEMO591 US Equity,Demo 591 call -180,Call,2030-09-17,178.22835999999998,11.5044,55.6974
DEMO_OPTION_591_30,DEMO591 US Equity,Demo 591 call 30,Call,2031-04-15,187.6088,15.0727,30.9685
DEMO_OPTION_591_365,DEMO591 US Equity,Demo 591 call 365,Call,2032-03-15,196.98924000000002,7.1142,30.8128
DEMO_OPTION_593_-180,DEMO593 US Equity,Demo 593 call -180,Call,2032-12-06,65.38508,8.0834,35.102
DEMO_OPTION_593_30,DEMO593 US Equity,Demo 593 call 30,Call,2033-07-04,68.8264,18.1369,18.9672
DEMO_OPTION_593_365,DEMO593 US Equity,Demo 593 call 365,Call,2034-06-04,72.26772000000001,16.2824,59.0707
DEMO_OPTION_595_-180,DEMO595 US Equity,Demo 595 call -180,Call,2032-12-05,30.786459999999995,6.3638,52.2423
DEMO_OPTION_595_30,DEMO595 US Equity,Demo 595 call 30,Call,2033-07-03,32.4068,7.2187,37.6546
DEMO_OPTION_595_365,DEMO595 US Equity,Demo 595 call 365,Call,2034-06-03,34.027139999999996,1.1514,20.0336
DEMO_OPTION_599_-180,DEMO599 US Equity,Demo 599 call -180,Call,2028-10-10,98.33145999999999,10.3739,48.6307
DEMO_OPTION_599_30,DEMO599 US Equity,Demo 599 call 30,Call,2029-05-08,103.5068,4.713,55.0222
DEMO_OPTION_599_365,DEMO599 US Equity,Demo 599 call 365,Call,2030-04-08,108.68214,15.4492,22.2563
DEMO_OPTION_600_-180,DEMO600 US Equity,Demo 600 call -180,Call,2030-11-04,20.0906,5.427,27.3212
DEMO_OPTION_600_30,DEMO600 US Equity,Demo 600 call 30,Call,2031-06-02,21.148,16.9519,53.8599
DEMO_OPTION_600_365,DEMO600 US Equity,Demo 600 call 365,Call,2032-05-02,22.2054,19.0688,10.0731
DEMO_OPTION_601_-180,DEMO601 US Equity,Demo 601 call -180,Call,2025-04-14,131.39896499999998,14.8171,15.1975
DEMO_OPTION_601_30,DEMO601 US Equity,Demo 601 call 30,Call,2025-11-10,138.3147,11.0665,21.9084
DEMO_OPTION_601_365,DEMO601 US Equity,Demo 601 call 365,Call,2026-10-11,145.230435,10.3485,12.9948
DEMO_OPTION_604_-180,DEMO604 US Equity,Demo 604 call -180,Call,2029-04-17,34.90756,18.0485,35.988
DEMO_OPTION_604_30,DEMO604 US Equity,Demo 604 call 30,Call,2029-11-13,36.7448,14.3161,28.6246
DEMO_OPTION_604_365,DEMO604 US Equity,Demo 604 call 365,Call,2030-10-14,38.58204,19.5165,14.2451
DEMO_OPTION_605_-180,DEMO605 US Equity,Demo 605 call -180,Call,2024-07-31,35.34370499999999,16.5793,13.7415
DEMO_OPTION_605_30,DEMO605 US Equity,Demo 605 call 30,Call,2025-02-26,37.2039,11.7886,31.7491
DEMO_OPTION_605_365,DEMO605 US Equity,Demo 605 call 365,Call,2026-01-27,39.064095,19.3201,21.8386
DEMO_OPTION_609_-180,DEMO609 US Equity,Demo 609 call -180,Call,2031-03-27,138.82406999999998,7.0431,23.5978
DEMO_OPTION_609_30,DEMO609 US Equity,Demo 609 call 30,Call,2031-10-23,146.1306,2.4191,20.1356
DEMO_OPTION_609_365,DEMO609 US Equity,Demo 609 call 365,Call,2032-09-22,153.43713,15.8188,39.2354
DEMO_OPTION_612_-180,DEMO612 US Equity,Demo 612 call -180,Call,2029-02-24,98.695405,11.1826,58.2317
DEMO_OPTION_612_30,DEMO612 US Equity,Demo 612 call 30,Call,2029-09-22,103.8899,4.9451,25.4154
DEMO_OPTION_612_365,DEMO612 US Equity,Demo 612 call 365,Call,2030-08-23,109.084395,6.0352,15.9957
DEMO_OPTION_616_-180,DEMO616 US Equity,Demo 616 call -180,Call,2029-07-17,138.16609999999997,16.8826,26.3897
DEMO_OPTION_616_30,DEMO616 US Equity,Demo 616 call 30,Call,2030-02-12,145.438,2.733,22.4109
DEMO_OPTION_616_365,DEMO616 US Equity,Demo 616 call 365,Call,2031-01-13,152.7099,7.7591,35.673
DEMO_OPTION_622_-180,DEMO622 US Equity,Demo 622 call -180,Call,2025-07-24,96.32638999999999,5.7472,33.1022
DEMO_OPTION_622_30,DEMO622 US Equity,Demo 622 call 30,Call,2026-02-19,101.3962,16.274,16.9897
DEMO_OPTION_622_365,DEMO622 US Equity,Demo 622 call 365,Call,2027-01-20,106.46601,1.2272,51.5186
DEMO_OPTION_625_-180,DEMO625 US Equity,Demo 625 call -180,Call,2030-12-09,159.84814,12.9757,42.2343
DEMO_OPTION_625_30,DEMO625 US Equity,Demo 625 call 30,Call,2031-07-07,168.2612,12.0642,22.941
DEMO_OPTION_625_365,DEMO625 US Equity,Demo 625 call 365,Call,2032-06-06,176.67426,16.4422,11.09
DEMO_OPTION_627_-180,DEMO627 US Equity,Demo 627 call -180,Call,2028-02-22,173.326835,3.447,55.2539
DEMO_OPTION_627_30,DEMO627 US Equity,Demo 627 call 30,Call,2028-09-19,182.4493,16.7578,26.5775
DEMO_OPTION_627_365,DEMO627 US Equity,Demo 627 call 365,Call,2029-08-20,191.571765,1.8112,33.0497
DEMO_OPTION_630_-180,DEMO630 US Equity,Demo 630 call -180,Call,2024-09-28,159.50823,1.5602,44.1606
DEMO_OPTION_630_30,DEMO630 US Equity,Demo 630 call 30,Call,2025-04-26,167.9034,4.2833,20.7358
DEMO_OPTION_630_365,DEMO630 US Equity,Demo 630 call 365,Call,2026-03-27,176.29857,4.5559,23.9927
DEMO_OPTION_631_-180,DEMO631 US Equity,Demo 631 call -180,Call,2029-12-24,170.065485,12.7644,22.2892
DEMO_OPTION_631_30,DEMO631 US Equity,Demo 631 call 30,Call,2030-07-22,179.0163,6.607,30.5996
DEMO_OPTION_631_365,DEMO631 US Equity,Demo 631 call 365,Call,2031-06-22,187.967115,11.4631,13.049
DEMO_OPTION_632_-180,DEMO632 US Equity,Demo 632 call -180,Call,2028-03-17,66.841715,4.7897,54.2326
DEMO_OPTION_632_30,DEMO632 US Equity,Demo 632 call 30,Call,2028-10-13,70.3597,10.9905,41.5377
DEMO_OPTION_632_365,DEMO632 US Equity,Demo 632 call 365,Call,2029-09-13,73.87768500000001,16.2412,49.7423
DEMO_OPTION_633_-180,DEMO633 US Equity,Demo 633 call -180,Call,2025-05-30,188.188065,7.8231,37.2259
DEMO_OPTION_633_30,DEMO633 US Equity,Demo 633 call 30,Call,2025-12-26,198.0927,10.2089,55.6339
DEMO_OPTION_633_365,DEMO633 US Equity,Demo 633 call 365,Call,2026-11-26,207.99733500000002,10.5455,29.4191
DEMO_OPTION_634_-180,DEMO634 US Equity,Demo 634 call -180,Call,2033-01-26,49.748554999999996,5.1614,54.7882
DEMO_OPTION_634_30,DEMO634 US Equity,Demo 634 call 30,Call,2033-08-24,52.3669,15.7922,12.9296
DEMO_OPTION_634_365,DEMO634 US Equity,Demo 634 call 365,Call,2034-07-25,54.985245000000006,19.8391,36.4716
DEMO_OPTION_639_-180,DEMO639 US Equity,Demo 639 call -180,Call,2034-12-11,131.32382,16.5094,55.863
DEMO_OPTION_639_30,DEMO639 US Equity,Demo 639 call 30,Call,2035-07-09,138.2356,2.0623,59.8196
DEMO_OPTION_639_365,DEMO639 US Equity,Demo 639 call 365,Call,2036-06-08,145.14738,5.1688,52.3253
DEMO_OPTION_640_-180,DEMO640 US Equity,Demo 640 call -180,Call,2028-12-28,155.35378500000002,16.9452,52.261
DEMO_OPTION_640_30,DEMO640 US Equity,Demo 640 call 30,Call,2029-07-26,163.5303,4.3459,39.626
DEMO_OPTION_640_365,DEMO640 US Equity,Demo 640 call 365,Call,2030-06-26,171.706815,16.318,44.8813
DEMO_OPTION_641_-180,DEMO641 US Equity,Demo 641 call -180,Call,2031-10-20,175.29058,14.3107,57.3779
DEMO_OPTION_641_30,DEMO641 US Equity,Demo 641 call 30,Call,2032-05-17,184.5164,11.7085,38.1554
DEMO_OPTION_641_365,DEMO641 US Equity,Demo 641 call 365,Call,2033-04-17,193.74222,4.5764,59.4003
DEMO_OPTION_644_-180,DEMO644 US Equity,Demo 644 call -180,Call,2030-10-15,71.84812,2.7149,21.6312
DEMO_OPTION_644_30,DEMO644 US Equity,Demo 644 call 30,Call,2031-05-13,75.6296,5.1574,36.3224
DEMO_OPTION_644_365,DEMO644 US Equity,Demo 644 call 365,Call,2032-04-12,79.41108,1.013,55.8948
DEMO_OPTION_647_-180,DEMO647 US Equity,Demo 647 call -180,Call,2030-10-07,141.59636,17.0414,26.1794
DEMO_OPTION_647_30,DEMO647 US Equity,Demo 647 call 30,Call,2031-05-05,149.0488,1.4163,39.3305
DEMO_OPTION_647_365,DEMO647 US Equity,Demo 647 call 365,Call,2032-04-04,156.50124,18.4273,48.7183
DEMO_OPTION_649_-180,DEMO649 US Equity,Demo 649 call -180,Call,2032-02-21,166.174475,8.0982,57.0962
DEMO_OPTION_649_30,DEMO649 US Equity,Demo 649 call 30,Call,2032-09-18,174.9205,8.5163,15.0516
DEMO_OPTION_649_365,DEMO649 US Equity,Demo 649 call 365,Call,2033-08-19,183.666525,6.7335,16.8226
DEMO_OPTION_651_-180,DEMO651 US Equity,Demo 651 call -180,Call,2029-05-22,181.22656,19.2526,42.459
DEMO_OPTION_651_30,DEMO651 US Equity,Demo 651 call 30,Call,2029-12-18,190.7648,4.3099,58.4371
DEMO_OPTION_651_365,DEMO651 US Equity,Demo 651 call 365,Call,2030-11-18,200.30304,14.1776,56.4423
DEMO_OPTION_657_-180,DEMO657 US Equity,Demo 657 call -180,Call,2031-06-13,136.733215,14.8478,57.4394
DEMO_OPTION_657_30,DEMO657 US Equity,Demo 657 call 30,Call,2032-01-09,143.9297,19.0253,29.5801
DEMO_OPTION_657_365,DEMO657 US Equity,Demo 657 call 365,Call,2032-12-09,151.126185,19.8914,58.2592
DEMO_OPTION_659_-180,DEMO659 US Equity,Demo 659 call -180,Call,2029-12-20,122.0085,19.3831,21.0448
DEMO_OPTION_659_30,DEMO659 US Equity,Demo 659 call 30,Call,2030-07-18,128.43,11.7455,56.8344
DEMO_OPTION_659_365,DEMO659 US Equity,Demo 659 call 365,Call,2031-06-18,134.85150000000002,3.6722,47.2672
DEMO_OPTION_660_-180,DEMO660 US Equity,Demo 660 call -180,Call,2034-12-03,59.697334999999995,4.1899,54.266
DEMO_OPTION_660_30,DEMO660 US Equity,Demo 660 call 30,Call,2035-07-01,62.8393,2.6858,45.4483
DEMO_OPTION_660_365,DEMO660 US Equity,Demo 660 call 365,Call,2036-05-31,65.98126500000001,13.143,54.3327
DEMO_OPTION_663_-180,DEMO663 US Equity,Demo 663 call -180,Call,2025-04-28,61.67153,5.8765,15.4017
DEMO_OPTION_663_30,DEMO663 US Equity,Demo 663 call 30,Call,2025-11-24,64.9174,1.0243,29.2969
DEMO_OPTION_663_365,DEMO663 US Equity,Demo 663 call 365,Call,2026-10-25,68.16327,14.9191,58.4551
DEMO_OPTION_666_-180,DEMO666 US Equity,Demo 666 call -180,Call,2027-02-22,83.759885,2.9271,33.9745
DEMO_OPTION_666_30,DEMO666 US Equity,Demo 666 call 30,Call,2027-09-20,88.1683,17.417,42.5485
DEMO_OPTION_666_365,DEMO666 US Equity,Demo 666 call 365,Call,2028-08-20,92.57671500000001,14.056,18.1328
DEMO_OPTION_667_-180,DEMO667 US Equity,Demo 667 call -180,Call,2028-03-07,31.604314999999996,6.6033,25.9358
DEMO_OPTION_667_30,DEMO667 US Equity,Demo 667 call 30,Call,2028-10-03,33.2677,19.0816,13.71
DEMO_OPTION_667_365,DEMO667 US Equity,Demo 667 call 365,Call,2029-09-03,34.931084999999996,4.232,28.7729
DEMO_OPTION_668_-180,DEMO668 US Equity,Demo 668 call -180,Call,2029-02-04,144.169435,18.0644,14.6552
DEMO_OPTION_668_30,DEMO668 US Equity,Demo 668 call 30,Call,2029-09-02,151.7573,12.2866,40.6822
DEMO_OPTION_668_365,DEMO668 US Equity,Demo 668 call 365,Call,2030-08-03,159.34516499999998,10.172,11.5497
DEMO_OPTION_672_-180,DEMO672 US Equity,Demo 672 call -180,Call,2030-11-26,45.864765,4.9055,19.4992
DEMO_OPTION_672_30,DEMO672 US Equity,Demo 672 call 30,Call,2031-06-24,48.2787,14.2467,46.1019
DEMO_OPTION_672_365,DEMO672 US Equity,Demo 672 call 365,Call,2032-05-24,50.692635,14.8695,23.2632
DEMO_OPTION_675_-180,DEMO675 US Equity,Demo 675 call -180,Call,2030-11-24,27.487679999999997,16.9572,17.6795
DEMO_OPTION_675_30,DEMO675 US Equity,Demo 675 call 30,Call,2031-06-22,28.9344,7.8557,31.3803
DEMO_OPTION_675_365,DEMO675 US Equity,Demo 675 call 365,Call,2032-05-22,30.381120000000003,6.5964,43.101
DEMO_OPTION_676_-180,DEMO676 US Equity,Demo 676 call -180,Call,2026-11-25,121.63686,1.489,18.5416
DEMO_OPTION_676_30,DEMO676 US Equity,Demo 676 call 30,Call,2027-06-23,128.0388,6.5444,14.0968
DEMO_OPTION_676_365,DEMO676 US Equity,Demo 676 call 365,Call,2028-05-23,134.44074,17.0316,25.4177
DEMO_OPTION_677_-180,DEMO677 US Equity,Demo 677 call -180,Call,2034-11-25,86.966895,13.5598,14.5568
DEMO_OPTION_677_30,DEMO677 US Equity,Demo 677 call 30,Call,2035-06-23,91.5441,11.3384,19.2441
DEMO_OPTION_677_365,DEMO677 US Equity,Demo 677 call 365,Call,2036-05-23,96.121305,17.8244,28.4701
DEMO_OPTION_678_-180,DEMO678 US Equity,Demo 678 call -180,Call,2025-06-09,95.227525,9.8361,21.3121
DEMO_OPTION_678_30,DEMO678 US Equity,Demo 678 call 30,Call,2026-01-05,100.2395,6.1027,13.082
DEMO_OPTION_678_365,DEMO678 US Equity,Demo 678 call 365,Call,2026-12-06,105.25147500000001,15.2925,43.3734
DEMO_OPTION_679_-180,DEMO679 US Equity,Demo 679 call -180,Call,2025-12-03,33.655935,11.2875,58.5353
DEMO_OPTION_679_30,DEMO679 US Equity,Demo 679 call 30,Call,2026-07-01,35.4273,12.2048,37.6801
DEMO_OPTION_679_365,DEMO679 US Equity,Demo 679 call 365,Call,2027-06-01,37.198665000000005,16.9751,50.9203
DEMO_OPTION_680_-180,DEMO680 US Equity,Demo 680 call -180,Call,2031-04-20,90.58611,17.471,33.7412
DEMO_OPTION_680_30,DEMO680 US Equity,Demo 680 call 30,Call,2031-11-16,95.3538,17.7514,33.8131
DEMO_OPTION_680_365,DEMO680 US Equity,Demo 680 call 365,Call,2032-10-16,100.12149000000001,2.5001,55.1389
DEMO_OPTION_686_-180,DEMO686 US Equity,Demo 686 call -180,Call,2028-10-26,125.06674,15.3866,18.6439
DEMO_OPTION_686_30,DEMO686 US Equity,Demo 686 call 30,Call,2029-05-24,131.6492,19.703,58.6082
DEMO_OPTION_686_365,DEMO686 US Equity,Demo 686 call 365,Call,2030-04-24,138.23166,16.3608,16.3093
DEMO_OPTION_689_-180,DEMO689 US Equity,Demo 689 call -180,Call,2028-07-23,93.45226,12.9173,51.7054
DEMO_OPTION_689_30,DEMO689 US Equity,Demo 689 call 30,Call,2029-02-18,98.3708,5.8998,55.5402
DEMO_OPTION_689_365,DEMO689 US Equity,Demo 689 call 365,Call,2030-01-19,103.28934000000001,18.3693,13.3506
DEMO_OPTION_690_-180,DEMO690 US Equity,Demo 690 call -180,Call,2030-07-22,85.36491,7.1964,23.81
DEMO_OPTION_690_30,DEMO690 US Equity,Demo 690 call 30,Call,2031-02-17,89.8578,9.705,53.6733
DEMO_OPTION_690_365,DEMO690 US Equity,Demo 690 call 365,Call,2032-01-18,94.35069,15.9445,41.1529
DEMO_OPTION_692_-180,DEMO692 US Equity,Demo 692 call -180,Call,2029-09-28,90.75055499999999,3.8158,39.3967
DEMO_OPTION_692_30,DEMO692 US Equity,Demo 692 call 30,Call,2030-04-26,95.5269,15.4092,56.9825
DEMO_OPTION_692_365,DEMO692 US Equity,Demo 692 call 365,Call,2031-03-27,100.303245,18.5736,38.1342
DEMO_OPTION_693_-180,DEMO693 US Equity,Demo 693 call -180,Call,2025-03-17,36.269385,11.177,27.1935
DEMO_OPTION_693_30,DEMO693 US Equity,Demo 693 call 30,Call,2025-10-13,38.1783,8.8069,29.1522
DEMO_OPTION_693_365,DEMO693 US Equity,Demo 693 call 365,Call,2026-09-13,40.087215,10.2261,40.4481
DEMO_OPTION_695_-180,DEMO695 US Equity,Demo 695 call -180,Call,2027-10-29,66.095775,12.5645,44.6831
DEMO_OPTION_695_30,DEMO695 US Equity,Demo 695 call 30,Call,2028-05-26,69.5745,1.7369,54.4787
DEMO_OPTION_695_365,DEMO695 US Equity,Demo 695 call 365,Call,2029-04-26,73.053225,7.2984,21.879
DEMO_OPTION_696_-180,DEMO696 US Equity,Demo 696 call -180,Call,2024-08-16,146.52325000000002,18.0436,11.0116
DEMO_OPTION_696_30,DEMO696 US Equity,Demo 696 call 30,Call,2025-03-14,154.235,16.5303,25.1527
DEMO_OPTION_696_365,DEMO696 US Equity,Demo 696 call 365,Call,2026-02-12,161.94675,6.3266,34.581
DEMO_OPTION_697_-180,DEMO697 US Equity,Demo 697 call -180,Call,2031-11-25,138.047255,17.5091,16.7193
DEMO_OPTION_697_30,DEMO697 US Equity,Demo 697 call 30,Call,2032-06-22,145.3129,19.5102,32.1555
DEMO_OPTION_697_365,DEMO697 US Equity,Demo 697 call 365,Call,2033-05-23,152.57854500000002,16.6906,23.471
DEMO_OPTION_700_-180,DEMO700 US Equity,Demo 700 call -180,Call,2031-03-31,51.13698,16.6554,47.0472
DEMO_OPTION_700_30,DEMO700 US Equity,Demo 700 call 30,Call,2031-10-27,53.8284,15.4304,53.3594
DEMO_OPTION_700_365,DEMO700 US Equity,Demo 700 call 365,Call,2032-09-26,56.51982,16.5993,35.7635
DEMO_OPTION_701_-180,DEMO701 US Equity,Demo 701 call -180,Call,2025-03-19,46.18425,10.6291,16.7825
DEMO_OPTION_701_30,DEMO701 US Equity,Demo 701 call 30,Call,2025-10-15,48.615,17.1746,53.9666
DEMO_OPTION_701_365,DEMO701 US Equity,Demo 701 call 365,Call,2026-09-15,51.045750000000005,1.55,19.6382
DEMO_OPTION_703_-180,DEMO703 US Equity,Demo 703 call -180,Call,2027-04-19,162.12301,9.6725,55.9016
DEMO_OPTION_703_30,DEMO703 US Equity,Demo 703 call 30,Call,2027-11-15,170.6558,14.388,23.6989
DEMO_OPTION_703_365,DEMO703 US Equity,Demo 703 call 365,Call,2028-10-15,179.18859,16.6466,35.2563
DEMO_OPTION_704_-180,DEMO704 US Equity,Demo 704 call -180,Call,2027-04-21,127.65510999999998,1.5807,28.6233
DEMO_OPTION_704_30,DEMO704 US Equity,Demo 704 call 30,Call,2027-11-17,134.3738,12.2868,18.8792
DEMO_OPTION_704_365,DEMO704 US Equity,Demo 704 call 365,Call,2028-10-17,141.09249,17.5391,39.344
DEMO_OPTION_706_-180,DEMO706 US Equity,Demo 706 call -180,Call,2030-04-25,46.960874999999994,15.2303,44.4425
DEMO_OPTION_706_30,DEMO706 US Equity,Demo 706 call 30,Call,2030-11-21,49.4325,6.4163,29.3283
DEMO_OPTION_706_365,DEMO706 US Equity,Demo 706 call 365,Call,2031-10-22,51.904125,4.0952,38.6129
DEMO_OPTION_707_-180,DEMO707 US Equity,Demo 707 call -180,Call,2025-12-23,184.00093999999999,13.3002,43.8848
DEMO_OPTION_707_30,DEMO707 US Equity,Demo 707 call 30,Call,2026-07-21,193.6852,6.1126,30.4754
DEMO_OPTION_707_365,DEMO707 US Equity,Demo 707 call 365,Call,2027-06-21,203.36946000000003,1.381,49.0152
DEMO_OPTION_708_-180,DEMO708 US Equity,Demo 708 call -180,Call,2025-09-18,150.254945,18.3188,42.3686
DEMO_OPTION_708_30,DEMO708 US Equity,Demo 708 call 30,Call,2026-04-16,158.1631,12.4217,10.4232
DEMO_OPTION_708_365,DEMO708 US Equity,Demo 708 call 365,Call,2027-03-17,166.07125499999998,5.7954,50.2543
DEMO_OPTION_710_-180,DEMO710 US Equity,Demo 710 call -180,Call,2034-09-06,184.36118,9.0523,28.8238
DEMO_OPTION_710_30,DEMO710 US Equity,Demo 710 call 30,Call,2035-04-04,194.0644,7.6255,22.5999
DEMO_OPTION_710_365,DEMO710 US Equity,Demo 710 call 365,Call,2036-03-04,203.76762000000002,9.8673,43.8598
DEMO_OPTION_711_-180,DEMO711 US Equity,Demo 711 call -180,Call,2032-03-14,159.95710499999998,2.9439,35.5757
DEMO_OPTION_711_30,DEMO711 US Equity,Demo 711 call 30,Call,2032-10-10,168.3759,13.5848,52.1642
DEMO_OPTION_711_365,DEMO711 US Equity,Demo 711 call 365,Call,2033-09-10,176.79469500000002,8.1104,42.3671
DEMO_OPTION_712_-180,DEMO712 US Equity,Demo 712 call -180,Call,2034-08-07,123.14754999999998,3.054,13.1919
DEMO_OPTION_712_30,DEMO712 US Equity,Demo 712 call 30,Call,2035-03-05,129.629,19.7789,42.0297
DEMO_OPTION_712_365,DEMO712 US Equity,Demo 712 call 365,Call,2036-02-03,136.11045,17.3683,23.0573
DEMO_OPTION_714_-180,DEMO714 US Equity,Demo 714 call -180,Call,2035-03-26,171.595935,3.8487,48.2737
DEMO_OPTION_714_30,DEMO714 US Equity,Demo 714 call 30,Call,2035-10-22,180.6273,18.0941,50.2715
DEMO_OPTION_714_365,DEMO714 US Equity,Demo 714 call 365,Call,2036-09-21,189.65866499999998,16.2449,40.0017
DEMO_OPTION_716_-180,DEMO716 US Equity,Demo 716 call -180,Call,2029-02-11,135.4092,13.4526,59.8735
DEMO_OPTION_716_30,DEMO716 US Equity,Demo 716 call 30,Call,2029-09-09,142.536,5.9291,30.9283
DEMO_OPTION_716_365,DEMO716 US Equity,Demo 716 call 365,Call,2030-08-10,149.6628,8.3772,11.766
DEMO_OPTION_717_-180,DEMO717 US Equity,Demo 717 call -180,Call,2029-07-24,140.07978,4.6084,46.3275
DEMO_OPTION_717_30,DEMO717 US Equity,Demo 717 call 30,Call,2030-02-19,147.4524,5.2249,36.7318
DEMO_OPTION_717_365,DEMO717 US Equity,Demo 717 call 365,Call,2031-01-20,154.82502000000002,15.913,55.3263
DEMO_OPTION_718_-180,DEMO718 US Equity,Demo 718 call -180,Call,2030-08-20,133.88948499999998,17.063,52.0319
DEMO_OPTION_718_30,DEMO718 US Equity,Demo 718 call 30,Call,2031-03-18,140.9363,17.6534,19.0568
DEMO_OPTION_718_365,DEMO718 US Equity,Demo 718 call 365,Call,2032-02-16,147.983115,2.8545,16.3972
DEMO_OPTION_720_-180,DEMO720 US Equity,Demo 720 call -180,Call,2027-11-04,157.22680499999998,4.4783,43.9856
DEMO_OPTION_720_30,DEMO720 US Equity,Demo 720 call 30,Call,2028-06-01,165.5019,7.377,14.465
DEMO_OPTION_720_365,DEMO720 US Equity,Demo 720 call 365,Call,2029-05-02,173.77699500000003,7.7504,47.2105
DEMO_OPTION_724_-180,DEMO724 US Equity,Demo 724 call -180,Call,2029-06-11,63.555665,17.1731,33.5268
DEMO_OPTION_724_30,DEMO724 US Equity,Demo 724 call 30,Call,2030-01-07,66.9007,17.4615,39.1787
DEMO_OPTION_724_365,DEMO724 US Equity,Demo 724 call 365,Call,2030-12-08,70.24573500000001,18.9417,13.5608
DEMO_OPTION_725_-180,DEMO725 US Equity,Demo 725 call -180,Call,2027-09-16,171.09186499999998,17.4825,29.0835
DEMO_OPTION_725_30,DEMO725 US Equity,Demo 725 call 30,Call,2028-04-13,180.0967,6.6688,12.7031
DEMO_OPTION_725_365,DEMO725 US Equity,Demo 725 call 365,Call,2029-03-14,189.101535,17.2306,16.8683
DEMO_OPTION_726_-180,DEMO726 US Equity,Demo 726 call -180,Call,2034-07-14,53.25073,11.8187,55.331
DEMO_OPTION_726_30,DEMO726 US Equity,Demo 726 call 30,Call,2035-02-09,56.0534,9.6939,25.8192
DEMO_OPTION_726_365,DEMO726 US Equity,Demo 726 call 365,Call,2036-01-10,58.85607000000001,14.5977,48.9471
DEMO_OPTION_727_-180,DEMO727 US Equity,Demo 727 call -180,Call,2027-11-18,102.37637,4.3597,41.7249
DEMO_OPTION_727_30,DEMO727 US Equity,Demo 727 call 30,Call,2028-06-15,107.7646,1.0896,23.6764
DEMO_OPTION_727_365,DEMO727 US Equity,Demo 727 call 365,Call,2029-05-16,113.15283000000001,15.4627,18.4303
DEMO_OPTION_731_-180,DEMO731 US Equity,Demo 731 call -180,Call,2030-02-22,34.05503,13.0363,30.1697
DEMO_OPTION_731_30,DEMO731 US Equity,Demo 731 call 30,Call,2030-09-20,35.8474,19.3412,29.1658
DEMO_OPTION_731_365,DEMO731 US Equity,Demo 731 call 365,Call,2031-08-21,37.63977,1.7168,19.9707
DEMO_OPTION_735_-180,DEMO735 US Equity,Demo 735 call -180,Call,2026-11-29,161.48214,13.8582,41.3343
DEMO_OPTION_735_30,DEMO735 US Equity,Demo 735 call 30,Call,2027-06-27,169.9812,5.7276,44.6762
DEMO_OPTION_735_365,DEMO735 US Equity,Demo 735 call 365,Call,2028-05-27,178.48026000000002,7.5426,16.4465
DEMO_OPTION_737_-180,DEMO737 US Equity,Demo 737 call -180,Call,2028-07-22,119.662665,16.653,24.9101
DEMO_OPTION_737_30,DEMO737 US Equity,Demo 737 call 30,Call,2029-02-17,125.9607,6.5257,46.3916
DEMO_OPTION_737_365,DEMO737 US Equity,Demo 737 call 365,Call,2030-01-18,132.258735,12.331,26.8918
DEMO_OPTION_738_-180,DEMO738 US Equity,Demo 738 call -180,Call,2027-02-09,170.84353499999997,7.5119,55.0692
DEMO_OPTION_738_30,DEMO738 US Equity,Demo 738 call 30,Call,2027-09-07,179.8353,7.8258,19.4213
DEMO_OPTION_738_365,DEMO738 US Equity,Demo 738 call 365,Call,2028-08-07,188.827065,19.0136,55.9103
DEMO_OPTION_739_-180,DEMO739 US Equity,Demo 739 call -180,Call,2034-11-02,87.979975,14.8162,16.5603
DEMO_OPTION_739_30,DEMO739 US Equity,Demo 739 call 30,Call,2035-05-31,92.6105,14.9475,39.4846
DEMO_OPTION_739_365,DEMO739 US Equity,Demo 739 call 365,Call,2036-04-30,97.24102500000001,4.2107,28.3296
DEMO_OPTION_740_-180,DEMO740 US Equity,Demo 740 call -180,Call,2026-06-20,130.24243499999997,17.6543,22.7895
DEMO_OPTION_740_30,DEMO740 US Equity,Demo 740 call 30,Call,2027-01-16,137.0973,11.1599,12.4293
DEMO_OPTION_740_365,DEMO740 US Equity,Demo 740 call 365,Call,2027-12-17,143.952165,19.8989,43.0985
DEMO_OPTION_741_-180,DEMO741 US Equity,Demo 741 call -180,Call,2026-10-27,130.76009,14.1052,30.8388
DEMO_OPTION_741_30,DEMO741 US Equity,Demo 741 call 30,Call,2027-05-25,137.6422,8.2248,37.3641
DEMO_OPTION_741_365,DEMO741 US Equity,Demo 741 call 365,Call,2028-04-24,144.52431,10.0135,17.6564
DEMO_OPTION_742_-180,DEMO742 US Equity,Demo 742 call -180,Call,2027-09-18,137.87787,6.7212,43.0832
DEMO_OPTION_742_30,DEMO742 US Equity,Demo 742 call 30,Call,2028-04-15,145.1346,13.5872,23.4989
DEMO_OPTION_742_365,DEMO742 US Equity,Demo 742 call 365,Call,2029-03-16,152.39133,12.5071,16.8582
DEMO_OPTION_747_-180,DEMO747 US Equity,Demo 747 call -180,Call,2029-09-14,38.496185,4.7743,19.9875
DEMO_OPTION_747_30,DEMO747 US Equity,Demo 747 call 30,Call,2030-04-12,40.5223,5.9969,36.1573
DEMO_OPTION_747_365,DEMO747 US Equity,Demo 747 call 365,Call,2031-03-13,42.548415000000006,4.8318,45.1718
DEMO_OPTION_750_-180,DEMO750 US Equity,Demo 750 call -180,Call,2025-10-14,103.87661,18.7294,26.5302
DEMO_OPTION_750_30,DEMO750 US Equity,Demo 750 call 30,Call,2026-05-12,109.3438,1.052,43.5817
DEMO_OPTION_750_365,DEMO750 US Equity,Demo 750 call 365,Call,2027-04-12,114.81099,18.2307,51.7616
DEMO_OPTION_751_-180,DEMO751 US Equity,Demo 751 call -180,Call,2029-02-06,133.402705,2.7116,35.5853
DEMO_OPTION_751_30,DEMO751 US Equity,Demo 751 call 30,Call,2029-09-04,140.4239,14.7477,15.0645
DEMO_OPTION_751_365,DEMO751 US Equity,Demo 751 call 365,Call,2030-08-05,147.445095,5.8619,21.558
DEMO_OPTION_752_-180,DEMO752 US Equity,Demo 752 call -180,Call,2029-07-27,188.061905,9.8213,14.9904
DEMO_OPTION_752_30,DEMO752 US Equity,Demo 752 call 30,Call,2030-02-22,197.9599,4.3193,11.9722
DEMO_OPTION_752_365,DEMO752 US Equity,Demo 752 call 365,Call,2031-01-23,207.857895,6.5208,50.0798
DEMO_OPTION_755_-180,DEMO755 US Equity,Demo 755 call -180,Call,2033-06-30,35.244715,1.8719,52.5999
DEMO_OPTION_755_30,DEMO755 US Equity,Demo 755 call 30,Call,2034-01-26,37.0997,13.6037,18.5256
DEMO_OPTION_755_365,DEMO755 US Equity,Demo 755 call 365,Call,2034-12-27,38.954685,7.793,31.8857
DEMO_OPTION_757_-180,DEMO757 US Equity,Demo 757 call -180,Call,2030-09-03,169.21931999999998,16.4843,19.1435
DEMO_OPTION_757_30,DEMO757 US Equity,Demo 757 call 30,Call,2031-04-01,178.1256,8.6148,58.1155
DEMO_OPTION_757_365,DEMO757 US Equity,Demo 757 call 365,Call,2032-03-01,187.03188,6.1648,29.2858
DEMO_OPTION_759_-180,DEMO759 US Equity,Demo 759 call -180,Call,2034-02-03,155.78270999999998,16.1413,15.6528
DEMO_OPTION_759_30,DEMO759 US Equity,Demo 759 call 30,Call,2034-09-01,163.9818,14.2272,12.9323
DEMO_OPTION_759_365,DEMO759 US Equity,Demo 759 call 365,Call,2035-08-02,172.18089,18.9069,17.9698
DEMO_OPTION_761_-180,DEMO761 US Equity,Demo 761 call -180,Call,2028-09-06,120.018345,13.8895,19.063
DEMO_OPTION_761_30,DEMO761 US Equity,Demo 761 call 30,Call,2029-04-04,126.3351,8.2153,27.9299
DEMO_OPTION_761_365,DEMO761 US Equity,Demo 761 call 365,Call,2030-03-05,132.651855,1.5475,44.2232
DEMO_OPTION_762_-180,DEMO762 US Equity,Demo 762 call -180,Call,2031-09-13,162.38977,3.4825,56.0199
DEMO_OPTION_762_30,DEMO762 US Equity,Demo 762 call 30,Call,2032-04-10,170.9366,3.1458,30.5642
DEMO_OPTION_762_365,DEMO762 US Equity,Demo 762 call 365,Call,2033-03-11,179.48343,1.8735,23.0806
DEMO_OPTION_763_-180,DEMO763 US Equity,Demo 763 call -180,Call,2024-09-26,72.73465999999999,13.8806,48.3764
DEMO_OPTION_763_30,DEMO763 US Equity,Demo 763 call 30,Call,2025-04-24,76.5628,11.9563,38.2506
DEMO_OPTION_763_365,DEMO763 US Equity,Demo 763 call 365,Call,2026-03-25,80.39094,19.58,43.4922
DEMO_OPTION_766_-180,DEMO766 US Equity,Demo 766 call -180,Call,2029-08-26,138.79917999999998,13.5726,22.4288
DEMO_OPTION_766_30,DEMO766 US Equity,Demo 766 call 30,Call,2030-03-24,146.1044,7.5692,43.8148
DEMO_OPTION_766_365,DEMO766 US Equity,Demo 766 call 365,Call,2031-02-22,153.40962000000002,8.3127,51.9517
DEMO_OPTION_767_-180,DEMO767 US Equity,Demo 767 call -180,Call,2025-11-14,114.47689999999999,2.0368,42.1699
DEMO_OPTION_767_30,DEMO767 US Equity,Demo 767 call 30,Call,2026-06-12,120.502,3.9816,52.4423
DEMO_OPTION_767_365,DEMO767 US Equity,Demo 767 call 365,Call,2027-05-13,126.5271,17.1856,53.4708
DEMO_OPTION_769_-180,DEMO769 US Equity,Demo 769 call -180,Call,2028-06-27,103.07177,19.4328,12.5175
DEMO_OPTION_769_30,DEMO769 US Equity,Demo 769 call 30,Call,2029-01-23,108.4966,5.2314,42.1659
DEMO_OPTION_769_365,DEMO769 US Equity,Demo 769 call 365,Call,2029-12-24,113.92143,8.6623,21.75
DEMO_OPTION_770_-180,DEMO770 US Equity,Demo 770 call -180,Call,2024-12-28,97.50515,9.5139,52.8295
DEMO_OPTION_770_30,DEMO770 US Equity,Demo 770 call 30,Call,2025-07-26,102.637,9.4943,15.9353
DEMO_OPTION_770_365,DEMO770 US Equity,Demo 770 call 365,Call,2026-06-26,107.76885,10.4501,42.6687
DEMO_OPTION_772_-180,DEMO772 US Equity,Demo 772 call -180,Call,2029-11-07,89.509855,1.0032,14.5448
DEMO_OPTION_772_30,DEMO772 US Equity,Demo 772 call 30,Call,2030-06-05,94.2209,12.4799,40.9533
DEMO_OPTION_772_365,DEMO772 US Equity,Demo 772 call 365,Call,2031-05-06,98.931945,6.7874,35.4169
DEMO_OPTION_775_-180,DEMO775 US Equity,Demo 775 call -180,Call,2028-06-10,181.51070499999997,2.0312,21.1459
DEMO_OPTION_775_30,DEMO775 US Equity,Demo 775 call 30,Call,2029-01-06,191.0639,9.6347,38.0075
DEMO_OPTION_775_365,DEMO775 US Equity,Demo 775 call 365,Call,2029-12-07,200.617095,12.7754,33.6567
DEMO_OPTION_776_-180,DEMO776 US Equity,Demo 776 call -180,Call,2029-03-31,131.37559499999998,3.1664,47.966
DEMO_OPTION_776_30,DEMO776 US Equity,Demo 776 call 30,Call,2029-10-27,138.2901,5.2132,27.0679
DEMO_OPTION_776_365,DEMO776 US Equity,Demo 776 call 365,Call,2030-09-27,145.20460500000002,16.7678,58.2217
DEMO_OPTION_779_-180,DEMO779 US Equity,Demo 779 call -180,Call,2035-02-18,139.05843499999997,4.119,17.0225
DEMO_OPTION_779_30,DEMO779 US Equity,Demo 779 call 30,Call,2035-09-16,146.3773,14.6203,46.078
DEMO_OPTION_779_365,DEMO779 US Equity,Demo 779 call 365,Call,2036-08-16,153.696165,3.0323,40.5426
DEMO_OPTION_780_-180,DEMO780 US Equity,Demo 780 call -180,Call,2032-01-29,51.06991,8.465,32.8523
DEMO_OPTION_780_30,DEMO780 US Equity,Demo 780 call 30,Call,2032-08-26,53.7578,15.847,45.8394
DEMO_OPTION_780_365,DEMO780 US Equity,Demo 780 call 365,Call,2033-07-27,56.445690000000006,3.0475,30.7235
DEMO_OPTION_785_-180,DEMO785 US Equity,Demo 785 call -180,Call,2025-05-29,96.03626,19.1676,16.7318
DEMO_OPTION_785_30,DEMO785 US Equity,Demo 785 call 30,Call,2025-12-25,101.0908,10.4777,36.5182
DEMO_OPTION_785_365,DEMO785 US Equity,Demo 785 call 365,Call,2026-11-25,106.14534,1.9229,56.7654
DEMO_OPTION_786_-180,DEMO786 US Equity,Demo 786 call -180,Call,2026-10-23,162.43755499999997,10.6583,56.0581
DEMO_OPTION_786_30,DEMO786 US Equity,Demo 786 call 30,Call,2027-05-21,170.9869,4.3668,38.9277
DEMO_OPTION_786_365,DEMO786 US Equity,Demo 786 call 365,Call,2028-04-20,179.536245,14.8794,16.4191
DEMO_OPTION_787_-180,DEMO787 US Equity,Demo 787 call -180,Call,2035-05-01,85.24635,17.7712,35.2055
DEMO_OPTION_787_30,DEMO787 US Equity,Demo 787 call 30,Call,2035-11-27,89.733,8.3086,58.975
DEMO_OPTION_787_365,DEMO787 US Equity,Demo 787 call 365,Call,2036-10-27,94.21965,18.4023,48.1187
DEMO_OPTION_788_-180,DEMO788 US Equity,Demo 788 call -180,Call,2030-08-20,65.78493499999999,19.4393,32.6423
DEMO_OPTION_788_30,DEMO788 US Equity,Demo 788 call 30,Call,2031-03-18,69.2473,3.5341,30.6373
DEMO_OPTION_788_365,DEMO788 US Equity,Demo 788 call 365,Call,2032-02-16,72.709665,14.3003,47.4213
DEMO_OPTION_791_-180,DEMO791 US Equity,Demo 791 call -180,Call,2025-10-03,166.18103,18.7747,41.6292
DEMO_OPTION_791_30,DEMO791 US Equity,Demo 791 call 30,Call,2026-05-01,174.9274,4.8169,41.2084
DEMO_OPTION_791_365,DEMO791 US Equity,Demo 791 call 365,Call,2027-04-01,183.67377000000002,6.521,27.2647
DEMO_OPTION_795_-180,DEMO795 US Equity,Demo 795 call -180,Call,2034-01-11,182.87385999999998,14.1919,26.1191
DEMO_OPTION_795_30,DEMO795 US Equity,Demo 795 call 30,Call,2034-08-09,192.4988,3.1927,27.6119
DEMO_OPTION_795_365,DEMO795 US Equity,Demo 795 call 365,Call,2035-07-10,202.12374,10.127,38.5319
DEMO_OPTION_797_-180,DEMO797 US Equity,Demo 797 call -180,Call,2032-08-17,90.3887,16.9864,24.2964
DEMO_OPTION_797_30,DEMO797 US Equity,Demo 797 call 30,Call,2033-03-15,95.146,17.0987,50.4152
DEMO_OPTION_797_365,DEMO797 US Equity,Demo 797 call 365,Call,2034-02-13,99.9033,10.9319,11.2636
DEMO_OPTION_798_-180,DEMO798 US Equity,Demo 798 call -180,Call,2027-10-05,43.85086,4.7981,47.5093
DEMO_OPTION_798_30,DEMO798 US Equity,Demo 798 call 30,Call,2028-05-02,46.1588,4.0578,24.3308
DEMO_OPTION_798_365,DEMO798 US Equity,Demo 798 call 365,Call,2029-04-02,48.46674,5.7607,51.9691
DEMO_OPTION_800_-180,DEMO800 US Equity,Demo 800 call -180,Call,2031-06-13,69.46903499999999,1.6138,50.7013
DEMO_OPTION_800_30,DEMO800 US Equity,Demo 800 call 30,Call,2032-01-09,73.1253,2.9471,53.4018
DEMO_OPTION_800_365,DEMO800 US Equity,Demo 800 call 365,Call,2032-12-09,76.781565,15.0504,53.2421
DEMO_OPTION_801_-180,DEMO801 US Equity,Demo 801 call -180,Call,2034-08-31,145.952585,5.5143,49.2154
DEMO_OPTION_801_30,DEMO801 US Equity,Demo 801 call 30,Call,2035-03-29,153.6343,16.1776,24.3819
DEMO_OPTION_801_365,DEMO801 US Equity,Demo 801 call 365,Call,2036-02-27,161.316015,13.6254,56.3242
DEMO_OPTION_804_-180,DEMO804 US Equity,Demo 804 call -180,Call,2034-02-23,185.865695,11.4904,10.6483
DEMO_OPTION_804_30,DEMO804 US Equity,Demo 804 call 30,Call,2034-09-21,195.6481,5.7755,41.0281
DEMO_OPTION_804_365,DEMO804 US Equity,Demo 804 call 365,Call,2035-08-22,205.430505,15.8376,53.5059
DEMO_OPTION_806_-180,DEMO806 US Equity,Demo 806 call -180,Call,2028-02-06,174.864125,13.305,47.7554
DEMO_OPTION_806_30,DEMO806 US Equity,Demo 806 call 30,Call,2028-09-03,184.0675,11.3857,40.1693
DEMO_OPTION_806_365,DEMO806 US Equity,Demo 806 call 365,Call,2029-08-04,193.270875,15.7468,58.2145
DEMO_OPTION_808_-180,DEMO808 US Equity,Demo 808 call -180,Call,2034-05-08,49.339864999999996,4.5526,18.6898
DEMO_OPTION_808_30,DEMO808 US Equity,Demo 808 call 30,Call,2034-12-04,51.9367,10.7631,28.8599
DEMO_OPTION_808_365,DEMO808 US Equity,Demo 808 call 365,Call,2035-11-04,54.53353500000001,9.1416,37.8299
DEMO_OPTION_809_-180,DEMO809 US Equity,Demo 809 call -180,Call,2029-11-05,41.2414,5.8453,26.5281
DEMO_OPTION_809_30,DEMO809 US Equity,Demo 809 call 30,Call,2030-06-03,43.412,14.4841,17.7403
DEMO_OPTION_809_365,DEMO809 US Equity,Demo 809 call 365,Call,2031-05-04,45.5826,3.9204,26.1315
DEMO_OPTION_810_-180,DEMO810 US Equity,Demo 810 call -180,Call,2030-10-12,27.696299999999997,12.6966,43.0945
DEMO_OPTION_810_30,DEMO810 US Equity,Demo 810 call 30,Call,2031-05-10,29.154,10.3205,38.6338
DEMO_OPTION_810_365,DEMO810 US Equity,Demo 810 call 365,Call,2032-04-09,30.611700000000003,7.8036,49.2016
DEMO_OPTION_811_-180,DEMO811 US Equity,Demo 811 call -180,Call,2025-07-06,73.35387,4.4935,13.4088
DEMO_OPTION_811_30,DEMO811 US Equity,Demo 811 call 30,Call,2026-02-01,77.2146,10.5977,30.7966
DEMO_OPTION_811_365,DEMO811 US Equity,Demo 811 call 365,Call,2027-01-02,81.07533000000001,11.2037,14.5973
DEMO_OPTION_812_-180,DEMO812 US Equity,Demo 812 call -180,Call,2031-10-09,56.824915,7.3058,28.0399
DEMO_OPTION_812_30,DEMO812 US Equity,Demo 812 call 30,Call,2032-05-06,59.8157,5.1505,47.6328
DEMO_OPTION_812_365,DEMO812 US Equity,Demo 812 call 365,Call,2033-04-06,62.806485,11.0795,59.8316
DEMO_OPTION_814_-180,DEMO814 US Equity,Demo 814 call -180,Call,2025-09-23,186.7738,13.7098,32.2834
DEMO_OPTION_814_30,DEMO814 US Equity,Demo 814 call 30,Call,2026-04-21,196.604,18.1854,40.6851
DEMO_OPTION_814_365,DEMO814 US Equity,Demo 814 call 365,Call,2027-03-22,206.43420000000003,12.8015,57.9448
DEMO_OPTION_818_-180,DEMO818 US Equity,Demo 818 call -180,Call,2029-10-26,180.59291,11.2645,24.1414
DEMO_OPTION_818_30,DEMO818 US Equity,Demo 818 call 30,Call,2030-05-24,190.0978,18.3154,51.1055
DEMO_OPTION_818_365,DEMO818 US Equity,Demo 818 call 365,Call,2031-04-24,199.60269000000002,8.1242,50.1408
DEMO_OPTION_820_-180,DEMO820 US Equity,Demo 820 call -180,Call,2031-02-20,26.498635,4.6577,35.6947
DEMO_OPTION_820_30,DEMO820 US Equity,Demo 820 call 30,Call,2031-09-18,27.8933,19.016,18.3697
DEMO_OPTION_820_365,DEMO820 US Equity,Demo 820 call 365,Call,2032-08-18,29.287965,19.1692,36.8987
DEMO_OPTION_821_-180,DEMO821 US Equity,Demo 821 call -180,Call,2029-02-11,20.253525,13.7364,48.6791
DEMO_OPTION_821_30,DEMO821 US Equity,Demo 821 call 30,Call,2029-09-09,21.3195,17.4341,31.2105
DEMO_OPTION_821_365,DEMO821 US Equity,Demo 821 call 365,Call,2030-08-10,22.385475000000003,2.9746,36.8877
DEMO_OPTION_822_-180,DEMO822 US Equity,Demo 822 call -180,Call,2034-07-06,139.16901499999997,15.7289,42.3281
DEMO_OPTION_822_30,DEMO822 US Equity,Demo 822 call 30,Call,2035-02-01,146.4937,18.8553,47.3445
DEMO_OPTION_822_365,DEMO822 US Equity,Demo 822 call 365,Call,2036-01-02,153.818385,3.9213,32.9613
DEMO_OPTION_825_-180,DEMO825 US Equity,Demo 825 call -180,Call,2028-11-04,28.279885,11.6036,38.7481
DEMO_OPTION_825_30,DEMO825 US Equity,Demo 825 call 30,Call,2029-06-02,29.7683,5.3253,22.9324
DEMO_OPTION_825_365,DEMO825 US Equity,Demo 825 call 365,Call,2030-05-03,31.256715,8.3726,41.5109
DEMO_OPTION_829_-180,DEMO829 US Equity,Demo 829 call -180,Call,2029-07-08,110.45669,12.7486,47.798
DEMO_OPTION_829_30,DEMO829 US Equity,Demo 829 call 30,Call,2030-02-03,116.2702,12.1266,45.0441
DEMO_OPTION_829_365,DEMO829 US Equity,Demo 829 call 365,Call,2031-01-04,122.08371000000001,2.3792,56.4024
DEMO_OPTION_830_-180,DEMO830 US Equity,Demo 830 call -180,Call,2032-04-26,37.149179999999994,6.7257,14.3253
DEMO_OPTION_830_30,DEMO830 US Equity,Demo 830 call 30,Call,2032-11-22,39.1044,15.5402,31.8838
DEMO_OPTION_830_365,DEMO830 US Equity,Demo 830 call 365,Call,2033-10-23,41.05962,8.5072,43.0362
DEMO_OPTION_831_-180,DEMO831 US Equity,Demo 831 call -180,Call,2030-07-08,100.05191,3.5912,29.5496
DEMO_OPTION_831_30,DEMO831 US Equity,Demo 831 call 30,Call,2031-02-03,105.3178,16.1522,37.2862
DEMO_OPTION_831_365,DEMO831 US Equity,Demo 831 call 365,Call,2032-01-04,110.58369,19.2426,17.2038
DEMO_OPTION_836_-180,DEMO836 US Equity,Demo 836 call -180,Call,2032-07-01,82.805325,11.517,37.7535
DEMO_OPTION_836_30,DEMO836 US Equity,Demo 836 call 30,Call,2033-01-27,87.1635,3.3415,10.2515
DEMO_OPTION_836_365,DEMO836 US Equity,Demo 836 call 365,Call,2033-12-28,91.521675,12.3364,36.8576
DEMO_OPTION_839_-180,DEMO839 US Equity,Demo 839 call -180,Call,2030-08-06,146.95873,7.5332,30.6327
DEMO_OPTION_839_30,DEMO839 US Equity,Demo 839 call 30,Call,2031-03-04,154.6934,13.2727,35.6276
DEMO_OPTION_839_365,DEMO839 US Equity,Demo 839 call 365,Call,2032-02-02,162.42807,4.0581,21.0394
DEMO_OPTION_840_-180,DEMO840 US Equity,Demo 840 call -180,Call,2027-05-23,161.741965,4.4458,49.983
DEMO_OPTION_840_30,DEMO840 US Equity,Demo 840 call 30,Call,2027-12-19,170.2547,17.1928,52.5694
DEMO_OPTION_840_365,DEMO840 US Equity,Demo 840 call 365,Call,2028-11-18,178.76743500000003,18.715,59.7157
DEMO_OPTION_841_-180,DEMO841 US Equity,Demo 841 call -180,Call,2026-04-04,97.87631499999999,6.5224,13.3681
DEMO_OPTION_841_30,DEMO841 US Equity,Demo 841 call 30,Call,2026-10-31,103.0277,2.8658,46.2795
DEMO_OPTION_841_365,DEMO841 US Equity,Demo 841 call 365,Call,2027-10-01,108.179085,10.2566,26.5425
DEMO_OPTION_842_-180,DEMO842 US Equity,Demo 842 call -180,Call,2027-10-22,40.924764999999994,2.9009,40.9758
DEMO_OPTION_842_30,DEMO842 US Equity,Demo 842 call 30,Call,2028-05-19,43.0787,18.1023,25.8893
DEMO_OPTION_842_365,DEMO842 US Equity,Demo 842 call 365,Call,2029-04-19,45.232635,9.5623,40.8171
DEMO_OPTION_845_-180,DEMO845 US Equity,Demo 845 call -180,Call,2031-04-05,115.70943,7.0103,31.4154
DEMO_OPTION_845_30,DEMO845 US Equity,Demo 845 call 30,Call,2031-11-01,121.7994,1.0918,22.3088
DEMO_OPTION_845_365,DEMO845 US Equity,Demo 845 call 365,Call,2032-10-01,127.88937000000001,5.209,46.9908
DEMO_OPTION_847_-180,DEMO847 US Equity,Demo 847 call -180,Call,2034-06-23,162.65881,14.9265,53.8943
DEMO_OPTION_847_30,DEMO847 US Equity,Demo 847 call 30,Call,2035-01-19,171.2198,9.7941,27.9371
DEMO_OPTION_847_365,DEMO847 US Equity,Demo 847 call 365,Call,2035-12-20,179.78079,6.804,37.5836
DEMO_OPTION_851_-180,DEMO851 US Equity,Demo 851 call -180,Call,2031-09-12,165.84007499999998,11.2337,23.1617
DEMO_OPTION_851_30,DEMO851 US Equity,Demo 851 call 30,Call,2032-04-09,174.5685,17.8404,13.8231
DEMO_OPTION_851_365,DEMO851 US Equity,Demo 851 call 365,Call,2033-03-10,183.29692500000002,2.4326,10.9315
DEMO_OPTION_853_-180,DEMO853 US Equity,Demo 853 call -180,Call,2034-10-19,24.334249999999997,8.6976,39.5018
DEMO_OPTION_853_30,DEMO853 US Equity,Demo 853 call 30,Call,2035-05-17,25.615,18.2198,37.5797
DEMO_OPTION_853_365,DEMO853 US Equity,Demo 853 call 365,Call,2036-04-16,26.89575,11.3259,59.9364
DEMO_OPTION_855_-180,DEMO855 US Equity,Demo 855 call -180,Call,2025-02-28,151.558725,5.2428,48.6072
DEMO_OPTION_855_30,DEMO855 US Equity,Demo 855 call 30,Call,2025-09-26,159.5355,14.9313,24.55
DEMO_OPTION_855_365,DEMO855 US Equity,Demo 855 call 365,Call,2026-08-27,167.51227500000002,9.8293,35.5206
DEMO_OPTION_862_-180,DEMO862 US Equity,Demo 862 call -180,Call,2034-03-15,47.35921,9.4782,18.9573
DEMO_OPTION_862_30,DEMO862 US Equity,Demo 862 call 30,Call,2034-10-11,49.8518,19.0255,42.9707
DEMO_OPTION_862_365,DEMO862 US Equity,Demo 862 call 365,Call,2035-09-11,52.34439,19.387,46.796
DEMO_OPTION_863_-180,DEMO863 US Equity,Demo 863 call -180,Call,2027-08-25,101.67907,5.1576,34.3821
DEMO_OPTION_863_30,DEMO863 US Equity,Demo 863 call 30,Call,2028-03-22,107.0306,2.1944,28.4718
DEMO_OPTION_863_365,DEMO863 US Equity,Demo 863 call 365,Call,2029-02-20,112.38213000000002,1.8134,20.3387
DEMO_OPTION_864_-180,DEMO864 US Equity,Demo 864 call -180,Call,2025-06-01,174.221165,9.9238,32.7322
DEMO_OPTION_864_30,DEMO864 US Equity,Demo 864 call 30,Call,2025-12-28,183.3907,1.8823,59.0295
DEMO_OPTION_864_365,DEMO864 US Equity,Demo 864 call 365,Call,2026-11-28,192.560235,7.1574,45.1868
DEMO_OPTION_866_-180,DEMO866 US Equity,Demo 866 call -180,Call,2031-05-16,160.869675,6.003,37.2175
DEMO_OPTION_866_30,DEMO866 US Equity,Demo 866 call 30,Call,2031-12-12,169.3365,4.3031,42.6838
DEMO_OPTION_866_365,DEMO866 US Equity,Demo 866 call 365,Call,2032-11-11,177.803325,7.9406,42.6668
DEMO_OPTION_867_-180,DEMO867 US Equity,Demo 867 call -180,Call,2033-06-28,161.86517999999998,8.1502,55.3621
DEMO_OPTION_867_30,DEMO867 US Equity,Demo 867 call 30,Call,2034-01-24,170.3844,10.8111,27.6449
DEMO_OPTION_867_365,DEMO867 US Equity,Demo 867 call 365,Call,2034-12-25,178.90362000000002,17.4867,34.3431
DEMO_OPTION_868_-180,DEMO868 US Equity,Demo 868 call -180,Call,2033-06-07,101.44080999999998,10.5349,16.9484
DEMO_OPTION_868_30,DEMO868 US Equity,Demo 868 call 30,Call,2034-01-03,106.7798,4.1465,13.8544
DEMO_OPTION_868_365,DEMO868 US Equity,Demo 868 call 365,Call,2034-12-04,112.11879,13.2261,20.5759
DEMO_OPTION_871_-180,DEMO871 US Equity,Demo 871 call -180,Call,2033-11-27,141.658775,5.3766,50.5586
DEMO_OPTION_871_30,DEMO871 US Equity,Demo 871 call 30,Call,2034-06-25,149.1145,14.6849,34.0758
DEMO_OPTION_871_365,DEMO871 US Equity,Demo 871 call 365,Call,2035-05-26,156.570225,10.0975,20.5352
DEMO_OPTION_872_-180,DEMO872 US Equity,Demo 872 call -180,Call,2030-11-26,46.57308499999999,1.4265,12.1572
DEMO_OPTION_872_30,DEMO872 US Equity,Demo 872 call 30,Call,2031-06-24,49.0243,11.8962,18.0565
DEMO_OPTION_872_365,DEMO872 US Equity,Demo 872 call 365,Call,2032-05-24,51.475515,12.9613,11.9595
DEMO_OPTION_873_-180,DEMO873 US Equity,Demo 873 call -180,Call,2030-12-07,116.858075,5.9069,19.0019
DEMO_OPTION_873_30,DEMO873 US Equity,Demo 873 call 30,Call,2031-07-05,123.0085,19.2065,39.9679
DEMO_OPTION_873_365,DEMO873 US Equity,Demo 873 call 365,Call,2032-06-04,129.158925,11.7085,10.931
DEMO_OPTION_881_-180,DEMO881 US Equity,Demo 881 call -180,Call,2029-08-28,48.1669,12.4159,49.7308
DEMO_OPTION_881_30,DEMO881 US Equity,Demo 881 call 30,Call,2030-03-26,50.702,16.5886,19.0942
DEMO_OPTION_881_365,DEMO881 US Equity,Demo 881 call 365,Call,2031-02-24,53.2371,13.5333,23.226
DEMO_OPTION_882_-180,DEMO882 US Equity,Demo 882 call -180,Call,2032-12-09,142.83592,9.6159,39.5298
DEMO_OPTION_882_30,DEMO882 US Equity,Demo 882 call 30,Call,2033-07-07,150.3536,5.3665,29.2731
DEMO_OPTION_882_365,DEMO882 US Equity,Demo 882 call 365,Call,2034-06-07,157.87128,3.0628,20.1174
DEMO_OPTION_883_-180,DEMO883 US Equity,Demo 883 call -180,Call,2031-11-07,165.990175,8.9761,17.4781
DEMO_OPTION_883_30,DEMO883 US Equity,Demo 883 call 30,Call,2032-06-04,174.7265,2.8297,33.7935
DEMO_OPTION_883_365,DEMO883 US Equity,Demo 883 call 365,Call,2033-05-05,183.46282499999998,12.6802,11.9518
DEMO_OPTION_884_-180,DEMO884 US Equity,Demo 884 call -180,Call,2025-01-24,153.041485,3.2328,34.112
DEMO_OPTION_884_30,DEMO884 US Equity,Demo 884 call 30,Call,2025-08-22,161.0963,3.4762,40.1737
DEMO_OPTION_884_365,DEMO884 US Equity,Demo 884 call 365,Call,2026-07-23,169.15111500000003,16.7229,54.8484
DEMO_OPTION_885_-180,DEMO885 US Equity,Demo 885 call -180,Call,2032-05-17,151.50286499999999,10.9188,28.5189
DEMO_OPTION_885_30,DEMO885 US Equity,Demo 885 call 30,Call,2032-12-13,159.4767,1.8253,36.4908
DEMO_OPTION_885_365,DEMO885 US Equity,Demo 885 call 365,Call,2033-11-13,167.450535,5.3602,50.115
DEMO_OPTION_889_-180,DEMO889 US Equity,Demo 889 call -180,Call,2032-10-27,145.77835499999998,14.2374,14.8858
DEMO_OPTION_889_30,DEMO889 US Equity,Demo 889 call 30,Call,2033-05-25,153.4509,3.5438,33.8571
DEMO_OPTION_889_365,DEMO889 US Equity,Demo 889 call 365,Call,2034-04-25,161.123445,5.4177,52.9527
DEMO_OPTION_890_-180,DEMO890 US Equity,Demo 890 call -180,Call,2032-08-25,67.4386,8.7643,19.4511
DEMO_OPTION_890_30,DEMO890 US Equity,Demo 890 call 30,Call,2033-03-23,70.988,14.4738,49.4711
DEMO_OPTION_890_365,DEMO890 US Equity,Demo 890 call 365,Call,2034-02-21,74.5374,11.9818,15.8914
DEMO_OPTION_892_-180,DEMO892 US Equity,Demo 892 call -180,Call,2028-11-02,130.927385,7.0021,28.1135
DEMO_OPTION_892_30,DEMO892 US Equity,Demo 892 call 30,Call,2029-05-31,137.8183,3.9408,42.5788
DEMO_OPTION_892_365,DEMO892 US Equity,Demo 892 call 365,Call,2030-05-01,144.709215,5.819,52.7488
DEMO_OPTION_898_-180,DEMO898 US Equity,Demo 898 call -180,Call,2025-02-10,89.662045,10.1669,28.5106
DEMO_OPTION_898_30,DEMO898 US Equity,Demo 898 call 30,Call,2025-09-08,94.3811,11.5433,22.6889
DEMO_OPTION_898_365,DEMO898 US Equity,Demo 898 call 365,Call,2026-08-09,99.100155,6.8264,27.2178
DEMO_OPTION_900_-180,DEMO900 US Equity,Demo 900 call -180,Call,2024-09-18,144.81876,13.5264,47.3907
DEMO_OPTION_900_30,DEMO900 US Equity,Demo 900 call 30,Call,2025-04-16,152.4408,9.4853,44.9656
DEMO_OPTION_900_365,DEMO900 US Equity,Demo 900 call 365,Call,2026-03-17,160.06284,4.0741,20.7229
DEMO_OPTION_905_-180,DEMO905 US Equity,Demo 905 call -180,Call,2030-05-05,139.86109,19.3268,10.2645
DEMO_OPTION_905_30,DEMO905 US Equity,Demo 905 call 30,Call,2030-12-01,147.2222,2.7307,17.2664
DEMO_OPTION_905_365,DEMO905 US Equity,Demo 905 call 365,Call,2031-11-01,154.58330999999998,18.5914,31.7689
DEMO_OPTION_907_-180,DEMO907 US Equity,Demo 907 call -180,Call,2030-04-28,56.92267,1.7174,29.2163
DEMO_OPTION_907_30,DEMO907 US Equity,Demo 907 call 30,Call,2030-11-24,59.9186,19.7045,40.6983
DEMO_OPTION_907_365,DEMO907 US Equity,Demo 907 call 365,Call,2031-10-25,62.91453,10.8991,45.5803
DEMO_OPTION_908_-180,DEMO908 US Equity,Demo 908 call -180,Call,2026-09-17,121.167845,16.5843,42.0146
DEMO_OPTION_908_30,DEMO908 US Equity,Demo 908 call 30,Call,2027-04-15,127.5451,9.3405,20.0854
DEMO_OPTION_908_365,DEMO908 US Equity,Demo 908 call 365,Call,2028-03-15,133.922355,13.4808,50.1955
DEMO_OPTION_913_-180,DEMO913 US Equity,Demo 913 call -180,Call,2032-07-24,58.61576,1.6852,21.9628
DEMO_OPTION_913_30,DEMO913 US Equity,Demo 913 call 30,Call,2033-02-19,61.7008,1.0055,17.8722
DEMO_OPTION_913_365,DEMO913 US Equity,Demo 913 call 365,Call,2034-01-20,64.78584000000001,19.9395,48.9836
DEMO_OPTION_915_-180,DEMO915 US Equity,Demo 915 call -180,Call,2026-09-04,86.56951,10.8371,46.8463
DEMO_OPTION_915_30,DEMO915 US Equity,Demo 915 call 30,Call,2027-04-02,91.1258,2.3037,14.5083
DEMO_OPTION_915_365,DEMO915 US Equity,Demo 915 call 365,Call,2028-03-02,95.68209,6.4054,51.4882
DEMO_OPTION_918_-180,DEMO918 US Equity,Demo 918 call -180,Call,2028-11-19,183.72221,12.5209,19.7263
DEMO_OPTION_918_30,DEMO918 US Equity,Demo 918 call 30,Call,2029-06-17,193.3918,18.6646,38.7453
DEMO_OPTION_918_365,DEMO918 US Equity,Demo 918 call 365,Call,2030-05-18,203.06139,5.961,30.3567
DEMO_OPTION_923_-180,DEMO923 US Equity,Demo 923 call -180,Call,2033-04-10,156.30311999999998,17.6461,50.6574
DEMO_OPTION_923_30,DEMO923 US Equity,Demo 923 call 30,Call,2033-11-06,164.5296,11.923,44.7096
DEMO_OPTION_923_365,DEMO923 US Equity,Demo 923 call 365,Call,2034-10-07,172.75608,19.3551,38.1584
DEMO_OPTION_928_-180,DEMO928 US Equity,Demo 928 call -180,Call,2034-01-20,97.783215,1.5197,15.8134
DEMO_OPTION_928_30,DEMO928 US Equity,Demo 928 call 30,Call,2034-08-18,102.9297,2.2835,41.6831
DEMO_OPTION_928_365,DEMO928 US Equity,Demo 928 call 365,Call,2035-07-19,108.076185,19.8898,43.8456
DEMO_OPTION_929_-180,DEMO929 US Equity,Demo 929 call -180,Call,2025-11-27,58.31803,19.1535,35.8252
DEMO_OPTION_929_30,DEMO929 US Equity,Demo 929 call 30,Call,2026-06-25,61.3874,1.1847,51.6089
DEMO_OPTION_929_365,DEMO929 US Equity,Demo 929 call 365,Call,2027-05-26,64.45677,5.7169,14.6505
DEMO_OPTION_930_-180,DEMO930 US Equity,Demo 930 call -180,Call,2028-01-05,134.20232,2.4445,56.5698
DEMO_OPTION_930_30,DEMO930 US Equity,Demo 930 call 30,Call,2028-08-02,141.2656,10.0546,27.6769
DEMO_OPTION_930_365,DEMO930 US Equity,Demo 930 call 365,Call,2029-07-03,148.32888000000003,17.992,23.4538
DEMO_OPTION_933_-180,DEMO933 US Equity,Demo 933 call -180,Call,2029-12-13,174.597555,4.7937,46.7715
DEMO_OPTION_933_30,DEMO933 US Equity,Demo 933 call 30,Call,2030-07-11,183.7869,17.5821,20.3389
DEMO_OPTION_933_365,DEMO933 US Equity,Demo 933 call 365,Call,2031-06-11,192.976245,4.8526,22.4848
DEMO_OPTION_934_-180,DEMO934 US Equity,Demo 934 call -180,Call,2031-05-10,124.78002999999998,3.0271,56.0094
DEMO_OPTION_934_30,DEMO934 US Equity,Demo 934 call 30,Call,2031-12-06,131.3474,13.8404,43.1712
DEMO_OPTION_934_365,DEMO934 US Equity,Demo 934 call 365,Call,2032-11-05,137.91477,12.6627,48.2122
DEMO_OPTION_936_-180,DEMO936 US Equity,Demo 936 call -180,Call,2035-02-02,26.227029999999996,12.7927,34.617
DEMO_OPTION_936_30,DEMO936 US Equity,Demo 936 call 30,Call,2035-08-31,27.6074,19.7219,54.85
DEMO_OPTION_936_365,DEMO936 US Equity,Demo 936 call 365,Call,2036-07-31,28.98777,17.5066,34.5403
DEMO_OPTION_938_-180,DEMO938 US Equity,Demo 938 call -180,Call,2026-07-15,175.63714,5.2198,38.8333
DEMO_OPTION_938_30,DEMO938 US Equity,Demo 938 call 30,Call,2027-02-10,184.8812,2.0288,49.9635
DEMO_OPTION_938_365,DEMO938 US Equity,Demo 938 call 365,Call,2028-01-11,194.12526000000003,10.0881,37.0384
DEMO_OPTION_940_-180,DEMO940 US Equity,Demo 940 call -180,Call,2025-02-12,86.32554999999999,4.3212,58.8254
DEMO_OPTION_940_30,DEMO940 US Equity,Demo 940 call 30,Call,2025-09-10,90.869,14.2666,33.0035
DEMO_OPTION_940_365,DEMO940 US Equity,Demo 940 call 365,Call,2026-08-11,95.41245,14.095,10.591
DEMO_OPTION_942_-180,DEMO942 US Equity,Demo 942 call -180,Call,2029-07-09,118.352425,12.6428,22.985
DEMO_OPTION_942_30,DEMO942 US Equity,Demo 942 call 30,Call,2030-02-04,124.5815,11.4227,21.857
DEMO_OPTION_942_365,DEMO942 US Equity,Demo 942 call 365,Call,2031-01-05,130.810575,9.9556,40.6542
DEMO_OPTION_943_-180,DEMO943 US Equity,Demo 943 call -180,Call,2030-08-30,81.57298499999999,5.0001,45.0356
DEMO_OPTION_943_30,DEMO943 US Equity,Demo 943 call 30,Call,2031-03-28,85.8663,8.0739,52.7163
DEMO_OPTION_943_365,DEMO943 US Equity,Demo 943 call 365,Call,2032-02-26,90.159615,6.313,18.9945
DEMO_OPTION_944_-180,DEMO944 US Equity,Demo 944 call -180,Call,2029-06-26,41.424749999999996,5.3428,14.9935
DEMO_OPTION_944_30,DEMO944 US Equity,Demo 944 call 30,Call,2030-01-22,43.605,6.129,21.7903
DEMO_OPTION_944_365,DEMO944 US Equity,Demo 944 call 365,Call,2030-12-23,45.78525,9.2122,29.0442
DEMO_OPTION_946_-180,DEMO946 US Equity,Demo 946 call -180,Call,2034-02-20,183.01427,16.3077,18.8304
DEMO_OPTION_946_30,DEMO946 US Equity,Demo 946 call 30,Call,2034-09-18,192.6466,10.4924,59.7781
DEMO_OPTION_946_365,DEMO946 US Equity,Demo 946 call 365,Call,2035-08-19,202.27893,17.1384,35.8503
DEMO_OPTION_948_-180,DEMO948 US Equity,Demo 948 call -180,Call,2032-12-12,153.291905,11.6806,38.3917
DEMO_OPTION_948_30,DEMO948 US Equity,Demo 948 call 30,Call,2033-07-10,161.3599,8.5696,44.5272
DEMO_OPTION_948_365,DEMO948 US Equity,Demo 948 call 365,Call,2034-06-10,169.427895,2.1407,50.6909
DEMO_OPTION_949_-180,DEMO949 US Equity,Demo 949 call -180,Call,2029-03-28,100.488245,9.5472,26.7328
DEMO_OPTION_949_30,DEMO949 US Equity,Demo 949 call 30,Call,2029-10-24,105.7771,7.8583,38.0175
DEMO_OPTION_949_365,DEMO949 US Equity,Demo 949 call 365,Call,2030-09-24,111.065955,18.705,22.8857
DEMO_OPTION_950_-180,DEMO950 US Equity,Demo 950 call -180,Call,2033-11-07,22.391879999999997,17.48,58.1558
DEMO_OPTION_950_30,DEMO950 US Equity,Demo 950 call 30,Call,2034-06-05,23.5704,4.7802,38.7947
DEMO_OPTION_950_365,DEMO950 US Equity,Demo 950 call 365,Call,2035-05-06,24.748920000000002,13.3335,18.7269
DEMO_OPTION_951_-180,DEMO951 US Equity,Demo 951 call -180,Call,2034-08-26,152.43282,13.7907,34.3747
DEMO_OPTION_951_30,DEMO951 US Equity,Demo 951 call 30,Call,2035-03-24,160.4556,14.994,54.4816
DEMO_OPTION_951_365,DEMO951 US Equity,Demo 951 call 365,Call,2036-02-22,168.47838000000002,8.2403,24.3262
DEMO_OPTION_953_-180,DEMO953 US Equity,Demo 953 call -180,Call,2030-10-23,43.769065,16.3466,26.8694
DEMO_OPTION_953_30,DEMO953 US Equity,Demo 953 call 30,Call,2031-05-21,46.0727,12.9942,38.5819
DEMO_OPTION_953_365,DEMO953 US Equity,Demo 953 call 365,Call,2032-04-20,48.376335,17.1291,13.5672
DEMO_OPTION_955_-180,DEMO955 US Equity,Demo 955 call -180,Call,2027-02-24,58.02524,6.5358,23.3736
DEMO_OPTION_955_30,DEMO955 US Equity,Demo 955 call 30,Call,2027-09-22,61.0792,13.2482,23.5624
DEMO_OPTION_955_365,DEMO955 US Equity,Demo 955 call 365,Call,2028-08-22,64.13316,9.4531,53.1403
DEMO_OPTION_957_-180,DEMO957 US Equity,Demo 957 call -180,Call,2025-05-26,119.36332,8.8658,19.1943
DEMO_OPTION_957_30,DEMO957 US Equity,Demo 957 call 30,Call,2025-12-22,125.6456,1.4389,46.3886
DEMO_OPTION_957_365,DEMO957 US Equity,Demo 957 call 365,Call,2026-11-22,131.92788000000002,13.5784,57.0219
DEMO_OPTION_959_-180,DEMO959 US Equity,Demo 959 call -180,Call,2030-08-08,32.691115,2.9572,13.1896
DEMO_OPTION_959_30,DEMO959 US Equity,Demo 959 call 30,Call,2031-03-06,34.4117,17.6951,37.4217
DEMO_OPTION_959_365,DEMO959 US Equity,Demo 959 call 365,Call,2032-02-04,36.132285,1.5009,29.8506
DEMO_OPTION_962_-180,DEMO962 US Equity,Demo 962 call -180,Call,2033-12-25,63.879329999999996,13.4418,54.2736
DEMO_OPTION_962_30,DEMO962 US Equity,Demo 962 call 30,Call,2034-07-23,67.2414,6.878,22.3698
DEMO_OPTION_962_365,DEMO962 US Equity,Demo 962 call 365,Call,2035-06-23,70.60347,6.3993,41.324
DEMO_OPTION_964_-180,DEMO964 US Equity,Demo 964 call -180,Call,2033-07-01,162.38654,13.6074,53.0184
DEMO_OPTION_964_30,DEMO964 US Equity,Demo 964 call 30,Call,2034-01-27,170.9332,7.1788,33.8077
DEMO_OPTION_964_365,DEMO964 US Equity,Demo 964 call 365,Call,2034-12-28,179.47986,19.5246,37.0292
DEMO_OPTION_966_-180,DEMO966 US Equity,Demo 966 call -180,Call,2029-04-28,95.068495,14.2548,18.8518
DEMO_OPTION_966_30,DEMO966 US Equity,Demo 966 call 30,Call,2029-11-24,100.0721,12.3541,41.5524
DEMO_OPTION_966_365,DEMO966 US Equity,Demo 966 call 365,Call,2030-10-25,105.07570500000001,13.0812,38.1992
DEMO_OPTION_967_-180,DEMO967 US Equity,Demo 967 call -180,Call,2030-03-07,108.51166,6.8836,27.3584
DEMO_OPTION_967_30,DEMO967 US Equity,Demo 967 call 30,Call,2030-10-03,114.2228,11.2537,50.2354
DEMO_OPTION_967_365,DEMO967 US Equity,Demo 967 call 365,Call,2031-09-03,119.93394,9.3953,28.2892
DEMO_OPTION_968_-180,DEMO968 US Equity,Demo 968 call -180,Call,2027-06-24,63.427035,1.0018,50.769
DEMO_OPTION_968_30,DEMO968 US Equity,Demo 968 call 30,Call,2028-01-20,66.7653,17.111,27.1942
DEMO_OPTION_968_365,DEMO968 US Equity,Demo 968 call 365,Call,2028-12-20,70.103565,9.9148,10.4159
DEMO_OPTION_969_-180,DEMO969 US Equity,Demo 969 call -180,Call,2032-11-03,176.67710499999998,10.0643,10.4566
DEMO_OPTION_969_30,DEMO969 US Equity,Demo 969 call 30,Call,2033-06-01,185.9759,9.1783,24.6461
DEMO_OPTION_969_365,DEMO969 US Equity,Demo 969 call 365,Call,2034-05-02,195.274695,5.3931,10.3609
DEMO_OPTION_970_-180,DEMO970 US Equity,Demo 970 call -180,Call,2026-02-04,82.89310499999999,11.6505,29.7376
DEMO_OPTION_970_30,DEMO970 US Equity,Demo 970 call 30,Call,2026-09-02,87.2559,4.1021,46.8559
DEMO_OPTION_970_365,DEMO970 US Equity,Demo 970 call 365,Call,2027-08-03,91.618695,8.4047,28.9179
DEMO_OPTION_971_-180,DEMO971 US Equity,Demo 971 call -180,Call,2034-10-21,63.96957999999999,5.5517,48.2269
DEMO_OPTION_971_30,DEMO971 US Equity,Demo 971 call 30,Call,2035-05-19,67.3364,18.2891,50.3787
DEMO_OPTION_971_365,DEMO971 US Equity,Demo 971 call 365,Call,2036-04-18,70.70322,14.0082,24.2338
DEMO_OPTION_972_-180,DEMO972 US Equity,Demo 972 call -180,Call,2029-03-12,146.04046,8.8452,52.6741
DEMO_OPTION_972_30,DEMO972 US Equity,Demo 972 call 30,Call,2029-10-08,153.7268,4.4657,24.4798
DEMO_OPTION_972_365,DEMO972 US Equity,Demo 972 call 365,Call,2030-09-08,161.41314,13.101,40.8865
DEMO_OPTION_973_-180,DEMO973 US Equity,Demo 973 call -180,Call,2031-09-08,65.53489499999999,4.568,10.9698
DEMO_OPTION_973_30,DEMO973 US Equity,Demo 973 call 30,Call,2032-04-05,68.9841,1.943,36.7485
DEMO_OPTION_973_365,DEMO973 US Equity,Demo 973 call 365,Call,2033-03-06,72.433305,4.5328,15.1137
DEMO_OPTION_974_-180,DEMO974 US Equity,Demo 974 call -180,Call,2029-03-14,65.03234499999999,14.815,21.6405
DEMO_OPTION_974_30,DEMO974 US Equity,Demo 974 call 30,Call,2029-10-10,68.4551,3.863,34.679
DEMO_OPTION_974_365,DEMO974 US Equity,Demo 974 call 365,Call,2030-09-10,71.87785500000001,7.4963,25.5788
DEMO_OPTION_975_-180,DEMO975 US Equity,Demo 975 call -180,Call,2027-04-25,155.70803999999998,9.81,49.5712
DEMO_OPTION_975_30,DEMO975 US Equity,Demo 975 call 30,Call,2027-11-21,163.9032,7.2747,52.1773
DEMO_OPTION_975_365,DEMO975 US Equity,Demo 975 call 365,Call,2028-10-21,172.09836,19.0812,12.8019
DEMO_OPTION_978_-180,DEMO978 US Equity,Demo 978 call -180,Call,2024-12-16,99.39508,16.9892,50.8625
DEMO_OPTION_978_30,DEMO978 US Equity,Demo 978 call 30,Call,2025-07-14,104.6264,16.7368,16.0981
DEMO_OPTION_978_365,DEMO978 US Equity,Demo 978 call 365,Call,2026-06-14,109.85772000000001,15.5948,22.4481
DEMO_OPTION_982_-180,DEMO982 US Equity,Demo 982 call -180,Call,2033-03-31,24.730304999999998,15.6489,36.057
DEMO_OPTION_982_30,DEMO982 US Equity,Demo 982 call 30,Call,2033-10-27,26.0319,19.6602,33.6413
DEMO_OPTION_982_365,DEMO982 US Equity,Demo 982 call 365,Call,2034-09-27,27.333495000000003,13.9474,25.6055
DEMO_OPTION_984_-180,DEMO984 US Equity,Demo 984 call -180,Call,2031-07-31,126.58711999999998,18.811,36.0463
DEMO_OPTION_984_30,DEMO984 US Equity,Demo 984 call 30,Call,2032-02-26,133.2496,5.8129,41.926
DEMO_OPTION_984_365,DEMO984 US Equity,Demo 984 call 365,Call,2033-01-26,139.91208,4.7757,54.376
DEMO_OPTION_988_-180,DEMO988 US Equity,Demo 988 call -180,Call,2034-05-29,127.22741999999998,4.1798,23.805
DEMO_OPTION_988_30,DEMO988 US Equity,Demo 988 call 30,Call,2034-12-25,133.9236,3.2733,49.4572
DEMO_OPTION_988_365,DEMO988 US Equity,Demo 988 call 365,Call,2035-11-25,140.61978,1.1697,12.0997
DEMO_OPTION_989_-180,DEMO989 US Equity,Demo 989 call -180,Call,2025-07-22,152.974225,12.328,28.5699
DEMO_OPTION_989_30,DEMO989 US Equity,Demo 989 call 30,Call,2026-02-17,161.0255,2.7001,17.8849
DEMO_OPTION_989_365,DEMO989 US Equity,Demo 989 call 365,Call,2027-01-18,169.076775,2.7366,40.9322
DEMO_OPTION_990_-180,DEMO990 US Equity,Demo 990 call -180,Call,2027-10-28,178.17515999999998,12.8775,12.9888
DEMO_OPTION_990_30,DEMO990 US Equity,Demo 990 call 30,Call,2028-05-25,187.5528,13.2469,45.0664
DEMO_OPTION_990_365,DEMO990 US Equity,Demo 990 call 365,Call,2029-04-25,196.93044,16.0379,16.2914
DEMO_OPTION_992_-180,DEMO992 US Equity,Demo 992 call -180,Call,2026-10-06,186.86652,15.3773,50.2763
DEMO_OPTION_992_30,DEMO992 US Equity,Demo 992 call 30,Call,2027-05-04,196.7016,9.3357,19.6483
DEMO_OPTION_992_365,DEMO992 US Equity,Demo 992 call 365,Call,2028-04-03,206.53668000000002,14.0957,27.9084
DEMO_OPTION_993_-180,DEMO993 US Equity,Demo 993 call -180,Call,2031-07-05,42.039210000000004,10.2207,31.875
DEMO_OPTION_993_30,DEMO993 US Equity,Demo 993 call 30,Call,2032-01-31,44.2518,6.5996,44.8519
DEMO_OPTION_993_365,DEMO993 US Equity,Demo 993 call 365,Call,2032-12-31,46.46439,4.6057,19.3313
DEMO_OPTION_996_-180,DEMO996 US Equity,Demo 996 call -180,Call,2034-01-28,66.08048000000001,18.375,37.726
DEMO_OPTION_996_30,DEMO996 US Equity,Demo 996 call 30,Call,2034-08-26,69.5584,2.3087,17.7513
DEMO_OPTION_996_365,DEMO996 US Equity,Demo 996 call 365,Call,2035-07-27,73.03632,6.6178,23.1675
DEMO_OPTION_997_-180,DEMO997 US Equity,Demo 997 call -180,Call,2025-02-08,81.77628499999999,13.1225,28.9522
DEMO_OPTION_997_30,DEMO997 US Equity,Demo 997 call 30,Call,2025-09-06,86.0803,4.5252,10.936
DEMO_OPTION_997_365,DEMO997 US Equity,Demo 997 call 365,Call,2026-08-07,90.384315,17.2798,48.8008
DEMO_OPTION_998_-180,DEMO998 US Equity,Demo 998 call -180,Call,2030-07-22,59.832519999999995,13.5075,36.9478
DEMO_OPTION_998_30,DEMO998 US Equity,Demo 998 call 30,Call,2031-02-17,62.9816,8.3623,36.2035
DEMO_OPTION_998_365,DEMO998 US Equity,Demo 998 call 365,Call,2032-01-18,66.13068,10.4534,37.5734
DEMO_OPTION_999_-180,DEMO999 US Equity,Demo 999 call -180,Call,2032-01-30,123.829745,13.1772,15.5232
DEMO_OPTION_999_30,DEMO999 US Equity,Demo 999 call 30,Call,2032-08-27,130.3471,10.9408,13.334
DEMO_OPTION_999_365,DEMO999 US Equity,Demo 999 call 365,Call,2033-07-28,136.86445500000002,16.8687,16.4887
