SECURITY_DES,BB_COMPOSITE,PX_LAST,CPN,LONG_COMP_NAME,MATURITY,CRNCY,CV_PCT_PREMIUM,DELTA,YIELD(YIELD_TYPE=YTM),CNTRY_OF_RISK,AMT_OUTSTANDING,CONVERTIBLE,SRCH_ASSET_CLASS,ID,ID_ISIN,SECURITY_TYP,"CLASSIFICATION_NAME(BICS,2)",PAYMENT_RANK,YIELD(YIELD_TYPE=YTW),CV_COMMON_TICKER_EXCH,CV_CNVS_PX,CV_CNVS_RATIO,PARITY,AMT_OUTSTANDING_USD,DATA_SOURCE,CAST_PARENT_EQUITY_TICKER
Bond_1,AAA,104.83,1.22,Issuer_B,2026-11-24,USD,59.05,0.03,0.47,DE,277410000.0,Y,Corporates,XS0000000017 Corp,XS0000000017,Convertible,Banking,1st lien,0.445,DEMO1 US Equity,135.0968,7.402099827679116,65.9100911662999,277410000.0,SYNTHETIC DEMO - not market data,DEMO1 US Equity
Bond_2,NR,93.98,3.25,Issuer_D,2028-08-19,GBP,80.94,0.01,4.03,JP,203110000.0,Y,Corporates,XS0000000025 Corp,XS0000000025,Convertible,Consumer Discretionary Products,2nd lien,4.0,DEMO2 US Equity,95.9459,10.422540202343196,51.93986957002321,264043000.0,SYNTHETIC DEMO - not market data,DEMO2 US Equity
Bond_3,BBB,109.14,1.68,Issuer_A,2031-02-12,GBP,60.37,0.81,3.65,US,487900000.0,Y,Corporates,XS0000000033 Corp,XS0000000033,Convertible,Consumer Discretionary Services,1.5 Lien,3.061,DEMO3 US Equity,59.6793,16.756228709116897,68.05512252915135,634270000.0,SYNTHETIC DEMO - not market data,DEMO3 US Equity
Bond_4,AA,101.04,4.15,Issuer_C,2034-04-23,USD,,,0.23,DE,397880000.0,N,Corporates,XS0000000041 Corp,XS0000000041,Bond,Consumer Staple Products,Jr Subordinated,-0.727,,,,,397880000.0,SYNTHETIC DEMO - not market data,DEMO4 US Equity
Bond_5,BBB,107.33,1.9,Issuer_D,2035-06-06,GBP,35.53,0.67,3.51,US,324110000.0,Y,Corporates,XS0000000058 Corp,XS0000000058,Convertible,Financial Services,Secured,3.417,DEMO5 US Equity,80.587,12.408949334259868,79.19279864236701,421343000.0,SYNTHETIC DEMO - not market data,DEMO5 US Equity
Bond_6,NR,104.58,0.82,Issuer_D,2029-11-23,EUR,68.46,0.84,3.88,DE,419810000.0,Y,Corporates,XS0000000066 Corp,XS0000000066,Convertible,Health Care,Sr Unsecured,3.501,DEMO6 US Equity,195.1608,5.123979815618711,62.08001899560726,461791000.00000006,SYNTHETIC DEMO - not market data,DEMO6 US Equity
Bond_7,CCC,95.35,1.05,Issuer_C,2028-11-16,JPY,,,4.42,JP,114290000.0,N,Corporates,XS0000000074 Corp,XS0000000074,Bond,Industrial Products,Unsecured,4.374,,,,,800030.0,SYNTHETIC DEMO - not market data,DEMO7 US Equity
Bond_8,BBB,104.9,2.69,Issuer_D,2034-07-12,EUR,99.73,0.14,2.47,US,437500000.0,Y,Corporates,XS0000000082 Corp,XS0000000082,Convertible,Industrial Services,Asset Backed,2.181,DEMO8 US Equity,61.0217,16.38761293113761,52.52090321934612,481250000.00000006,SYNTHETIC DEMO - not market data,DEMO8 US Equity
Bond_9,A,105.84,2.11,Issuer_A,2031-07-20,JPY,52.91,0.97,4.3,US,356130000.0,Y,Corporates,XS0000000090 Corp,XS0000000090,Convertible,Insurance,Sr Non Preferred,4.09,DEMO9 US Equity,86.6326,11.54299882492272,69.21718658034138,2492910.0,SYNTHETIC DEMO - not market data,DEMO9 US Equity
Bond_10,NR,105.02,3.84,Issuer_C,2026-05-14,EUR,45.37,0.95,4.38,GB,487350000.0,Y,Corporates,XS0000000108 Corp,XS0000000108,Convertible,Materials,Sr Preferred,4.001,DEMO10 US Equity,49.4124,20.237835037359044,72.24324138405449,536085000.00000006,SYNTHETIC DEMO - not market data,DEMO10 US Equity
Bond_11,NR,108.25,4.35,Issuer_C,2035-09-20,EUR,15.28,0.76,2.7,US,319530000.0,Y,Corporates,XS0000000116 Corp,XS0000000116,Convertible,Media,Sr Subordinated,2.668,DEMO11 US Equity,61.2287,16.332210221677087,93.90180430256765,351483000.0,SYNTHETIC DEMO - not market data,DEMO11 US Equity
Bond_12,AAA,92.24,1.81,Issuer_C,2028-01-08,USD,,,0.43,JP,417210000.0,N,Corporates,XS0000000124 Corp,XS0000000124,Bond,National,1st lien,-0.225,,,,,417210000.0,SYNTHETIC DEMO - not market data,DEMO12 US Equity
Bond_13,A,103.2,4.73,Issuer_B,2029-09-28,JPY,96.44,0.93,3.78,DE,370830000.0,Y,Corporates,XS0000000132 Corp,XS0000000132,Convertible,Oil & Gas,2nd lien,2.865,DEMO13 US Equity,91.2137,10.963265386668889,52.535125229077586,2595810.0,SYNTHETIC DEMO - not market data,DEMO13 US Equity
Bond_14,B,98.76,2.59,Issuer_A,2028-04-03,GBP,,,0.11,DE,314800000.0,N,Corporates,XS0000000140 Corp,XS0000000140,Bond,Real Estate,1.5 Lien,-0.788,,,,,409240000.0,SYNTHETIC DEMO - not market data,DEMO14 US Equity
Bond_15,AA,104.16,0.29,Issuer_A,2025-06-03,EUR,27.85,0.49,2.7,JP,159350000.0,Y,Corporates,XS0000000157 Corp,XS0000000157,Convertible,Regional & Local,Jr Subordinated,2.481,DEMO15 US Equity,91.8921,10.882328295903566,81.4704732107939,175285000.0,SYNTHETIC DEMO - not market data,DEMO15 US Equity
Bond_16,CCC,93.81,0.48,Issuer_D,2030-07-14,JPY,,,4.32,US,353010000.0,N,Governments,XS0000000165 Corp,XS0000000165,Bond,Renewable Energy,Secured,3.528,,,,,2471070.0,SYNTHETIC DEMO - not market data,DEMO16 US Equity
Bond_17,AAA,98.05,1.7,Issuer_A,2028-04-07,JPY,14.02,0.18,2.31,US,249410000.0,Y,Corporates,XS0000000173 Corp,XS0000000173,Convertible,Retail & Wholesale - Staples,Sr Unsecured,2.246,DEMO17 US Equity,95.9888,10.417882086243395,85.9936853183652,1745870.0,SYNTHETIC DEMO - not market data,DEMO17 US Equity
Bond_18,AAA,103.04,2.7,Issuer_A,2026-04-06,JPY,48.56,0.21,2.01,US,124090000.0,Y,Corporates,XS0000000181 Corp,XS0000000181,Convertible,Retail & Whsle - Discretionary,Unsecured,1.328,DEMO18 US Equity,149.7299,6.678692766107505,69.35918147549812,868630.0,SYNTHETIC DEMO - not market data,DEMO18 US Equity
Bond_19,CCC,95.3,3.92,Issuer_D,2029-07-23,JPY,15.48,0.3,4.84,US,386590000.0,Y,Corporates,XS0000000199 Corp,XS0000000199,Convertible,Software & Tech Services,Asset Backed,3.964,DEMO19 US Equity,191.6869,5.216840587437117,82.52511257360581,2706130.0,SYNTHETIC DEMO - not market data,DEMO19 US Equity
Bond_20,AAA,101.68,2.51,Issuer_B,2025-09-03,EUR,6.85,0.07,4.31,JP,103950000.0,Y,Corporates,XS0000000207 Corp,XS0000000207,Convertible,Supranationals,Sr Non Preferred,3.701,DEMO20 US Equity,135.0109,7.406809376131854,95.16144127281235,114345000.00000001,SYNTHETIC DEMO - not market data,DEMO20 US Equity
Bond_21,AAA,102.39,2.1,Issuer_C,2029-04-22,GBP,23.87,0.4,3.36,GB,255750000.0,Y,Corporates,XS0000000215 Corp,XS0000000215,Convertible,Tech Hardware & Semiconductors,Sr Preferred,3.341,DEMO21 US Equity,78.3481,12.763551381590618,82.65923952530878,332475000.0,SYNTHETIC DEMO - not market data,DEMO21 US Equity
Bond_22,AAA,99.17,4.99,Issuer_A,2026-09-07,GBP,13.25,0.35,0.34,DE,216290000.0,Y,Corporates,XS0000000223 Corp,XS0000000223,Convertible,Telecommunications,Sr Subordinated,0.254,DEMO22 US Equity,190.4509,5.250697161315594,87.56732891832229,281177000.0,SYNTHETIC DEMO - not market data,DEMO22 US Equity
Bond_23,D,106.67,3.52,Issuer_A,2035-09-10,USD,93.89,0.13,0.58,US,384090000.0,Y,Corporates,XS0000000231 Corp,XS0000000231,Convertible,Utilities,1st lien,0.315,DEMO23 US Equity,118.9646,8.405861911862857,55.01573056887926,384090000.0,SYNTHETIC DEMO - not market data,DEMO23 US Equity
Bond_24,BB,95.64,1.05,Issuer_C,2028-11-21,GBP,50.54,0.25,4.54,US,91530000.0,Y,Corporates,XS0000000249 Corp,XS0000000249,Convertible,Banking,2nd lien,3.545,DEMO24 US Equity,76.1089,13.139067835693329,63.53128736548426,118989000.0,SYNTHETIC DEMO - not market data,DEMO24 US Equity
Bond_25,BB,90.88,1.67,Issuer_B,2035-05-06,JPY,,,2.76,JP,302410000.0,N,Corporates,XS0000000256 Corp,XS0000000256,Bond,Consumer Discretionary Products,1.5 Lien,2.172,,,,,2116870.0,SYNTHETIC DEMO - not market data,DEMO25 US Equity
Bond_26,AA,108.9,3.46,Issuer_B,2033-01-27,GBP,58.25,0.15,0.64,GB,214090000.0,Y,Corporates,XS0000000264 Corp,XS0000000264,Convertible,Consumer Discretionary Services,Jr Subordinated,0.42,DEMO26 US Equity,61.4207,16.281156027202556,68.81516587677726,278317000.0,SYNTHETIC DEMO - not market data,DEMO26 US Equity
Bond_27,B,94.2,1.25,Issuer_A,2030-09-28,JPY,97.38,0.75,4.63,DE,439070000.0,Y,Corporates,XS0000000272 Corp,XS0000000272,Convertible,Consumer Staple Products,Secured,3.961,DEMO27 US Equity,62.8408,15.913228348461509,47.72520012159287,3073490.0,SYNTHETIC DEMO - not market data,DEMO27 US Equity
Bond_28,CCC,90.5,3.68,Issuer_C,2031-11-28,EUR,26.68,0.79,0.54,US,436370000.0,Y,Corporates,XS0000000280 Corp,XS0000000280,Convertible,Financial Services,Sr Unsecured,0.35,DEMO28 US Equity,165.3495,6.047795729651435,71.43984843700663,480007000.00000006,SYNTHETIC DEMO - not market data,DEMO28 US Equity
Bond_29,BBB,106.33,2.3,Issuer_C,2028-04-01,EUR,39.85,0.28,0.35,GB,208020000.0,Y,Corporates,XS0000000298 Corp,XS0000000298,Convertible,Health Care,Unsecured,0.252,DEMO29 US Equity,197.1497,5.072287708274474,76.03146228101537,228822000.00000003,SYNTHETIC DEMO - not market data,DEMO29 US Equity
Bond_30,NR,96.62,0.14,Issuer_C,2027-10-09,USD,,,0.54,JP,205560000.0,N,Corporates,XS0000000306 Corp,XS0000000306,Bond,Industrial Products,Asset Backed,0.118,,,,,205560000.0,SYNTHETIC DEMO - not market data,DEMO30 US Equity
Bond_31,CCC,102.12,2.56,Issuer_D,2034-04-09,USD,,,3.54,US,283960000.0,N,Governments,XS0000000314 Corp,XS0000000314,Bond,Industrial Services,Sr Non Preferred,3.261,,,,,283960000.0,SYNTHETIC DEMO - not market data,DEMO31 US Equity
Bond_32,B,98.63,4.74,Issuer_C,2034-06-22,USD,71.98,0.3,1.55,JP,196780000.0,Y,Corporates,XS0000000322 Corp,XS0000000322,Convertible,Insurance,Sr Preferred,0.627,DEMO32 US Equity,64.9652,15.392856483163294,57.34969182463077,196780000.0,SYNTHETIC DEMO - not market data,DEMO32 US Equity
Bond_33,NR,92.55,2.1,Issuer_D,2035-12-06,GBP,,,2.03,US,186740000.0,N,Corporates,XS0000000330 Corp,XS0000000330,Bond,Materials,Sr Subordinated,1.061,,,,,242762000.0,SYNTHETIC DEMO - not market data,DEMO33 US Equity
Bond_34,CCC,105.72,3.03,Issuer_C,2032-08-15,EUR,51.12,0.79,4.8,DE,346480000.0,Y,Corporates,XS0000000348 Corp,XS0000000348,Convertible,Media,1st lien,3.951,DEMO34 US Equity,186.7461,5.354864171192865,69.95764955002646,381128000.00000006,SYNTHETIC DEMO - not market data,DEMO34 US Equity
Bond_35,NR,103.28,3.1,Issuer_A,2028-11-10,EUR,,,4.03,DE,60990000.0,N,Corporates,XS0000000355 Corp,XS0000000355,Bond,National,2nd lien,3.045,,,,,67089000.00000001,SYNTHETIC DEMO - not market data,DEMO35 US Equity
Bond_36,D,102.23,3.84,Issuer_D,2031-11-19,EUR,71.83,0.38,2.0,DE,345230000.0,Y,Corporates,XS0000000363 Corp,XS0000000363,Convertible,Oil & Gas,1.5 Lien,1.216,DEMO36 US Equity,67.7366,14.763067529223493,59.49484956061224,379753000.00000006,SYNTHETIC DEMO - not market data,DEMO36 US Equity
Bond_37,AA,105.57,1.09,Issuer_D,2025-09-08,USD,45.65,0.8,3.34,GB,477520000.0,Y,Corporates,XS0000000371 Corp,XS0000000371,Convertible,Real Estate,Jr Subordinated,3.043,DEMO37 US Equity,47.8634,20.892790733629454,72.48197734294541,477520000.0,SYNTHETIC DEMO - not market data,DEMO37 US Equity
Bond_38,NR,98.53,4.53,Issuer_D,2027-12-28,JPY,,,2.25,DE,427940000.0,N,Corporates,XS0000000389 Corp,XS0000000389,Bond,Regional & Local,Secured,1.747,,,,,2995580.0,SYNTHETIC DEMO - not market data,DEMO38 US Equity
Bond_39,NR,99.69,1.2,Issuer_D,2026-12-10,EUR,,,1.36,GB,451860000.0,N,Corporates,XS0000000397 Corp,XS0000000397,Bond,Renewable Energy,Sr Unsecured,0.507,,,,,497046000.00000006,SYNTHETIC DEMO - not market data,DEMO39 US Equity
Bond_40,A,93.02,1.92,Issuer_B,2028-02-14,JPY,33.09,0.47,0.31,JP,225260000.0,Y,Corporates,XS0000000405 Corp,XS0000000405,Convertible,Retail & Wholesale - Staples,Unsecured,-0.651,DEMO40 US Equity,48.3379,20.687700541397124,69.89255391088737,1576820.0,SYNTHETIC DEMO - not market data,DEMO40 US Equity
Bond_41,CCC,99.54,4.71,Issuer_C,2031-07-18,EUR,48.82,0.27,2.43,JP,201260000.0,Y,Corporates,XS0000000413 Corp,XS0000000413,Convertible,Retail & Whsle - Discretionary,Asset Backed,2.184,DEMO41 US Equity,180.2517,5.547797884846578,66.88617121354658,221386000.00000003,SYNTHETIC DEMO - not market data,DEMO41 US Equity
Bond_42,A,106.81,4.6,Issuer_A,2031-10-19,USD,,,0.42,JP,111060000.0,N,Corporates,XS0000000421 Corp,XS0000000421,Bond,Software & Tech Services,Sr Non Preferred,0.216,,,,,111060000.0,SYNTHETIC DEMO - not market data,DEMO42 US Equity
Bond_43,A,91.01,1.9,Issuer_B,2032-06-11,JPY,,,1.39,JP,163520000.0,N,Corporates,XS0000000439 Corp,XS0000000439,Bond,Supranationals,Sr Preferred,0.674,,,,,1144640.0,SYNTHETIC DEMO - not market data,DEMO43 US Equity
Bond_44,D,90.39,2.7,Issuer_C,2028-11-03,USD,75.42,0.95,1.0,US,329600000.0,Y,Corporates,XS0000000447 Corp,XS0000000447,Convertible,Tech Hardware & Semiconductors,Sr Subordinated,0.604,DEMO44 US Equity,62.9635,15.882217475203888,51.527761942765935,329600000.0,SYNTHETIC DEMO - not market data,DEMO44 US Equity
Bond_45,A,99.47,0.57,Issuer_B,2032-12-09,GBP,16.78,0.61,3.74,US,400010000.0,Y,Corporates,XS0000000454 Corp,XS0000000454,Convertible,Telecommunications,1st lien,2.744,DEMO45 US Equity,199.7218,5.006964687880842,85.17725637951705,520013000.0,SYNTHETIC DEMO - not market data,DEMO45 US Equity
Bond_46,BB,92.16,0.13,Issuer_C,2034-11-13,JPY,94.15,0.2,2.96,DE,95860000.0,Y,Corporates,XS0000000462 Corp,XS0000000462,Convertible,Utilities,2nd lien,2.802,DEMO46 US Equity,86.5149,11.558702604984806,47.46845222765902,671020.0,SYNTHETIC DEMO - not market data,DEMO46 US Equity
Bond_47,AA,105.92,2.83,Issuer_A,2030-09-14,GBP,,,0.34,GB,55690000.0,N,Corporates,XS0000000470 Corp,XS0000000470,Bond,Banking,1.5 Lien,-0.477,,,,,72397000.0,SYNTHETIC DEMO - not market data,DEMO47 US Equity
Bond_48,D,92.11,4.8,Issuer_D,2027-07-06,GBP,,,3.08,JP,259190000.0,N,Corporates,XS0000000488 Corp,XS0000000488,Bond,Consumer Discretionary Products,Jr Subordinated,2.781,,,,,336947000.0,SYNTHETIC DEMO - not market data,DEMO48 US Equity
Bond_49,B,107.03,4.15,Issuer_A,2029-08-08,JPY,,,2.85,JP,201380000.0,N,Corporates,XS0000000496 Corp,XS0000000496,Bond,Consumer Discretionary Services,Secured,2.187,,,,,1409660.0,SYNTHETIC DEMO - not market data,DEMO49 US Equity
Bond_50,B,93.64,1.06,Issuer_C,2030-05-20,GBP,,,2.78,DE,88530000.0,N,Corporates,XS0000000504 Corp,XS0000000504,Bond,Consumer Staple Products,Sr Unsecured,1.841,,,,,115089000.0,SYNTHETIC DEMO - not market data,DEMO50 US Equity
Bond_51,D,101.1,1.2,Issuer_D,2035-12-16,JPY,,,3.96,US,182410000.0,N,Governments,XS0000000512 Corp,XS0000000512,Bond,Financial Services,Unsecured,3.826,,,,,1276870.0,SYNTHETIC DEMO - not market data,DEMO51 US Equity
Bond_52,BBB,96.12,2.91,Issuer_D,2033-09-12,JPY,,,4.98,GB,208310000.0,N,Corporates,XS0000000520 Corp,XS0000000520,Bond,Health Care,Asset Backed,4.865,,,,,1458170.0,SYNTHETIC DEMO - not market data,DEMO52 US Equity
Bond_53,BB,96.13,1.15,Issuer_B,2030-02-24,EUR,,,0.96,JP,174420000.0,N,Corporates,XS0000000538 Corp,XS0000000538,Bond,Industrial Products,Sr Non Preferred,0.853,,,,,191862000.00000003,SYNTHETIC DEMO - not market data,DEMO53 US Equity
Bond_54,AA,106.65,1.48,Issuer_C,2027-05-01,EUR,,,1.37,US,299010000.0,N,Corporates,XS0000000546 Corp,XS0000000546,Bond,Industrial Services,Sr Preferred,0.817,,,,,328911000.0,SYNTHETIC DEMO - not market data,DEMO54 US Equity
Bond_55,D,92.05,0.06,Issuer_C,2032-08-15,GBP,18.44,0.05,4.71,JP,101340000.0,Y,Corporates,XS0000000553 Corp,XS0000000553,Convertible,Insurance,Sr Subordinated,4.105,DEMO55 US Equity,69.0227,14.487987285342358,77.71867612293143,131742000.0,SYNTHETIC DEMO - not market data,DEMO55 US Equity
Bond_56,CCC,99.83,2.89,Issuer_A,2027-03-26,GBP,8.52,0.25,2.79,JP,322840000.0,Y,Corporates,XS0000000561 Corp,XS0000000561,Convertible,Materials,1st lien,2.698,DEMO56 US Equity,172.2987,5.803874318262413,91.992259491338,419692000.0,SYNTHETIC DEMO - not market data,DEMO56 US Equity
Bond_57,NR,97.61,4.54,Issuer_C,2034-07-10,USD,60.96,0.74,4.74,DE,331480000.0,Y,Corporates,XS0000000579 Corp,XS0000000579,Convertible,Media,2nd lien,4.188,DEMO57 US Equity,153.4216,6.51798703702738,60.642395626242546,331480000.0,SYNTHETIC DEMO - not market data,DEMO57 US Equity
Bond_58,AA,93.14,0.87,Issuer_A,2027-01-14,JPY,,,3.45,JP,181070000.0,N,Corporates,XS0000000587 Corp,XS0000000587,Bond,National,1.5 Lien,2.615,,,,,1267490.0,SYNTHETIC DEMO - not market data,DEMO58 US Equity
Bond_59,BB,104.14,3.51,Issuer_D,2026-11-08,GBP,78.78,0.63,3.31,DE,241310000.0,Y,Corporates,XS0000000595 Corp,XS0000000595,Convertible,Oil & Gas,Jr Subordinated,3.162,DEMO59 US Equity,124.8517,8.00950247373484,58.250363575344,313703000.0,SYNTHETIC DEMO - not market data,DEMO59 US Equity
Bond_60,A,108.17,4.13,Issuer_A,2025-03-26,GBP,59.5,0.82,4.61,JP,105960000.0,Y,Corporates,XS0000000603 Corp,XS0000000603,Convertible,Real Estate,Secured,4.36,DEMO60 US Equity,57.8138,17.296908350601413,67.81818181818183,137748000.0,SYNTHETIC DEMO - not market data,DEMO60 US Equity
Bond_61,CCC,108.85,2.5,Issuer_D,2032-02-20,USD,,,4.45,GB,321670000.0,N,Governments,XS0000000611 Corp,XS0000000611,Bond,Regional & Local,Sr Unsecured,3.52,,,,,321670000.0,SYNTHETIC DEMO - not market data,DEMO61 US Equity
Bond_62,AA,94.58,3.37,Issuer_A,2035-05-19,USD,76.31,0.18,2.59,JP,462230000.0,Y,Corporates,XS0000000629 Corp,XS0000000629,Convertible,Renewable Energy,Unsecured,1.614,DEMO62 US Equity,175.629,5.693820496615024,53.64414950938687,462230000.0,SYNTHETIC DEMO - not market data,DEMO62 US Equity
Bond_63,CCC,102.7,2.46,Issuer_A,2032-06-14,GBP,32.11,0.1,0.8,JP,362150000.0,Y,Corporates,XS0000000637 Corp,XS0000000637,Convertible,Retail & Wholesale - Staples,Asset Backed,-0.064,DEMO63 US Equity,164.4023,6.08263996306621,77.7382484293392,470795000.0,SYNTHETIC DEMO - not market data,DEMO63 US Equity
Bond_64,CCC,106.27,2.75,Issuer_D,2026-06-09,GBP,,,0.58,JP,439210000.0,N,Corporates,XS0000000645 Corp,XS0000000645,Bond,Retail & Whsle - Discretionary,Sr Non Preferred,0.358,,,,,570973000.0,SYNTHETIC DEMO - not market data,DEMO64 US Equity
Bond_65,NR,99.24,0.27,Issuer_C,2034-08-21,JPY,76.0,0.2,2.75,GB,247150000.0,Y,Corporates,XS0000000652 Corp,XS0000000652,Convertible,Software & Tech Services,Sr Preferred,2.29,DEMO65 US Equity,166.9856,5.988540329225993,56.38636363636363,1730050.0,SYNTHETIC DEMO - not market data,DEMO65 US Equity
Bond_66,AA,90.58,3.15,Issuer_B,2027-05-18,USD,,,2.76,US,151120000.0,N,Governments,XS0000000660 Corp,XS0000000660,Bond,Supranationals,Sr Subordinated,1.896,,,,,151120000.0,SYNTHETIC DEMO - not market data,DEMO66 US Equity
Bond_67,D,108.94,3.24,Issuer_B,2032-12-10,GBP,41.55,0.48,2.36,JP,298070000.0,Y,Corporates,XS0000000678 Corp,XS0000000678,Convertible,Tech Hardware & Semiconductors,1st lien,2.081,DEMO67 US Equity,194.04,5.153576582148011,76.96220416813847,387491000.0,SYNTHETIC DEMO - not market data,DEMO67 US Equity
Bond_68,BBB,108.44,2.54,Issuer_B,2026-05-25,JPY,,,1.7,GB,419250000.0,N,Corporates,XS0000000686 Corp,XS0000000686,Bond,Telecommunications,2nd lien,0.73,,,,,2934750.0,SYNTHETIC DEMO - not market data,DEMO68 US Equity
Bond_69,BB,106.75,2.9,Issuer_D,2027-08-18,JPY,,,1.73,JP,254910000.0,N,Corporates,XS0000000694 Corp,XS0000000694,Bond,Utilities,1.5 Lien,1.551,,,,,1784370.0,SYNTHETIC DEMO - not market data,DEMO69 US Equity
Bond_70,BBB,109.62,1.19,Issuer_D,2028-07-02,GBP,,,3.72,JP,223740000.0,N,Corporates,XS0000000702 Corp,XS0000000702,Bond,Banking,Jr Subordinated,2.757,,,,,290862000.0,SYNTHETIC DEMO - not market data,DEMO70 US Equity
Bond_71,D,109.3,0.63,Issuer_C,2026-08-04,JPY,1.53,0.14,4.35,DE,83670000.0,Y,Corporates,XS0000000710 Corp,XS0000000710,Convertible,Consumer Discretionary Products,Secured,4.242,DEMO71 US Equity,67.7839,14.752765774763624,107.65291046981187,585690.0,SYNTHETIC DEMO - not market data,DEMO71 US Equity
Bond_72,B,102.47,1.99,Issuer_A,2030-11-28,JPY,,,4.77,JP,442570000.0,N,Corporates,XS0000000728 Corp,XS0000000728,Bond,Consumer Discretionary Services,Sr Unsecured,4.193,,,,,3097990.0,SYNTHETIC DEMO - not market data,DEMO72 US Equity
Bond_73,AA,94.7,3.42,Issuer_C,2028-12-03,JPY,97.83,0.76,3.52,US,249660000.0,Y,Corporates,XS0000000736 Corp,XS0000000736,Convertible,Consumer Staple Products,Unsecured,2.811,DEMO73 US Equity,65.8501,15.186005791942609,47.869382803417075,1747620.0,SYNTHETIC DEMO - not market data,DEMO73 US Equity
Bond_74,AAA,90.92,3.98,Issuer_C,2030-06-14,EUR,,,1.22,JP,304670000.0,N,Corporates,XS0000000744 Corp,XS0000000744,Bond,Financial Services,Asset Backed,0.856,,,,,335137000.0,SYNTHETIC DEMO - not market data,DEMO74 US Equity
Bond_75,A,93.5,3.05,Issuer_D,2034-11-08,JPY,91.28,0.14,2.31,GB,256810000.0,Y,Corporates,XS0000000751 Corp,XS0000000751,Convertible,Health Care,Sr Non Preferred,1.646,DEMO75 US Equity,32.5953,30.679269710663807,48.881221246340445,1797670.0,SYNTHETIC DEMO - not market data,DEMO75 US Equity
Bond_76,D,108.02,3.39,Issuer_B,2026-08-12,GBP,63.89,0.42,1.25,GB,139650000.0,Y,Corporates,XS0000000769 Corp,XS0000000769,Convertible,Industrial Products,Sr Preferred,0.848,DEMO76 US Equity,93.5107,10.693963364620306,65.91006162670084,181545000.0,SYNTHETIC DEMO - not market data,DEMO76 US Equity
Bond_77,D,92.13,1.91,Issuer_C,2034-05-23,GBP,,,0.11,JP,173520000.0,N,Corporates,XS0000000777 Corp,XS0000000777,Bond,Industrial Services,Sr Subordinated,-0.506,,,,,225576000.0,SYNTHETIC DEMO - not market data,DEMO77 US Equity
Bond_78,D,106.66,4.51,Issuer_B,2034-06-08,EUR,62.09,0.68,3.6,DE,332710000.0,Y,Corporates,XS0000000785 Corp,XS0000000785,Convertible,Insurance,1st lien,3.052,DEMO78 US Equity,74.171,13.482358334119803,65.8029489789623,365981000.0,SYNTHETIC DEMO - not market data,DEMO78 US Equity
Bond_79,BB,105.77,0.17,Issuer_C,2027-02-10,GBP,74.75,0.18,0.66,GB,288880000.0,Y,Corporates,XS0000000793 Corp,XS0000000793,Convertible,Materials,2nd lien,0.446,DEMO79 US Equity,99.5888,10.041289783590122,60.52646638054363,375544000.0,SYNTHETIC DEMO - not market data,DEMO79 US Equity
Bond_80,A,95.14,4.12,Issuer_D,2029-12-28,GBP,,,4.02,JP,483300000.0,N,Corporates,XS0000000801 Corp,XS0000000801,Bond,Media,1.5 Lien,3.387,,,,,628290000.0,SYNTHETIC DEMO - not market data,DEMO80 US Equity
Bond_81,BBB,107.2,3.62,Issuer_D,2033-06-03,JPY,1.39,0.54,2.27,GB,313050000.0,Y,Corporates,XS0000000819 Corp,XS0000000819,Convertible,National,Jr Subordinated,1.452,DEMO81 US Equity,80.3339,12.448044972296875,105.7303481605681,2191350.0,SYNTHETIC DEMO - not market data,DEMO81 US Equity
Bond_82,AA,103.5,2.36,Issuer_C,2034-04-21,USD,,,3.18,JP,459220000.0,N,Corporates,XS0000000827 Corp,XS0000000827,Bond,Oil & Gas,Secured,2.705,,,,,459220000.0,SYNTHETIC DEMO - not market data,DEMO82 US Equity
Bond_83,CCC,92.33,0.23,Issuer_A,2029-08-04,USD,,,1.17,DE,224890000.0,N,Corporates,XS0000000835 Corp,XS0000000835,Bond,Real Estate,Sr Unsecured,0.32,,,,,224890000.0,SYNTHETIC DEMO - not market data,DEMO83 US Equity
Bond_84,NR,98.38,3.71,Issuer_B,2031-11-04,JPY,,,3.08,GB,64720000.0,N,Corporates,XS0000000843 Corp,XS0000000843,Bond,Regional & Local,Unsecured,3.007,,,,,453040.0,SYNTHETIC DEMO - not market data,DEMO84 US Equity
Bond_85,BBB,98.87,4.75,Issuer_C,2026-11-12,GBP,,,0.3,GB,135410000.0,N,Corporates,XS0000000850 Corp,XS0000000850,Bond,Renewable Energy,Asset Backed,-0.114,,,,,176033000.0,SYNTHETIC DEMO - not market data,DEMO85 US Equity
Bond_86,D,91.83,1.06,Issuer_A,2025-06-08,EUR,78.7,0.21,4.15,DE,313870000.0,Y,Corporates,XS0000000868 Corp,XS0000000868,Convertible,Retail & Wholesale - Staples,Sr Non Preferred,3.956,DEMO86 US Equity,133.3578,7.498624002495542,51.38780078343593,345257000.0,SYNTHETIC DEMO - not market data,DEMO86 US Equity
Bond_87,B,105.49,3.94,Issuer_A,2029-03-05,GBP,79.85,0.11,4.33,DE,56690000.0,Y,Corporates,XS0000000876 Corp,XS0000000876,Convertible,Retail & Whsle - Discretionary,Sr Preferred,4.223,DEMO87 US Equity,158.6083,6.3048402889382205,58.654434250764524,73697000.0,SYNTHETIC DEMO - not market data,DEMO87 US Equity
Bond_88,B,90.32,1.33,Issuer_B,2031-09-04,USD,47.62,0.78,2.57,US,253400000.0,Y,Corporates,XS0000000884 Corp,XS0000000884,Convertible,Software & Tech Services,Sr Subordinated,2.114,DEMO88 US Equity,172.7005,5.790371191745247,61.184121392765206,253400000.0,SYNTHETIC DEMO - not market data,DEMO88 US Equity
Bond_89,AAA,104.54,4.54,Issuer_C,2032-11-01,USD,99.86,0.85,2.13,US,270620000.0,Y,Corporates,XS0000000892 Corp,XS0000000892,Convertible,Supranationals,1st lien,1.411,DEMO89 US Equity,130.2774,7.675928441924693,52.30661463024117,270620000.0,SYNTHETIC DEMO - not market data,DEMO89 US Equity
Bond_90,AA,107.99,1.61,Issuer_B,2026-03-09,GBP,,,1.9,GB,254170000.0,N,Corporates,XS0000000900 Corp,XS0000000900,Bond,Tech Hardware & Semiconductors,2nd lien,1.641,,,,,330421000.0,SYNTHETIC DEMO - not market data,DEMO90 US Equity
Bond_91,AA,105.86,0.57,Issuer_B,2031-08-08,JPY,,,1.69,JP,229430000.0,N,Governments,XS0000000918 Corp,XS0000000918,Bond,Telecommunications,1.5 Lien,1.443,,,,,1606010.0,SYNTHETIC DEMO - not market data,DEMO91 US Equity
Bond_92,B,98.54,3.33,Issuer_C,2027-11-16,USD,9.12,0.09,2.16,GB,415300000.0,Y,Corporates,XS0000000926 Corp,XS0000000926,Convertible,Utilities,Jr Subordinated,1.394,DEMO92 US Equity,134.7791,7.419547986297578,90.3042521994135,415300000.0,SYNTHETIC DEMO - not market data,DEMO92 US Equity
Bond_93,NR,101.23,3.35,Issuer_D,2030-11-25,JPY,86.81,0.72,4.84,GB,208240000.0,Y,Corporates,XS0000000934 Corp,XS0000000934,Convertible,Banking,Secured,4.3,DEMO93 US Equity,77.5477,12.89528896408275,54.18874792569991,1457680.0,SYNTHETIC DEMO - not market data,DEMO93 US Equity
Bond_94,A,103.13,1.12,Issuer_A,2030-09-12,USD,76.26,0.57,4.04,US,324050000.0,Y,Corporates,XS0000000942 Corp,XS0000000942,Convertible,Consumer Discretionary Products,Sr Unsecured,3.624,DEMO94 US Equity,117.67,8.498342823149486,58.510155452172924,324050000.0,SYNTHETIC DEMO - not market data,DEMO94 US Equity
Bond_95,AAA,93.61,3.51,Issuer_C,2030-06-01,EUR,,,4.35,JP,81310000.0,N,Corporates,XS0000000959 Corp,XS0000000959,Bond,Consumer Discretionary Services,Unsecured,3.584,,,,,89441000.0,SYNTHETIC DEMO - not market data,DEMO95 US Equity
Bond_96,AA,104.92,1.08,Issuer_D,2032-06-06,GBP,31.16,0.32,4.71,US,447500000.0,Y,Corporates,XS0000000967 Corp,XS0000000967,Convertible,Consumer Staple Products,Asset Backed,4.704,DEMO96 US Equity,88.4686,11.303445516262268,79.99390057944497,581750000.0,SYNTHETIC DEMO - not market data,DEMO96 US Equity
Bond_97,A,105.09,0.25,Issuer_A,2029-08-22,JPY,48.57,0.44,1.37,US,205330000.0,Y,Corporates,XS0000000975 Corp,XS0000000975,Convertible,Financial Services,Sr Non Preferred,0.767,DEMO97 US Equity,118.3038,8.452813857204925,70.73433398398062,1437310.0,SYNTHETIC DEMO - not market data,DEMO97 US Equity
Bond_98,BB,103.56,2.97,Issuer_C,2025-04-13,USD,0.77,0.3,1.06,DE,393870000.0,Y,Corporates,XS0000000983 Corp,XS0000000983,Convertible,Health Care,Sr Preferred,0.895,DEMO98 US Equity,92.777,10.778533472735699,102.76868115510568,393870000.0,SYNTHETIC DEMO - not market data,DEMO98 US Equity
Bond_99,B,92.4,2.49,Issuer_D,2027-03-13,EUR,,,2.5,GB,82430000.0,N,Corporates,XS0000000991 Corp,XS0000000991,Bond,Industrial Products,Sr Subordinated,2.473,,,,,90673000.0,SYNTHETIC DEMO - not market data,DEMO99 US Equity
Bond_100,CCC,90.37,4.61,Issuer_C,2034-07-19,JPY,70.95,0.42,0.58,US,484790000.0,Y,Corporates,XS0000001007 Corp,XS0000001007,Convertible,Industrial Services,1st lien,0.444,DEMO100 US Equity,135.6949,7.369473723772964,52.863410353904655,3393530.0,SYNTHETIC DEMO - not market data,DEMO100 US Equity
Bond_101,D,106.64,4.6,Issuer_A,2031-02-08,JPY,58.89,0.52,1.98,GB,385610000.0,Y,Corporates,XS0000001015 Corp,XS0000001015,Convertible,Insurance,2nd lien,1.228,DEMO101 US Equity,88.2427,11.332382168723305,67.11561457612184,2699270.0,SYNTHETIC DEMO - not market data,DEMO101 US Equity
Bond_102,B,105.58,0.38,Issuer_A,2033-09-07,GBP,35.11,0.96,3.23,DE,156320000.0,Y,Corporates,XS0000001023 Corp,XS0000001023,Convertible,Materials,1.5 Lien,2.58,DEMO102 US Equity,82.9929,12.049223487792329,78.14373473466065,203216000.0,SYNTHETIC DEMO - not market data,DEMO102 US Equity
Bond_103,BB,93.95,3.01,Issuer_A,2027-11-16,JPY,75.44,0.76,2.24,GB,438910000.0,Y,Corporates,XS0000001031 Corp,XS0000001031,Convertible,Media,Jr Subordinated,2.114,DEMO103 US Equity,47.4288,21.084235738622944,53.551071591427274,3072370.0,SYNTHETIC DEMO - not market data,DEMO103 US Equity
Bond_104,A,98.8,2.34,Issuer_C,2029-10-02,GBP,,,2.54,GB,257779999.99999997,N,Corporates,XS0000001049 Corp,XS0000001049,Bond,National,Secured,1.933,,,,,335114000.0,SYNTHETIC DEMO - not market data,DEMO104 US Equity
Bond_105,AAA,97.37,1.44,Issuer_A,2034-10-17,JPY,46.27,0.55,3.96,US,252380000.0,Y,Corporates,XS0000001056 Corp,XS0000001056,Convertible,Oil & Gas,Sr Unsecured,3.845,DEMO105 US Equity,154.6266,6.467192578767172,66.56867436931701,1766660.0,SYNTHETIC DEMO - not market data,DEMO105 US Equity
Bond_106,B,102.1,2.51,Issuer_A,2032-02-26,GBP,98.24,0.08,3.23,US,161480000.0,Y,Corporates,XS0000001064 Corp,XS0000001064,Convertible,Real Estate,Unsecured,2.833,DEMO106 US Equity,192.4711,5.195585207337621,51.50322841000807,209924000.0,SYNTHETIC DEMO - not market data,DEMO106 US Equity
Bond_107,D,100.48,3.05,Issuer_C,2030-05-13,JPY,,,3.87,US,405150000.0,N,Corporates,XS0000001072 Corp,XS0000001072,Bond,Regional & Local,Asset Backed,3.02,,,,,2836050.0,SYNTHETIC DEMO - not market data,DEMO107 US Equity
Bond_108,AA,96.59,2.79,Issuer_D,2029-05-24,EUR,,,1.67,DE,462540000.0,N,Corporates,XS0000001080 Corp,XS0000001080,Bond,Renewable Energy,Sr Non Preferred,1.07,,,,,508794000.00000006,SYNTHETIC DEMO - not market data,DEMO108 US Equity
Bond_109,CCC,92.58,3.54,Issuer_A,2029-09-13,GBP,,,4.07,US,340710000.0,N,Corporates,XS0000001098 Corp,XS0000001098,Bond,Retail & Wholesale - Staples,Sr Preferred,3.949,,,,,442923000.0,SYNTHETIC DEMO - not market data,DEMO109 US Equity
Bond_110,NR,97.24,1.81,Issuer_B,2028-06-25,JPY,,,0.96,DE,119730000.0,N,Corporates,XS0000001106 Corp,XS0000001106,Bond,Retail & Whsle - Discretionary,Sr Subordinated,-0.024,,,,,838110.0,SYNTHETIC DEMO - not market data,DEMO110 US Equity
Bond_111,AA,100.15,2.7,Issuer_A,2035-06-25,EUR,,,2.99,DE,123010000.0,N,Governments,XS0000001114 Corp,XS0000001114,Bond,Software & Tech Services,1st lien,2.207,,,,,135311000.0,SYNTHETIC DEMO - not market data,DEMO111 US Equity
Bond_112,D,90.87,1.82,Issuer_B,2032-10-10,JPY,23.4,0.24,4.83,JP,456790000.0,Y,Corporates,XS0000001122 Corp,XS0000001122,Convertible,Supranationals,2nd lien,4.402,DEMO112 US Equity,82.4967,12.121696989091685,73.63857374392221,3197530.0,SYNTHETIC DEMO - not market data,DEMO112 US Equity
Bond_113,B,103.57,2.85,Issuer_D,2032-05-25,JPY,50.29,0.42,0.81,DE,410570000.0,Y,Corporates,XS0000001130 Corp,XS0000001130,Convertible,Tech Hardware & Semiconductors,1.5 Lien,0.174,DEMO113 US Equity,192.9418,5.182910079619865,68.91343402754674,2873990.0,SYNTHETIC DEMO - not market data,DEMO113 US Equity
Bond_114,BB,91.04,2.4,Issuer_C,2033-02-23,USD,28.51,0.76,1.36,DE,423970000.0,Y,Corporates,XS0000001148 Corp,XS0000001148,Convertible,Telecommunications,Jr Subordinated,0.822,DEMO114 US Equity,165.4759,6.043176075791097,70.84273597385419,423970000.0,SYNTHETIC DEMO - not market data,DEMO114 US Equity
Bond_115,BBB,106.33,4.42,Issuer_A,2031-01-13,GBP,23.58,0.99,1.87,US,193410000.0,Y,Corporates,XS0000001155 Corp,XS0000001155,Convertible,Utilities,Secured,0.988,DEMO115 US Equity,35.5993,28.090439980561417,86.04143065220909,251433000.0,SYNTHETIC DEMO - not market data,DEMO115 US Equity
Bond_116,B,105.83,0.69,Issuer_C,2032-12-27,EUR,75.88,0.47,3.08,US,58550000.0,Y,Corporates,XS0000001163 Corp,XS0000001163,Convertible,Banking,Sr Unsecured,2.868,DEMO116 US Equity,52.7312,18.964104742543313,60.17170798271549,64405000.00000001,SYNTHETIC DEMO - not market data,DEMO116 US Equity
Bond_117,A,100.98,3.64,Issuer_D,2026-05-08,GBP,12.18,0.24,3.19,JP,78260000.0,Y,Corporates,XS0000001171 Corp,XS0000001171,Convertible,Consumer Discretionary Products,Unsecured,3.104,DEMO117 US Equity,190.6513,5.245177976756518,90.01604564093422,101738000.0,SYNTHETIC DEMO - not market data,DEMO117 US Equity
Bond_118,NR,90.33,2.58,Issuer_B,2027-05-14,USD,,,3.07,DE,306800000.0,N,Corporates,XS0000001189 Corp,XS0000001189,Bond,Consumer Discretionary Services,Asset Backed,2.277,,,,,306800000.0,SYNTHETIC DEMO - not market data,DEMO118 US Equity
Bond_119,AA,100.47,1.8,Issuer_A,2031-08-02,JPY,98.1,0.25,0.08,US,205160000.0,Y,Corporates,XS0000001197 Corp,XS0000001197,Convertible,Consumer Staple Products,Sr Non Preferred,-0.142,DEMO119 US Equity,36.7496,27.211180529856108,50.71680969207471,1436120.0,SYNTHETIC DEMO - not market data,DEMO119 US Equity
Bond_120,B,92.67,1.76,Issuer_C,2035-03-27,JPY,98.08,0.48,0.91,DE,78400000.0,Y,Corporates,XS0000001205 Corp,XS0000001205,Convertible,Financial Services,Sr Preferred,0.579,DEMO120 US Equity,154.2684,6.482208929372444,46.78412762520194,548800.0,SYNTHETIC DEMO - not market data,DEMO120 US Equity
Bond_121,AAA,95.87,0.22,Issuer_B,2025-06-10,JPY,,,4.95,JP,163990000.0,N,Governments,XS0000001213 Corp,XS0000001213,Bond,Health Care,Sr Subordinated,4.414,,,,,1147930.0,SYNTHETIC DEMO - not market data,DEMO121 US Equity
Bond_122,BB,97.14,3.9,Issuer_C,2029-02-26,GBP,43.7,0.4,2.2,JP,202570000.0,Y,Corporates,XS0000001221 Corp,XS0000001221,Convertible,Industrial Products,1st lien,2.015,DEMO122 US Equity,157.1941,6.361561916127895,67.59916492693111,263341000.0,SYNTHETIC DEMO - not market data,DEMO122 US Equity
Bond_123,D,103.84,1.84,Issuer_C,2026-12-14,USD,43.06,1.0,0.9,GB,194550000.0,Y,Corporates,XS0000001239 Corp,XS0000001239,Convertible,Industrial Services,2nd lien,0.706,DEMO123 US Equity,38.0947,26.250370786487355,72.58492940025164,194550000.0,SYNTHETIC DEMO - not market data,DEMO123 US Equity
Bond_124,B,103.22,1.53,Issuer_D,2027-12-15,GBP,44.71,0.73,4.56,JP,173550000.0,Y,Corporates,XS0000001247 Corp,XS0000001247,Convertible,Insurance,1.5 Lien,3.863,DEMO124 US Equity,119.6046,8.36088244097635,71.32886462580333,225615000.0,SYNTHETIC DEMO - not market data,DEMO124 US Equity
Bond_125,AA,103.42,2.03,Issuer_B,2025-03-28,JPY,3.48,0.07,3.89,GB,212970000.0,Y,Corporates,XS0000001254 Corp,XS0000001254,Convertible,Materials,Jr Subordinated,3.706,DEMO125 US Equity,99.2844,10.072075774240464,99.94201778121376,1490790.0,SYNTHETIC DEMO - not market data,DEMO125 US Equity
Bond_126,A,103.58,4.74,Issuer_C,2032-02-19,EUR,52.95,0.4,3.25,DE,482230000.0,Y,Corporates,XS0000001262 Corp,XS0000001262,Convertible,Media,Secured,3.196,DEMO126 US Equity,133.3002,7.501864213256995,67.72147760706113,530453000.00000006,SYNTHETIC DEMO - not market data,DEMO126 US Equity
Bond_127,A,99.98,1.93,Issuer_A,2029-05-23,JPY,21.46,0.61,3.47,JP,140080000.0,Y,Corporates,XS0000001270 Corp,XS0000001270,Convertible,National,Sr Unsecured,2.679,DEMO127 US Equity,129.1372,7.743702047125073,82.31516548657996,980560.0,SYNTHETIC DEMO - not market data,DEMO127 US Equity
Bond_128,AA,99.04,4.49,Issuer_D,2026-11-28,GBP,66.78,0.71,2.75,GB,451100000.0,Y,Corporates,XS0000001288 Corp,XS0000001288,Convertible,Oil & Gas,Unsecured,2.129,DEMO128 US Equity,74.9684,13.338953479065847,59.38361913898549,586430000.0,SYNTHETIC DEMO - not market data,DEMO128 US Equity
Bond_129,A,105.87,2.54,Issuer_A,2028-03-08,JPY,2.63,0.55,1.84,DE,325380000.0,Y,Corporates,XS0000001296 Corp,XS0000001296,Convertible,Real Estate,Asset Backed,1.666,DEMO129 US Equity,48.2703,20.716672570918348,103.15697164571763,2277660.0,SYNTHETIC DEMO - not market data,DEMO129 US Equity
Bond_130,AA,96.19,5.0,Issuer_D,2033-07-25,JPY,82.33,0.07,4.86,US,252490000.0,Y,Corporates,XS0000001304 Corp,XS0000001304,Convertible,Regional & Local,Sr Non Preferred,4.157,DEMO130 US Equity,147.252,6.791079238312552,52.75599188284977,1767430.0,SYNTHETIC DEMO - not market data,DEMO130 US Equity
Bond_131,A,107.56,3.9,Issuer_B,2027-07-17,USD,,,4.16,DE,186860000.0,N,Governments,XS0000001312 Corp,XS0000001312,Bond,Renewable Energy,Sr Preferred,3.226,,,,,186860000.0,SYNTHETIC DEMO - not market data,DEMO131 US Equity
Bond_132,B,108.69,1.13,Issuer_C,2026-05-07,GBP,12.52,0.3,2.67,DE,316310000.0,Y,Corporates,XS0000001320 Corp,XS0000001320,Convertible,Retail & Wholesale - Staples,Sr Subordinated,2.125,DEMO132 US Equity,96.525,10.36001036001036,96.59616068254533,411203000.0,SYNTHETIC DEMO - not market data,DEMO132 US Equity
Bond_133,A,103.17,3.6,Issuer_C,2034-01-27,USD,8.12,0.95,3.86,GB,343010000.0,Y,Corporates,XS0000001338 Corp,XS0000001338,Convertible,Retail & Whsle - Discretionary,1st lien,3.291,DEMO133 US Equity,154.8124,6.459430898300137,95.42175360710323,343010000.0,SYNTHETIC DEMO - not market data,DEMO133 US Equity
Bond_134,AAA,99.96,3.14,Issuer_C,2035-05-16,EUR,,,4.02,JP,183850000.0,N,Corporates,XS0000001346 Corp,XS0000001346,Bond,Software & Tech Services,2nd lien,3.526,,,,,202235000.00000003,SYNTHETIC DEMO - not market data,DEMO134 US Equity
Bond_135,AAA,93.16,2.08,Issuer_D,2028-06-20,EUR,31.26,0.72,3.67,GB,488920000.0,Y,Corporates,XS0000001353 Corp,XS0000001353,Convertible,Supranationals,1.5 Lien,3.63,DEMO135 US Equity,34.4795,29.002740759001725,70.97364010361115,537812000.0,SYNTHETIC DEMO - not market data,DEMO135 US Equity
Bond_136,B,100.3,0.53,Issuer_B,2032-02-09,JPY,24.79,0.1,1.45,JP,438870000.0,Y,Corporates,XS0000001361 Corp,XS0000001361,Convertible,Tech Hardware & Semiconductors,Jr Subordinated,0.499,DEMO136 US Equity,123.5358,8.094819477430834,80.37503005048481,3072090.0,SYNTHETIC DEMO - not market data,DEMO136 US Equity
Bond_137,BBB,109.25,4.51,Issuer_C,2034-12-11,EUR,,,3.82,JP,498190000.0,N,Corporates,XS0000001379 Corp,XS0000001379,Bond,Telecommunications,Secured,3.168,,,,,548009000.0,SYNTHETIC DEMO - not market data,DEMO137 US Equity
Bond_138,D,107.58,2.49,Issuer_A,2031-09-15,EUR,,,1.08,GB,71900000.0,N,Corporates,XS0000001387 Corp,XS0000001387,Bond,Utilities,Sr Unsecured,0.164,,,,,79090000.0,SYNTHETIC DEMO - not market data,DEMO138 US Equity
Bond_139,D,101.95,4.21,Issuer_D,2029-09-01,USD,,,2.15,GB,377380000.0,N,Corporates,XS0000001395 Corp,XS0000001395,Bond,Banking,Unsecured,1.969,,,,,377380000.0,SYNTHETIC DEMO - not market data,DEMO139 US Equity
Bond_140,B,90.9,0.26,Issuer_B,2030-09-10,USD,,,1.93,JP,393980000.0,N,Corporates,XS0000001403 Corp,XS0000001403,Bond,Consumer Discretionary Products,Asset Backed,1.345,,,,,393980000.0,SYNTHETIC DEMO - not market data,DEMO140 US Equity
Bond_141,AA,92.57,0.48,Issuer_C,2030-09-12,EUR,,,1.0,JP,275040000.0,N,Governments,XS0000001411 Corp,XS0000001411,Bond,Consumer Discretionary Services,Sr Non Preferred,0.365,,,,,302544000.0,SYNTHETIC DEMO - not market data,DEMO141 US Equity
Bond_142,AAA,92.74,1.67,Issuer_D,2033-08-05,EUR,32.8,0.61,0.81,GB,317180000.0,Y,Corporates,XS0000001429 Corp,XS0000001429,Convertible,Consumer Staple Products,Sr Preferred,0.719,DEMO142 US Equity,108.5106,9.215689527106107,69.8343373493976,348898000.0,SYNTHETIC DEMO - not market data,DEMO142 US Equity
Bond_143,BB,99.5,0.08,Issuer_C,2035-02-14,GBP,,,3.98,US,318610000.0,N,Corporates,XS0000001437 Corp,XS0000001437,Bond,Financial Services,Sr Subordinated,3.692,,,,,414193000.0,SYNTHETIC DEMO - not market data,DEMO143 US Equity
Bond_144,BBB,104.43,2.92,Issuer_B,2033-11-24,JPY,,,0.74,DE,64209999.99999999,N,Corporates,XS0000001445 Corp,XS0000001445,Bond,Health Care,1st lien,-0.205,,,,,449469.99999999994,SYNTHETIC DEMO - not market data,DEMO144 US Equity
Bond_145,BBB,90.38,1.57,Issuer_B,2031-12-07,JPY,50.18,0.61,2.36,US,367600000.0,Y,Corporates,XS0000001452 Corp,XS0000001452,Convertible,Industrial Products,2nd lien,1.81,DEMO145 US Equity,166.4419,6.0081025270680035,60.18111599414036,2573200.0,SYNTHETIC DEMO - not market data,DEMO145 US Equity
Bond_146,NR,96.5,3.31,Issuer_D,2030-03-15,GBP,54.63,0.68,4.34,GB,324530000.0,Y,Corporates,XS0000001460 Corp,XS0000001460,Convertible,Industrial Services,1.5 Lien,3.682,DEMO146 US Equity,197.8615,5.054040326187763,62.407036150811614,421889000.0,SYNTHETIC DEMO - not market data,DEMO146 US Equity
Bond_147,BBB,95.58,1.49,Issuer_C,2029-12-07,JPY,31.7,0.35,4.67,GB,179510000.0,Y,Corporates,XS0000001478 Corp,XS0000001478,Convertible,Insurance,Jr Subordinated,4.466,DEMO147 US Equity,156.7983,6.377620165524753,72.57403189066059,1256570.0,SYNTHETIC DEMO - not market data,DEMO147 US Equity
Bond_148,CCC,106.37,4.77,Issuer_B,2029-01-10,USD,,,1.73,JP,345190000.0,N,Corporates,XS0000001486 Corp,XS0000001486,Bond,Materials,Secured,1.121,,,,,345190000.0,SYNTHETIC DEMO - not market data,DEMO148 US Equity
Bond_149,BBB,94.04,2.69,Issuer_C,2027-02-20,EUR,,,1.21,DE,337080000.0,N,Corporates,XS0000001494 Corp,XS0000001494,Bond,Media,Sr Unsecured,0.971,,,,,370788000.00000006,SYNTHETIC DEMO - not market data,DEMO149 US Equity
Bond_150,AA,98.27,3.59,Issuer_A,2035-03-01,EUR,40.69,0.94,4.39,JP,342740000.0,Y,Corporates,XS0000001502 Corp,XS0000001502,Convertible,National,Unsecured,3.839,DEMO150 US Equity,48.5081,20.61511376450531,69.84860331224678,377014000.00000006,SYNTHETIC DEMO - not market data,DEMO150 US Equity
Bond_151,B,95.71,0.3,Issuer_A,2035-10-08,USD,,,4.57,DE,238050000.0,N,Governments,XS0000001510 Corp,XS0000001510,Bond,Oil & Gas,Asset Backed,3.738,,,,,238050000.0,SYNTHETIC DEMO - not market data,DEMO151 US Equity
Bond_152,AAA,109.94,1.98,Issuer_D,2027-12-28,GBP,87.67,0.01,2.84,US,467800000.0,Y,Corporates,XS0000001528 Corp,XS0000001528,Convertible,Real Estate,Sr Non Preferred,2.123,DEMO152 US Equity,109.7076,9.115138787103172,58.58155272552885,608140000.0,SYNTHETIC DEMO - not market data,DEMO152 US Equity
Bond_153,BB,99.09,3.21,Issuer_D,2027-09-15,GBP,,,0.96,US,198810000.0,N,Corporates,XS0000001536 Corp,XS0000001536,Bond,Regional & Local,Sr Preferred,0.576,,,,,258453000.0,SYNTHETIC DEMO - not market data,DEMO153 US Equity
Bond_154,BB,104.37,0.07,Issuer_C,2029-10-22,EUR,,,0.88,JP,422150000.0,N,Corporates,XS0000001544 Corp,XS0000001544,Bond,Renewable Energy,Sr Subordinated,-0.042,,,,,464365000.00000006,SYNTHETIC DEMO - not market data,DEMO154 US Equity
Bond_155,AA,98.02,0.48,Issuer_B,2032-06-08,USD,,,1.3,DE,251030000.0,N,Corporates,XS0000001551 Corp,XS0000001551,Bond,Retail & Wholesale - Staples,1st lien,0.792,,,,,251030000.0,SYNTHETIC DEMO - not market data,DEMO155 US Equity
Bond_156,B,96.04,3.61,Issuer_A,2029-11-12,EUR,,,0.31,US,259430000.0,N,Governments,XS0000001569 Corp,XS0000001569,Bond,Retail & Whsle - Discretionary,2nd lien,-0.569,,,,,285373000.0,SYNTHETIC DEMO - not market data,DEMO156 US Equity
Bond_157,CCC,103.72,4.62,Issuer_C,2026-11-10,GBP,61.46,0.22,0.67,DE,254740000.0,Y,Corporates,XS0000001577 Corp,XS0000001577,Convertible,Software & Tech Services,1.5 Lien,0.394,DEMO157 US Equity,175.5248,5.697200623501637,64.23882076055989,331162000.0,SYNTHETIC DEMO - not market data,DEMO157 US Equity
Bond_158,CCC,104.04,4.56,Issuer_B,2028-11-25,USD,,,2.63,GB,85150000.0,N,Corporates,XS0000001585 Corp,XS0000001585,Bond,Supranationals,Jr Subordinated,2.331,,,,,85150000.0,SYNTHETIC DEMO - not market data,DEMO158 US Equity
Bond_159,AAA,106.58,4.51,Issuer_B,2034-09-05,EUR,32.81,0.52,0.58,DE,372610000.0,Y,Corporates,XS0000001593 Corp,XS0000001593,Convertible,Tech Hardware & Semiconductors,Secured,-0.419,DEMO159 US Equity,125.6488,7.958691209148038,80.24998117611625,409871000.00000006,SYNTHETIC DEMO - not market data,DEMO159 US Equity
Bond_160,AA,107.98,2.23,Issuer_A,2032-03-17,JPY,,,2.28,US,301460000.0,N,Corporates,XS0000001601 Corp,XS0000001601,Bond,Telecommunications,Sr Unsecured,1.825,,,,,2110220.0,SYNTHETIC DEMO - not market data,DEMO160 US Equity
Bond_161,AAA,97.92,4.08,Issuer_B,2034-02-02,JPY,,,1.72,US,293520000.0,N,Governments,XS0000001619 Corp,XS0000001619,Bond,Utilities,Unsecured,1.398,,,,,2054640.0,SYNTHETIC DEMO - not market data,DEMO161 US Equity
Bond_162,AA,109.72,2.36,Issuer_C,2031-03-25,EUR,76.58,0.98,3.23,JP,218510000.0,Y,Corporates,XS0000001627 Corp,XS0000001627,Convertible,Banking,Asset Backed,2.533,DEMO162 US Equity,53.9574,18.533139106035502,62.136142258466414,240361000.00000003,SYNTHETIC DEMO - not market data,DEMO162 US Equity
Bond_163,D,107.39,4.53,Issuer_D,2026-11-22,EUR,,,3.27,GB,103380000.0,N,Corporates,XS0000001635 Corp,XS0000001635,Bond,Consumer Discretionary Products,Sr Non Preferred,2.459,,,,,113718000.00000001,SYNTHETIC DEMO - not market data,DEMO163 US Equity
Bond_164,NR,92.55,4.89,Issuer_A,2025-05-15,JPY,,,2.66,DE,161380000.0,N,Corporates,XS0000001643 Corp,XS0000001643,Bond,Consumer Discretionary Services,Sr Preferred,2.274,,,,,1129660.0,SYNTHETIC DEMO - not market data,DEMO164 US Equity
Bond_165,A,95.51,4.69,Issuer_A,2025-11-14,USD,,,1.2,US,95400000.0,N,Corporates,XS0000001650 Corp,XS0000001650,Bond,Consumer Staple Products,Sr Subordinated,0.536,,,,,95400000.0,SYNTHETIC DEMO - not market data,DEMO165 US Equity
Bond_166,D,101.96,3.52,Issuer_A,2028-12-02,JPY,43.9,0.54,3.77,US,113060000.0,Y,Corporates,XS0000001668 Corp,XS0000001668,Convertible,Financial Services,1st lien,2.789,DEMO166 US Equity,167.7346,5.96179917560241,70.85476025017373,791420.0,SYNTHETIC DEMO - not market data,DEMO166 US Equity
Bond_167,BBB,106.32,3.66,Issuer_C,2034-10-25,GBP,,,1.18,DE,493560000.0,N,Corporates,XS0000001676 Corp,XS0000001676,Bond,Health Care,2nd lien,0.74,,,,,641628000.0,SYNTHETIC DEMO - not market data,DEMO167 US Equity
Bond_168,CCC,96.01,0.3,Issuer_B,2035-11-14,JPY,4.69,0.34,3.22,JP,403610000.0,Y,Corporates,XS0000001684 Corp,XS0000001684,Convertible,Industrial Products,1.5 Lien,2.763,DEMO168 US Equity,114.6712,8.720585465225794,91.70885471391729,2825270.0,SYNTHETIC DEMO - not market data,DEMO168 US Equity
Bond_169,CCC,98.17,1.5,Issuer_B,2033-08-08,EUR,,,1.5,DE,412600000.0,N,Corporates,XS0000001692 Corp,XS0000001692,Bond,Industrial Services,Jr Subordinated,1.161,,,,,453860000.00000006,SYNTHETIC DEMO - not market data,DEMO169 US Equity
Bond_170,NR,98.25,2.08,Issuer_B,2031-04-09,EUR,33.03,0.08,2.25,GB,91610000.0,Y,Corporates,XS0000001700 Corp,XS0000001700,Convertible,Insurance,Secured,1.6,DEMO170 US Equity,144.6868,6.911480522065593,73.85552131098248,100771000.00000001,SYNTHETIC DEMO - not market data,DEMO170 US Equity
Bond_171,AAA,95.37,3.37,Issuer_A,2026-04-26,EUR,47.94,0.87,1.66,US,145310000.0,Y,Corporates,XS0000001718 Corp,XS0000001718,Convertible,Materials,Sr Unsecured,0.788,DEMO171 US Equity,156.6923,6.381934530286428,64.46532377991078,159841000.0,SYNTHETIC DEMO - not market data,DEMO171 US Equity
Bond_172,AA,104.94,3.77,Issuer_B,2034-12-07,JPY,91.51,0.55,3.88,JP,259810000.0,Y,Corporates,XS0000001726 Corp,XS0000001726,Convertible,Media,Unsecured,3.782,DEMO172 US Equity,98.1149,10.192131878032797,54.796094198736355,1818670.0,SYNTHETIC DEMO - not market data,DEMO172 US Equity
Bond_173,BB,95.23,2.56,Issuer_D,2032-02-26,JPY,,,3.81,GB,461450000.0,N,Corporates,XS0000001734 Corp,XS0000001734,Bond,National,Asset Backed,3.014,,,,,3230150.0,SYNTHETIC DEMO - not market data,DEMO173 US Equity
Bond_174,B,98.28,2.81,Issuer_B,2027-01-09,JPY,,,1.48,DE,198440000.0,N,Corporates,XS0000001742 Corp,XS0000001742,Bond,Oil & Gas,Sr Non Preferred,1.187,,,,,1389080.0,SYNTHETIC DEMO - not market data,DEMO174 US Equity
Bond_175,BBB,99.99,3.27,Issuer_C,2029-08-24,JPY,,,2.3,GB,126170000.0,N,Corporates,XS0000001759 Corp,XS0000001759,Bond,Real Estate,Sr Preferred,1.925,,,,,883190.0,SYNTHETIC DEMO - not market data,DEMO175 US Equity
Bond_176,A,108.34,2.71,Issuer_A,2033-01-27,USD,,,4.73,US,393950000.0,N,Governments,XS0000001767 Corp,XS0000001767,Bond,Regional & Local,Sr Subordinated,4.584,,,,,393950000.0,SYNTHETIC DEMO - not market data,DEMO176 US Equity
Bond_177,A,106.85,1.16,Issuer_B,2025-04-17,JPY,,,1.87,JP,346680000.0,N,Corporates,XS0000001775 Corp,XS0000001775,Bond,Renewable Energy,1st lien,1.339,,,,,2426760.0,SYNTHETIC DEMO - not market data,DEMO177 US Equity
Bond_178,AAA,100.64,2.06,Issuer_A,2033-12-09,GBP,1.71,0.81,3.37,DE,98160000.0,Y,Corporates,XS0000001783 Corp,XS0000001783,Convertible,Retail & Wholesale - Staples,2nd lien,2.577,DEMO178 US Equity,121.8671,8.205660100223932,98.94798938157508,127608000.0,SYNTHETIC DEMO - not market data,DEMO178 US Equity
Bond_179,NR,92.98,0.96,Issuer_C,2030-05-26,JPY,7.9,0.96,2.29,DE,495600000.0,Y,Corporates,XS0000001791 Corp,XS0000001791,Convertible,Retail & Whsle - Discretionary,1.5 Lien,1.829,DEMO179 US Equity,45.7612,21.85257379614171,86.17238183503244,3469200.0,SYNTHETIC DEMO - not market data,DEMO179 US Equity
Bond_180,BB,103.68,4.24,Issuer_A,2026-07-13,JPY,55.27,0.06,0.05,DE,87210000.0,Y,Corporates,XS0000001809 Corp,XS0000001809,Convertible,Software & Tech Services,Jr Subordinated,-0.392,DEMO180 US Equity,48.4356,20.645971145190728,66.77400656920203,610470.0,SYNTHETIC DEMO - not market data,DEMO180 US Equity
Bond_181,B,101.32,4.29,Issuer_A,2033-01-08,EUR,,,4.51,JP,171990000.0,N,Governments,XS0000001817 Corp,XS0000001817,Bond,Supranationals,Secured,4.311,,,,,189189000.00000003,SYNTHETIC DEMO - not market data,DEMO181 US Equity
Bond_182,BB,107.99,2.82,Issuer_A,2027-06-01,EUR,58.7,0.75,3.56,JP,467990000.0,Y,Corporates,XS0000001825 Corp,XS0000001825,Convertible,Tech Hardware & Semiconductors,Sr Unsecured,3.077,DEMO182 US Equity,89.2448,11.205134640897846,68.04662885948329,514789000.00000006,SYNTHETIC DEMO - not market data,DEMO182 US Equity
Bond_183,A,101.28,2.83,Issuer_D,2035-09-11,JPY,,,3.78,DE,405720000.0,N,Corporates,XS0000001833 Corp,XS0000001833,Bond,Telecommunications,Unsecured,3.122,,,,,2840040.0,SYNTHETIC DEMO - not market data,DEMO183 US Equity
Bond_184,NR,104.91,1.73,Issuer_A,2031-04-27,USD,34.06,0.77,4.77,JP,486010000.0,Y,Corporates,XS0000001841 Corp,XS0000001841,Convertible,Utilities,Asset Backed,4.204,DEMO184 US Equity,69.4065,14.407872461512971,78.2560047739818,486010000.0,SYNTHETIC DEMO - not market data,DEMO184 US Equity
Bond_185,AAA,102.68,3.92,Issuer_D,2032-04-12,JPY,,,2.16,JP,88560000.0,N,Corporates,XS0000001858 Corp,XS0000001858,Bond,Banking,Sr Non Preferred,1.874,,,,,619920.0,SYNTHETIC DEMO - not market data,DEMO185 US Equity
Bond_186,BBB,104.26,0.41,Issuer_B,2031-12-26,EUR,,,3.7,GB,212320000.0,N,Governments,XS0000001866 Corp,XS0000001866,Bond,Consumer Discretionary Products,Sr Preferred,2.901,,,,,233552000.00000003,SYNTHETIC DEMO - not market data,DEMO186 US Equity
Bond_187,AAA,108.86,2.22,Issuer_C,2026-03-03,EUR,43.1,0.56,2.56,US,61820000.0,Y,Corporates,XS0000001874 Corp,XS0000001874,Convertible,Consumer Discretionary Services,Sr Subordinated,2.208,DEMO187 US Equity,129.2717,7.735645156673889,76.07267645003493,68002000.0,SYNTHETIC DEMO - not market data,DEMO187 US Equity
Bond_188,NR,91.86,2.99,Issuer_C,2031-01-10,JPY,,,1.94,US,376180000.0,N,Corporates,XS0000001882 Corp,XS0000001882,Bond,Consumer Staple Products,1st lien,1.312,,,,,2633260.0,SYNTHETIC DEMO - not market data,DEMO188 US Equity
Bond_189,NR,93.39,1.9,Issuer_B,2029-05-09,JPY,14.59,0.17,1.38,GB,267899999.99999997,Y,Corporates,XS0000001890 Corp,XS0000001890,Convertible,Financial Services,2nd lien,0.734,DEMO189 US Equity,182.6127,5.476070393789699,81.499258224976,1875299.9999999998,SYNTHETIC DEMO - not market data,DEMO189 US Equity
Bond_190,B,95.03,1.23,Issuer_D,2034-10-07,JPY,10.7,0.3,4.74,GB,428730000.0,Y,Corporates,XS0000001908 Corp,XS0000001908,Convertible,Health Care,1.5 Lien,4.564,DEMO190 US Equity,154.5466,6.470540277172063,85.8446251129178,3001110.0,SYNTHETIC DEMO - not market data,DEMO190 US Equity
Bond_191,B,98.8,2.15,Issuer_B,2029-06-20,EUR,,,2.4,DE,484060000.0,N,Governments,XS0000001916 Corp,XS0000001916,Bond,Industrial Products,Jr Subordinated,2.143,,,,,532466000.00000006,SYNTHETIC DEMO - not market data,DEMO191 US Equity
Bond_192,BB,104.7,3.16,Issuer_B,2030-07-09,JPY,,,1.83,DE,316500000.0,N,Corporates,XS0000001924 Corp,XS0000001924,Bond,Industrial Services,Secured,1.005,,,,,2215500.0,SYNTHETIC DEMO - not market data,DEMO192 US Equity
Bond_193,NR,90.54,3.64,Issuer_B,2032-05-27,USD,81.9,0.8,2.05,JP,112630000.0,Y,Corporates,XS0000001932 Corp,XS0000001932,Convertible,Insurance,Sr Unsecured,1.244,DEMO193 US Equity,106.7326,9.369208657898335,49.77460142935679,112630000.0,SYNTHETIC DEMO - not market data,DEMO193 US Equity
Bond_194,BBB,95.05,0.77,Issuer_D,2031-02-15,JPY,,,2.91,JP,294640000.0,N,Corporates,XS0000001940 Corp,XS0000001940,Bond,Materials,Unsecured,2.05,,,,,2062480.0,SYNTHETIC DEMO - not market data,DEMO194 US Equity
Bond_195,NR,101.88,4.57,Issuer_A,2028-11-22,GBP,,,0.83,US,303450000.0,N,Corporates,XS0000001957 Corp,XS0000001957,Bond,Media,Asset Backed,0.106,,,,,394485000.0,SYNTHETIC DEMO - not market data,DEMO195 US Equity
Bond_196,B,109.31,2.15,Issuer_A,2026-05-08,EUR,,,2.23,JP,258380000.0,N,Governments,XS0000001965 Corp,XS0000001965,Bond,National,Sr Non Preferred,1.25,,,,,284218000.0,SYNTHETIC DEMO - not market data,DEMO196 US Equity
Bond_197,B,109.95,2.41,Issuer_C,2031-02-04,EUR,34.83,0.34,3.92,JP,206740000.0,Y,Corporates,XS0000001973 Corp,XS0000001973,Convertible,Oil & Gas,Sr Preferred,3.115,DEMO197 US Equity,194.1086,5.151755254532772,81.5471334272788,227414000.00000003,SYNTHETIC DEMO - not market data,DEMO197 US Equity
Bond_198,D,104.44,2.26,Issuer_A,2029-01-26,USD,2.26,0.34,0.55,DE,468470000.0,Y,Corporates,XS0000001981 Corp,XS0000001981,Convertible,Real Estate,Sr Subordinated,-0.035,DEMO198 US Equity,141.0213,7.091127368702459,102.13182084881674,468470000.0,SYNTHETIC DEMO - not market data,DEMO198 US Equity
Bond_199,NR,93.49,0.8,Issuer_D,2032-04-26,JPY,62.98,0.19,3.29,JP,63140000.0,Y,Corporates,XS0000001999 Corp,XS0000001999,Convertible,Regional & Local,1st lien,2.375,DEMO199 US Equity,121.0533,8.260823951102532,57.36286660939992,441980.0,SYNTHETIC DEMO - not market data,DEMO199 US Equity
Bond_200,D,101.84,1.94,Issuer_B,2028-05-25,USD,57.73,0.8,2.68,GB,196690000.0,Y,Corporates,XS0000002005 Corp,XS0000002005,Convertible,Renewable Energy,2nd lien,1.734,DEMO200 US Equity,45.1599,22.143538847517377,64.56603055854943,196690000.0,SYNTHETIC DEMO - not market data,DEMO200 US Equity
Bond_201,AA,95.25,4.31,Issuer_C,2034-07-20,JPY,,,2.94,GB,208390000.0,N,Governments,XS0000002013 Corp,XS0000002013,Bond,Retail & Wholesale - Staples,1.5 Lien,2.27,,,,,1458730.0,SYNTHETIC DEMO - not market data,DEMO201 US Equity
Bond_202,A,106.27,3.53,Issuer_C,2034-10-03,EUR,,,1.57,DE,187420000.0,N,Corporates,XS0000002021 Corp,XS0000002021,Bond,Retail & Whsle - Discretionary,Jr Subordinated,0.827,,,,,206162000.00000003,SYNTHETIC DEMO - not market data,DEMO202 US Equity
Bond_203,B,103.87,2.55,Issuer_D,2034-03-19,JPY,42.3,0.49,2.69,DE,299710000.0,Y,Corporates,XS0000002039 Corp,XS0000002039,Convertible,Software & Tech Services,Secured,2.271,DEMO203 US Equity,190.2753,5.255542889697192,72.99367533380183,2097970.0,SYNTHETIC DEMO - not market data,DEMO203 US Equity
Bond_204,BB,92.81,1.57,Issuer_D,2034-01-28,GBP,,,4.76,JP,111440000.0,N,Corporates,XS0000002047 Corp,XS0000002047,Bond,Supranationals,Sr Unsecured,3.808,,,,,144872000.0,SYNTHETIC DEMO - not market data,DEMO204 US Equity
Bond_205,NR,100.11,2.47,Issuer_D,2031-12-27,JPY,,,2.44,US,304430000.0,N,Corporates,XS0000002054 Corp,XS0000002054,Bond,Tech Hardware & Semiconductors,Unsecured,2.407,,,,,2131010.0,SYNTHETIC DEMO - not market data,DEMO205 US Equity
Bond_206,BB,90.65,1.12,Issuer_C,2027-08-19,JPY,54.97,0.11,0.57,GB,293920000.0,Y,Corporates,XS0000002062 Corp,XS0000002062,Convertible,Telecommunications,Asset Backed,0.127,DEMO206 US Equity,86.6954,11.534637362535959,58.49519261792605,2057440.0,SYNTHETIC DEMO - not market data,DEMO206 US Equity
Bond_207,D,100.93,4.95,Issuer_A,2035-04-10,USD,44.97,0.35,4.08,JP,439380000.0,Y,Corporates,XS0000002070 Corp,XS0000002070,Convertible,Utilities,Sr Non Preferred,3.682,DEMO207 US Equity,84.5613,11.825740616570464,69.62130095881908,439380000.0,SYNTHETIC DEMO - not market data,DEMO207 US Equity
Bond_208,BBB,94.2,3.69,Issuer_C,2034-11-14,EUR,61.62,0.78,4.07,US,306530000.0,Y,Corporates,XS0000002088 Corp,XS0000002088,Convertible,Banking,Sr Preferred,4.049,DEMO208 US Equity,127.4863,7.843980098253695,58.2848657344388,337183000.0,SYNTHETIC DEMO - not market data,DEMO208 US Equity
Bond_209,NR,93.37,4.9,Issuer_C,2029-10-09,USD,,,0.68,JP,463450000.0,N,Corporates,XS0000002096 Corp,XS0000002096,Bond,Consumer Discretionary Products,Sr Subordinated,0.473,,,,,463450000.0,SYNTHETIC DEMO - not market data,DEMO209 US Equity
Bond_210,A,104.03,0.66,Issuer_B,2030-04-25,JPY,,,2.45,GB,332520000.0,N,Corporates,XS0000002104 Corp,XS0000002104,Bond,Consumer Discretionary Services,1st lien,2.234,,,,,2327640.0,SYNTHETIC DEMO - not market data,DEMO210 US Equity
Bond_211,D,91.51,3.97,Issuer_A,2031-09-24,GBP,,,3.47,GB,254610000.0,N,Governments,XS0000002112 Corp,XS0000002112,Bond,Consumer Staple Products,2nd lien,2.6,,,,,330993000.0,SYNTHETIC DEMO - not market data,DEMO211 US Equity
Bond_212,B,101.64,4.34,Issuer_A,2032-11-22,GBP,,,4.25,JP,148020000.0,N,Corporates,XS0000002120 Corp,XS0000002120,Bond,Financial Services,1.5 Lien,3.921,,,,,192426000.0,SYNTHETIC DEMO - not market data,DEMO212 US Equity
Bond_213,BBB,99.89,1.61,Issuer_C,2030-09-19,EUR,,,2.83,JP,404740000.0,N,Corporates,XS0000002138 Corp,XS0000002138,Bond,Health Care,Jr Subordinated,2.682,,,,,445214000.00000006,SYNTHETIC DEMO - not market data,DEMO213 US Equity
Bond_214,AAA,91.99,3.92,Issuer_D,2025-02-28,EUR,44.13,0.0,4.79,DE,498060000.0,Y,Corporates,XS0000002146 Corp,XS0000002146,Convertible,Industrial Products,Secured,4.787,DEMO214 US Equity,182.0956,5.49162088485389,63.82432526191632,547866000.0,SYNTHETIC DEMO - not market data,DEMO214 US Equity
Bond_215,BB,93.18,4.66,Issuer_C,2026-11-12,GBP,8.24,0.66,3.24,US,228350000.0,Y,Corporates,XS0000002153 Corp,XS0000002153,Convertible,Industrial Services,Sr Unsecured,3.225,DEMO215 US Equity,24.6404,40.5837567571955,86.08647450110865,296855000.0,SYNTHETIC DEMO - not market data,DEMO215 US Equity
Bond_216,BBB,98.58,0.46,Issuer_A,2025-04-16,USD,,,0.66,DE,283750000.0,N,Governments,XS0000002161 Corp,XS0000002161,Bond,Insurance,Unsecured,0.134,,,,,283750000.0,SYNTHETIC DEMO - not market data,DEMO216 US Equity
Bond_217,AAA,90.16,1.72,Issuer_A,2031-12-05,JPY,,,0.35,JP,90200000.0,N,Corporates,XS0000002179 Corp,XS0000002179,Bond,Materials,Asset Backed,-0.396,,,,,631400.0,SYNTHETIC DEMO - not market data,DEMO217 US Equity
Bond_218,AA,96.27,4.4,Issuer_B,2031-03-21,EUR,6.84,0.56,3.05,DE,248040000.0,Y,Corporates,XS0000002187 Corp,XS0000002187,Convertible,Media,Sr Non Preferred,2.272,DEMO218 US Equity,105.7243,9.458563452299991,90.10670160988393,272844000.0,SYNTHETIC DEMO - not market data,DEMO218 US Equity
Bond_219,A,108.4,3.08,Issuer_D,2028-02-04,EUR,75.24,0.59,1.92,JP,191530000.0,Y,Corporates,XS0000002195 Corp,XS0000002195,Convertible,National,Sr Preferred,1.399,DEMO219 US Equity,176.0566,5.679991548172576,61.85802328235563,210683000.00000003,SYNTHETIC DEMO - not market data,DEMO219 US Equity
Bond_220,BBB,95.54,0.42,Issuer_C,2025-11-10,EUR,51.77,0.51,3.74,GB,340780000.0,Y,Corporates,XS0000002203 Corp,XS0000002203,Convertible,Oil & Gas,Sr Subordinated,2.83,DEMO220 US Equity,108.2484,9.238011832045554,62.95051723001911,374858000.00000006,SYNTHETIC DEMO - not market data,DEMO220 US Equity
Bond_221,D,97.72,1.21,Issuer_A,2033-01-12,GBP,13.2,0.86,2.84,GB,295860000.0,Y,Corporates,XS0000002211 Corp,XS0000002211,Convertible,Real Estate,1st lien,2.515,DEMO221 US Equity,118.7042,8.424301751749306,86.3250883392226,384618000.0,SYNTHETIC DEMO - not market data,DEMO221 US Equity
Bond_222,D,109.09,3.85,Issuer_A,2034-02-01,GBP,21.57,0.92,4.74,JP,277970000.0,Y,Corporates,XS0000002229 Corp,XS0000002229,Convertible,Regional & Local,2nd lien,4.089,DEMO222 US Equity,173.5027,5.763599067910759,89.73430945134491,361361000.0,SYNTHETIC DEMO - not market data,DEMO222 US Equity
Bond_223,CCC,104.04,0.41,Issuer_B,2029-02-10,USD,,,2.56,DE,488440000.0,N,Corporates,XS0000002237 Corp,XS0000002237,Bond,Renewable Energy,1.5 Lien,2.107,,,,,488440000.0,SYNTHETIC DEMO - not market data,DEMO223 US Equity
Bond_224,NR,96.54,2.93,Issuer_A,2029-12-14,EUR,5.79,0.09,2.17,JP,325530000.0,Y,Corporates,XS0000002245 Corp,XS0000002245,Convertible,Retail & Wholesale - Staples,Jr Subordinated,2.075,DEMO224 US Equity,94.8781,10.5398400684668,91.2562624066547,358083000.0,SYNTHETIC DEMO - not market data,DEMO224 US Equity
Bond_225,BB,103.32,3.29,Issuer_B,2026-01-23,EUR,70.15,0.16,4.77,GB,125130000.0,Y,Corporates,XS0000002252 Corp,XS0000002252,Convertible,Retail & Whsle - Discretionary,Secured,4.677,DEMO225 US Equity,169.7189,5.892095694704597,60.722891566265055,137643000.0,SYNTHETIC DEMO - not market data,DEMO225 US Equity
Bond_226,BB,104.66,0.59,Issuer_A,2030-07-09,USD,26.29,0.98,3.14,JP,254840000.0,Y,Corporates,XS0000002260 Corp,XS0000002260,Convertible,Software & Tech Services,Sr Unsecured,3.018,DEMO226 US Equity,79.3363,12.604570669416145,82.87275318710904,254840000.0,SYNTHETIC DEMO - not market data,DEMO226 US Equity
Bond_227,AAA,99.99,2.83,Issuer_C,2027-05-25,USD,,,4.47,US,152780000.0,N,Corporates,XS0000002278 Corp,XS0000002278,Bond,Supranationals,Unsecured,3.87,,,,,152780000.0,SYNTHETIC DEMO - not market data,DEMO227 US Equity
Bond_228,AAA,107.17,0.06,Issuer_A,2032-06-13,EUR,17.9,0.96,0.18,JP,151030000.0,Y,Corporates,XS0000002286 Corp,XS0000002286,Convertible,Tech Hardware & Semiconductors,Asset Backed,-0.398,DEMO228 US Equity,83.2963,12.00533517094997,90.89906700593723,166133000.0,SYNTHETIC DEMO - not market data,DEMO228 US Equity
Bond_229,CCC,108.32,1.6,Issuer_A,2034-06-04,USD,17.93,0.8,4.91,JP,81020000.0,Y,Corporates,XS0000002294 Corp,XS0000002294,Convertible,Telecommunications,Sr Non Preferred,4.336,DEMO229 US Equity,157.269,6.358532196427777,91.85109810904774,81020000.0,SYNTHETIC DEMO - not market data,DEMO229 US Equity
Bond_230,BB,105.47,1.55,Issuer_A,2033-08-01,GBP,,,1.0,GB,382810000.0,N,Corporates,XS0000002302 Corp,XS0000002302,Bond,Utilities,Sr Preferred,0.974,,,,,497653000.0,SYNTHETIC DEMO - not market data,DEMO230 US Equity
Bond_231,D,97.37,4.86,Issuer_B,2033-04-05,USD,93.24,0.02,2.71,US,477950000.0,Y,Corporates,XS0000002310 Corp,XS0000002310,Convertible,Banking,Sr Subordinated,1.881,DEMO231 US Equity,187.2352,5.3408760745842665,50.38811840198717,477950000.0,SYNTHETIC DEMO - not market data,DEMO231 US Equity
Bond_232,CCC,106.98,3.64,Issuer_A,2028-09-08,JPY,49.2,0.06,4.98,GB,91860000.0,Y,Corporates,XS0000002328 Corp,XS0000002328,Convertible,Consumer Discretionary Products,1st lien,4.414,DEMO232 US Equity,176.5753,5.663306249515079,71.7024128686327,643020.0,SYNTHETIC DEMO - not market data,DEMO232 US Equity
Bond_233,NR,98.26,4.48,Issuer_D,2026-10-04,EUR,63.72,0.39,2.96,US,245740000.0,Y,Corporates,XS0000002336 Corp,XS0000002336,Convertible,Consumer Discretionary Services,2nd lien,2.619,DEMO233 US Equity,95.5698,10.463556479138807,60.01710236989983,270314000.0,SYNTHETIC DEMO - not market data,DEMO233 US Equity
Bond_234,BBB,95.83,4.25,Issuer_D,2030-06-15,GBP,23.36,0.94,0.68,US,119930000.0,Y,Corporates,XS0000002344 Corp,XS0000002344,Convertible,Consumer Staple Products,1.5 Lien,0.062,DEMO234 US Equity,48.3338,20.689455412154643,77.6832036316472,155909000.0,SYNTHETIC DEMO - not market data,DEMO234 US Equity
Bond_235,D,99.32,2.03,Issuer_C,2028-08-10,JPY,26.5,0.12,0.79,GB,421870000.0,Y,Corporates,XS0000002351 Corp,XS0000002351,Convertible,Financial Services,Jr Subordinated,0.676,DEMO235 US Equity,155.8898,6.414787882209098,78.51383399209485,2953090.0,SYNTHETIC DEMO - not market data,DEMO235 US Equity
Bond_236,BBB,106.72,1.64,Issuer_A,2028-06-13,USD,67.72,0.26,4.95,US,478440000.0,Y,Corporates,XS0000002369 Corp,XS0000002369,Convertible,Health Care,Secured,4.351,DEMO236 US Equity,91.1474,10.971239991486318,63.62985928929167,478440000.0,SYNTHETIC DEMO - not market data,DEMO236 US Equity
Bond_237,NR,104.96,1.25,Issuer_D,2026-03-04,USD,,,0.31,DE,108820000.0,N,Corporates,XS0000002377 Corp,XS0000002377,Bond,Industrial Products,Sr Unsecured,0.302,,,,,108820000.0,SYNTHETIC DEMO - not market data,DEMO237 US Equity
Bond_238,B,103.73,4.69,Issuer_A,2034-10-09,USD,,,0.11,US,138990000.0,N,Corporates,XS0000002385 Corp,XS0000002385,Bond,Industrial Services,Unsecured,-0.637,,,,,138990000.0,SYNTHETIC DEMO - not market data,DEMO238 US Equity
Bond_239,A,91.84,4.24,Issuer_C,2026-01-15,USD,,,0.84,JP,419760000.0,N,Corporates,XS0000002393 Corp,XS0000002393,Bond,Insurance,Asset Backed,0.664,,,,,419760000.0,SYNTHETIC DEMO - not market data,DEMO239 US Equity
Bond_240,D,90.59,3.42,Issuer_B,2030-04-06,GBP,,,1.4,DE,65590000.0,N,Corporates,XS0000002401 Corp,XS0000002401,Bond,Materials,Sr Non Preferred,1.02,,,,,85267000.0,SYNTHETIC DEMO - not market data,DEMO240 US Equity
Bond_241,BB,99.98,4.41,Issuer_D,2025-02-09,JPY,13.72,0.2,4.42,DE,333840000.0,Y,Corporates,XS0000002419 Corp,XS0000002419,Convertible,Media,Sr Preferred,3.92,DEMO241 US Equity,146.6608,6.818454556364073,87.9176925782624,2336880.0,SYNTHETIC DEMO - not market data,DEMO241 US Equity
Bond_242,CCC,105.64,1.8,Issuer_D,2030-10-17,GBP,38.84,0.18,1.59,DE,63190000.0,Y,Corporates,XS0000002427 Corp,XS0000002427,Convertible,National,Sr Subordinated,0.728,DEMO242 US Equity,185.8092,5.38186483769372,76.08758282915586,82147000.0,SYNTHETIC DEMO - not market data,DEMO242 US Equity
Bond_243,AAA,106.17,2.36,Issuer_C,2034-04-06,USD,,,1.24,DE,169940000.0,N,Corporates,XS0000002435 Corp,XS0000002435,Bond,Oil & Gas,1st lien,0.915,,,,,169940000.0,SYNTHETIC DEMO - not market data,DEMO243 US Equity
Bond_244,BBB,101.51,4.91,Issuer_D,2030-03-06,EUR,59.25,0.81,3.49,US,366550000.0,Y,Corporates,XS0000002443 Corp,XS0000002443,Convertible,Real Estate,2nd lien,2.872,DEMO244 US Equity,164.238,6.088724899231603,63.742543171114605,403205000.00000006,SYNTHETIC DEMO - not market data,DEMO244 US Equity
Bond_245,A,101.26,0.94,Issuer_D,2033-05-06,JPY,,,0.19,US,154680000.0,N,Corporates,XS0000002450 Corp,XS0000002450,Bond,Regional & Local,1.5 Lien,-0.334,,,,,1082760.0,SYNTHETIC DEMO - not market data,DEMO245 US Equity
Bond_246,AAA,100.53,0.0,Issuer_B,2027-06-23,EUR,91.88,0.84,1.62,US,116470000.0,Y,Corporates,XS0000002468 Corp,XS0000002468,Convertible,Renewable Energy,Jr Subordinated,1.31,DEMO246 US Equity,91.238,10.960345470089218,52.392120075046904,128117000.00000001,SYNTHETIC DEMO - not market data,DEMO246 US Equity
Bond_247,AA,106.93,4.3,Issuer_A,2030-12-22,JPY,58.6,0.34,1.61,DE,379560000.0,Y,Corporates,XS0000002476 Corp,XS0000002476,Convertible,Retail & Wholesale - Staples,Secured,1.261,DEMO247 US Equity,183.0661,5.462507804558026,67.42118537200506,2656920.0,SYNTHETIC DEMO - not market data,DEMO247 US Equity
Bond_248,D,102.98,0.87,Issuer_C,2028-11-19,EUR,,,1.89,GB,107310000.0,N,Corporates,XS0000002484 Corp,XS0000002484,Bond,Retail & Whsle - Discretionary,Sr Unsecured,1.288,,,,,118041000.00000001,SYNTHETIC DEMO - not market data,DEMO248 US Equity
Bond_249,CCC,107.02,3.85,Issuer_A,2027-10-11,EUR,63.96,0.1,2.48,GB,385400000.0,Y,Corporates,XS0000002492 Corp,XS0000002492,Convertible,Software & Tech Services,Unsecured,1.824,DEMO249 US Equity,156.8388,6.375973292323073,65.27201756525982,423940000.00000006,SYNTHETIC DEMO - not market data,DEMO249 US Equity
Bond_250,B,109.65,0.84,Issuer_A,2035-11-24,GBP,44.66,0.27,1.25,US,207720000.0,Y,Corporates,XS0000002500 Corp,XS0000002500,Convertible,Supranationals,Asset Backed,0.686,DEMO250 US Equity,186.3478,5.366309663972421,75.79842389050188,270036000.0,SYNTHETIC DEMO - not market data,DEMO250 US Equity
Bond_251,AAA,90.96,2.19,Issuer_D,2027-07-16,JPY,35.12,0.38,4.14,DE,123200000.0,Y,Corporates,XS0000002518 Corp,XS0000002518,Convertible,Tech Hardware & Semiconductors,Sr Non Preferred,3.837,DEMO251 US Equity,99.5975,10.040412660960365,67.31793960923623,862400.0,SYNTHETIC DEMO - not market data,DEMO251 US Equity
Bond_252,AAA,95.9,1.59,Issuer_A,2026-06-06,JPY,16.09,0.08,4.71,US,202080000.0,Y,Corporates,XS0000002526 Corp,XS0000002526,Convertible,Telecommunications,Sr Preferred,4.633,DEMO252 US Equity,169.7054,5.892564408675269,82.60832113015763,1414560.0,SYNTHETIC DEMO - not market data,DEMO252 US Equity
Bond_253,AAA,98.63,3.27,Issuer_D,2027-01-04,GBP,,,1.03,DE,234180000.0,N,Corporates,XS0000002534 Corp,XS0000002534,Bond,Utilities,Sr Subordinated,0.238,,,,,304434000.0,SYNTHETIC DEMO - not market data,DEMO253 US Equity
Bond_254,BB,95.95,0.48,Issuer_D,2034-09-27,JPY,,,0.77,GB,51720000.0,N,Corporates,XS0000002542 Corp,XS0000002542,Bond,Banking,1st lien,-0.126,,,,,362040.0,SYNTHETIC DEMO - not market data,DEMO254 US Equity
Bond_255,BB,106.48,3.13,Issuer_D,2028-02-01,EUR,17.08,0.29,0.41,US,188760000.0,Y,Corporates,XS0000002559 Corp,XS0000002559,Convertible,Consumer Discretionary Products,2nd lien,-0.4,DEMO255 US Equity,100.9521,9.905687945074941,90.94636146224803,207636000.00000003,SYNTHETIC DEMO - not market data,DEMO255 US Equity
Bond_256,D,99.78,3.31,Issuer_A,2035-09-13,EUR,,,1.86,JP,216230000.0,N,Governments,XS0000002567 Corp,XS0000002567,Bond,Consumer Discretionary Services,1.5 Lien,0.961,,,,,237853000.00000003,SYNTHETIC DEMO - not market data,DEMO256 US Equity
Bond_257,AAA,95.27,2.33,Issuer_B,2029-10-02,EUR,,,3.76,US,88570000.0,N,Corporates,XS0000002575 Corp,XS0000002575,Bond,Consumer Staple Products,Jr Subordinated,3.417,,,,,97427000.00000001,SYNTHETIC DEMO - not market data,DEMO257 US Equity
Bond_258,NR,98.28,3.78,Issuer_B,2033-01-27,JPY,,,4.09,JP,484530000.0,N,Corporates,XS0000002583 Corp,XS0000002583,Bond,Financial Services,Secured,3.376,,,,,3391710.0,SYNTHETIC DEMO - not market data,DEMO258 US Equity
Bond_259,BBB,99.53,0.39,Issuer_A,2033-10-17,EUR,,,0.6,JP,127800000.0,N,Corporates,XS0000002591 Corp,XS0000002591,Bond,Health Care,Sr Unsecured,0.095,,,,,140580000.0,SYNTHETIC DEMO - not market data,DEMO259 US Equity
Bond_260,BBB,106.17,0.63,Issuer_D,2026-11-14,EUR,99.73,0.63,4.17,GB,193890000.0,Y,Corporates,XS0000002609 Corp,XS0000002609,Convertible,Industrial Products,Unsecured,3.922,DEMO260 US Equity,51.0606,19.58457205751597,53.15676162819807,213279000.00000003,SYNTHETIC DEMO - not market data,DEMO260 US Equity
Bond_261,AA,97.76,1.99,Issuer_C,2029-09-15,USD,78.66,0.62,2.61,JP,100630000.0,Y,Corporates,XS0000002617 Corp,XS0000002617,Convertible,Industrial Services,Asset Backed,2.272,DEMO261 US Equity,93.5785,10.686215316552413,54.71845964401657,100630000.0,SYNTHETIC DEMO - not market data,DEMO261 US Equity
Bond_262,A,101.33,2.91,Issuer_A,2026-10-25,USD,78.57,0.87,4.4,JP,168860000.0,Y,Corporates,XS0000002625 Corp,XS0000002625,Convertible,Insurance,Sr Non Preferred,3.676,DEMO262 US Equity,71.1465,14.05550518999529,56.7452539620317,168860000.0,SYNTHETIC DEMO - not market data,DEMO262 US Equity
Bond_263,D,90.75,1.38,Issuer_B,2034-10-22,JPY,,,0.19,GB,360730000.0,N,Corporates,XS0000002633 Corp,XS0000002633,Bond,Materials,Sr Preferred,-0.16,,,,,2525110.0,SYNTHETIC DEMO - not market data,DEMO263 US Equity
Bond_264,D,108.42,4.49,Issuer_A,2030-05-10,GBP,84.28,0.86,3.42,DE,110470000.0,Y,Corporates,XS0000002641 Corp,XS0000002641,Convertible,Media,Sr Subordinated,2.722,DEMO264 US Equity,194.1854,5.149717743970453,58.83438246147168,143611000.0,SYNTHETIC DEMO - not market data,DEMO264 US Equity
Bond_265,B,95.39,2.08,Issuer_A,2028-08-07,JPY,,,3.7,GB,419460000.0,N,Corporates,XS0000002658 Corp,XS0000002658,Bond,National,1st lien,2.887,,,,,2936220.0,SYNTHETIC DEMO - not market data,DEMO265 US Equity
Bond_266,AA,96.22,2.53,Issuer_B,2033-10-01,EUR,19.28,0.83,4.18,DE,64879999.99999999,Y,Corporates,XS0000002666 Corp,XS0000002666,Convertible,Oil & Gas,2nd lien,3.351,DEMO266 US Equity,140.621,7.111313388469716,80.66733735747819,71368000.0,SYNTHETIC DEMO - not market data,DEMO266 US Equity
Bond_267,B,104.09,1.37,Issuer_D,2033-07-21,USD,68.12,0.24,2.44,JP,129910000.0,Y,Corporates,XS0000002674 Corp,XS0000002674,Convertible,Real Estate,1.5 Lien,2.26,DEMO267 US Equity,85.2676,11.727784058657685,61.91410896978349,129910000.0,SYNTHETIC DEMO - not market data,DEMO267 US Equity
Bond_268,NR,97.0,0.82,Issuer_C,2026-05-01,JPY,,,0.25,DE,435700000.0,N,Corporates,XS0000002682 Corp,XS0000002682,Bond,Regional & Local,Jr Subordinated,-0.594,,,,,3049900.0,SYNTHETIC DEMO - not market data,DEMO268 US Equity
Bond_269,BBB,95.38,2.05,Issuer_A,2035-01-16,EUR,64.74,0.6,0.04,GB,323750000.0,Y,Corporates,XS0000002690 Corp,XS0000002690,Convertible,Renewable Energy,Secured,-0.731,DEMO269 US Equity,38.2053,26.174378947423524,57.897292703654244,356125000.0,SYNTHETIC DEMO - not market data,DEMO269 US Equity
Bond_270,BB,98.48,1.88,Issuer_C,2032-05-07,JPY,,,1.51,JP,313020000.0,N,Corporates,XS0000002708 Corp,XS0000002708,Bond,Retail & Wholesale - Staples,Sr Unsecured,1.133,,,,,2191140.0,SYNTHETIC DEMO - not market data,DEMO270 US Equity
Bond_271,NR,109.99,4.83,Issuer_C,2033-11-20,GBP,29.85,0.11,0.32,GB,338270000.0,Y,Corporates,XS0000002716 Corp,XS0000002716,Convertible,Retail & Whsle - Discretionary,Unsecured,-0.511,DEMO271 US Equity,49.2045,20.323344409556036,84.70542934154794,439751000.0,SYNTHETIC DEMO - not market data,DEMO271 US Equity
Bond_272,BB,103.12,4.76,Issuer_C,2028-03-17,EUR,,,4.5,JP,347240000.0,N,Corporates,XS0000002724 Corp,XS0000002724,Bond,Software & Tech Services,Asset Backed,4.262,,,,,381964000.00000006,SYNTHETIC DEMO - not market data,DEMO272 US Equity
Bond_273,AAA,103.11,4.99,Issuer_C,2031-07-13,USD,58.3,0.99,4.08,GB,376950000.0,Y,Corporates,XS0000002732 Corp,XS0000002732,Convertible,Supranationals,Sr Non Preferred,3.795,DEMO273 US Equity,99.9558,10.004421954503892,65.13581806696146,376950000.0,SYNTHETIC DEMO - not market data,DEMO273 US Equity
Bond_274,NR,102.77,2.38,Issuer_C,2033-05-28,EUR,84.06,0.88,0.91,US,261850000.00000003,Y,Corporates,XS0000002740 Corp,XS0000002740,Convertible,Tech Hardware & Semiconductors,Sr Preferred,0.542,DEMO274 US Equity,170.3204,5.871287291481232,55.83505378680864,288035000.00000006,SYNTHETIC DEMO - not market data,DEMO274 US Equity
Bond_275,NR,105.26,0.92,Issuer_C,2035-02-08,GBP,,,1.12,GB,239210000.0,N,Corporates,XS0000002757 Corp,XS0000002757,Bond,Telecommunications,Sr Subordinated,0.154,,,,,310973000.0,SYNTHETIC DEMO - not market data,DEMO275 US Equity
Bond_276,B,95.21,1.47,Issuer_A,2032-01-28,USD,,,2.36,DE,275210000.0,N,Governments,XS0000002765 Corp,XS0000002765,Bond,Utilities,1st lien,1.543,,,,,275210000.0,SYNTHETIC DEMO - not market data,DEMO276 US Equity
Bond_277,NR,95.97,0.27,Issuer_B,2027-04-11,JPY,,,4.94,JP,114450000.0,N,Corporates,XS0000002773 Corp,XS0000002773,Bond,Banking,2nd lien,4.139,,,,,801150.0,SYNTHETIC DEMO - not market data,DEMO277 US Equity
Bond_278,AA,99.75,3.16,Issuer_B,2030-11-02,USD,45.21,0.21,3.87,DE,270310000.0,Y,Corporates,XS0000002781 Corp,XS0000002781,Convertible,Consumer Discretionary Products,1.5 Lien,3.62,DEMO278 US Equity,44.9117,22.265912891295585,68.69361614213898,270310000.0,SYNTHETIC DEMO - not market data,DEMO278 US Equity
Bond_279,A,102.29,3.17,Issuer_D,2031-08-13,USD,3.77,0.2,1.87,US,451400000.0,Y,Corporates,XS0000002799 Corp,XS0000002799,Convertible,Consumer Discretionary Services,Jr Subordinated,1.107,DEMO279 US Equity,71.3113,14.02302299916002,98.57376891201696,451400000.0,SYNTHETIC DEMO - not market data,DEMO279 US Equity
Bond_280,AAA,103.53,3.13,Issuer_B,2028-12-12,GBP,12.89,0.38,2.94,DE,79380000.0,Y,Corporates,XS0000002807 Corp,XS0000002807,Convertible,Consumer Staple Products,Secured,2.59,DEMO280 US Equity,101.203,9.881130006027488,91.70874302418284,103194000.0,SYNTHETIC DEMO - not market data,DEMO280 US Equity
Bond_281,BB,108.97,2.28,Issuer_C,2031-11-05,GBP,99.61,0.49,3.75,DE,476640000.0,Y,Corporates,XS0000002815 Corp,XS0000002815,Convertible,Financial Services,Sr Unsecured,2.819,DEMO281 US Equity,25.0738,39.88226754620361,54.5914533340013,619632000.0,SYNTHETIC DEMO - not market data,DEMO281 US Equity
Bond_282,AAA,94.57,3.64,Issuer_B,2028-12-01,EUR,,,0.62,US,218840000.0,N,Corporates,XS0000002823 Corp,XS0000002823,Bond,Health Care,Unsecured,-0.076,,,,,240724000.00000003,SYNTHETIC DEMO - not market data,DEMO282 US Equity
Bond_283,NR,102.46,2.97,Issuer_A,2035-02-21,USD,,,0.24,US,237550000.0,N,Corporates,XS0000002831 Corp,XS0000002831,Bond,Industrial Products,Asset Backed,0.101,,,,,237550000.0,SYNTHETIC DEMO - not market data,DEMO283 US Equity
Bond_284,AA,100.95,2.37,Issuer_B,2028-12-22,USD,,,1.51,US,348120000.0,N,Corporates,XS0000002849 Corp,XS0000002849,Bond,Industrial Services,Sr Non Preferred,0.804,,,,,348120000.0,SYNTHETIC DEMO - not market data,DEMO284 US Equity
Bond_285,A,98.38,4.49,Issuer_A,2029-02-26,USD,,,2.49,DE,400080000.0,N,Corporates,XS0000002856 Corp,XS0000002856,Bond,Insurance,Sr Preferred,2.041,,,,,400080000.0,SYNTHETIC DEMO - not market data,DEMO285 US Equity
Bond_286,B,104.07,1.48,Issuer_A,2033-08-07,JPY,33.06,0.0,3.36,US,425850000.0,Y,Corporates,XS0000002864 Corp,XS0000002864,Convertible,Materials,Sr Subordinated,3.281,DEMO286 US Equity,20.9452,47.743635773351414,78.2128363144446,2980950.0,SYNTHETIC DEMO - not market data,DEMO286 US Equity
Bond_287,A,108.99,3.9,Issuer_A,2026-05-21,EUR,,,2.28,GB,168860000.0,N,Corporates,XS0000002872 Corp,XS0000002872,Bond,Media,1st lien,1.992,,,,,185746000.00000003,SYNTHETIC DEMO - not market data,DEMO287 US Equity
Bond_288,AA,106.26,4.37,Issuer_C,2030-11-11,JPY,73.85,0.09,3.79,US,54350000.0,Y,Corporates,XS0000002880 Corp,XS0000002880,Convertible,National,2nd lien,3.742,DEMO288 US Equity,74.2072,13.47578132580127,61.121656600517696,380450.0,SYNTHETIC DEMO - not market data,DEMO288 US Equity
Bond_289,A,96.57,4.47,Issuer_C,2026-06-27,GBP,18.29,0.4,4.81,GB,426070000.0,Y,Corporates,XS0000002898 Corp,XS0000002898,Convertible,Oil & Gas,1.5 Lien,4.295,DEMO289 US Equity,22.9584,43.557042302599484,81.6383464367233,553891000.0,SYNTHETIC DEMO - not market data,DEMO289 US Equity
Bond_290,CCC,102.98,3.98,Issuer_A,2027-12-24,USD,,,4.91,DE,96670000.0,N,Corporates,XS0000002906 Corp,XS0000002906,Bond,Real Estate,Jr Subordinated,4.246,,,,,96670000.0,SYNTHETIC DEMO - not market data,DEMO290 US Equity
Bond_291,D,93.63,1.9,Issuer_C,2034-01-28,EUR,,,2.42,JP,100820000.0,N,Governments,XS0000002914 Corp,XS0000002914,Bond,Regional & Local,Secured,2.334,,,,,110902000.00000001,SYNTHETIC DEMO - not market data,DEMO291 US Equity
Bond_292,D,90.92,1.31,Issuer_C,2025-12-28,EUR,,,4.89,GB,283590000.0,N,Corporates,XS0000002922 Corp,XS0000002922,Bond,Renewable Energy,Sr Unsecured,3.915,,,,,311949000.0,SYNTHETIC DEMO - not market data,DEMO292 US Equity
Bond_293,CCC,103.23,1.24,Issuer_C,2035-11-21,JPY,14.87,0.83,4.46,US,55240000.0,Y,Corporates,XS0000002930 Corp,XS0000002930,Convertible,Retail & Wholesale - Staples,Unsecured,3.934,DEMO293 US Equity,32.1823,31.072981110734784,89.86680595455732,386680.0,SYNTHETIC DEMO - not market data,DEMO293 US Equity
Bond_294,NR,106.98,4.26,Issuer_B,2026-08-11,EUR,33.09,0.28,2.53,JP,231470000.0,Y,Corporates,XS0000002948 Corp,XS0000002948,Convertible,Retail & Whsle - Discretionary,Asset Backed,2.276,DEMO294 US Equity,196.5871,5.086803762810479,80.38169659628824,254617000.00000003,SYNTHETIC DEMO - not market data,DEMO294 US Equity
Bond_295,AA,99.18,4.01,Issuer_D,2026-08-15,GBP,11.87,0.5,3.27,US,231550000.0,Y,Corporates,XS0000002955 Corp,XS0000002955,Convertible,Software & Tech Services,Sr Non Preferred,2.937,DEMO295 US Equity,152.3337,6.56453562146787,88.65647626709574,301015000.0,SYNTHETIC DEMO - not market data,DEMO295 US Equity
Bond_296,NR,100.98,4.13,Issuer_C,2033-09-07,JPY,95.04,0.36,0.27,DE,429940000.0,Y,Corporates,XS0000002963 Corp,XS0000002963,Convertible,Supranationals,Sr Preferred,-0.362,DEMO296 US Equity,145.1701,6.888470835247754,51.77399507793273,3009580.0,SYNTHETIC DEMO - not market data,DEMO296 US Equity
Bond_297,NR,105.35,3.0,Issuer_C,2032-02-04,EUR,,,0.01,GB,423450000.0,N,Corporates,XS0000002971 Corp,XS0000002971,Bond,Tech Hardware & Semiconductors,Sr Subordinated,-0.189,,,,,465795000.00000006,SYNTHETIC DEMO - not market data,DEMO297 US Equity
Bond_298,NR,100.44,3.51,Issuer_A,2027-08-05,JPY,,,0.53,DE,134390000.0,N,Corporates,XS0000002989 Corp,XS0000002989,Bond,Telecommunications,1st lien,0.488,,,,,940730.0,SYNTHETIC DEMO - not market data,DEMO298 US Equity
Bond_299,BBB,99.14,3.91,Issuer_C,2026-07-02,USD,,,3.86,JP,255820000.0,N,Corporates,XS0000002997 Corp,XS0000002997,Bond,Utilities,2nd lien,2.927,,,,,255820000.0,SYNTHETIC DEMO - not market data,DEMO299 US Equity
Bond_300,D,90.09,3.68,Issuer_D,2034-08-17,EUR,69.18,0.17,4.08,US,224330000.0,Y,Corporates,XS0000003003 Corp,XS0000003003,Convertible,Banking,1.5 Lien,3.091,DEMO300 US Equity,112.769,8.867685268114464,53.250975292587775,246763000.00000003,SYNTHETIC DEMO - not market data,DEMO300 US Equity
Bond_301,NR,107.63,2.09,Issuer_B,2029-07-11,GBP,,,2.26,DE,112180000.0,N,Governments,XS0000003011 Corp,XS0000003011,Bond,Consumer Discretionary Products,Jr Subordinated,1.394,,,,,145834000.0,SYNTHETIC DEMO - not market data,DEMO301 US Equity
Bond_302,NR,107.21,3.56,Issuer_B,2028-04-20,GBP,,,3.43,DE,491600000.0,N,Corporates,XS0000003029 Corp,XS0000003029,Bond,Consumer Discretionary Services,Secured,3.098,,,,,639080000.0,SYNTHETIC DEMO - not market data,DEMO302 US Equity
Bond_303,NR,100.85,3.18,Issuer_A,2030-09-16,JPY,67.42,0.89,2.67,JP,413740000.0,Y,Corporates,XS0000003037 Corp,XS0000003037,Convertible,Consumer Staple Products,Sr Unsecured,2.302,DEMO303 US Equity,42.4055,23.581846694414637,60.23772548082666,2896180.0,SYNTHETIC DEMO - not market data,DEMO303 US Equity
Bond_304,AAA,97.62,0.27,Issuer_A,2028-05-25,EUR,98.35,0.68,0.73,US,360770000.0,Y,Corporates,XS0000003045 Corp,XS0000003045,Convertible,Financial Services,Unsecured,-0.194,DEMO304 US Equity,109.5542,9.127901988239612,49.21603226619612,396847000.00000006,SYNTHETIC DEMO - not market data,DEMO304 US Equity
Bond_305,BBB,105.07,0.16,Issuer_D,2026-10-28,EUR,,,3.71,JP,156920000.0,N,Corporates,XS0000003052 Corp,XS0000003052,Bond,Health Care,Asset Backed,3.165,,,,,172612000.0,SYNTHETIC DEMO - not market data,DEMO305 US Equity
Bond_306,AAA,108.53,1.94,Issuer_C,2033-01-01,GBP,,,1.02,JP,423490000.0,N,Governments,XS0000003060 Corp,XS0000003060,Bond,Industrial Products,Sr Non Preferred,0.699,,,,,550537000.0,SYNTHETIC DEMO - not market data,DEMO306 US Equity
Bond_307,NR,104.77,0.98,Issuer_B,2029-08-06,USD,,,0.93,DE,380790000.0,N,Corporates,XS0000003078 Corp,XS0000003078,Bond,Industrial Services,Sr Preferred,0.85,,,,,380790000.0,SYNTHETIC DEMO - not market data,DEMO307 US Equity
Bond_308,CCC,90.81,1.4,Issuer_C,2027-03-19,GBP,0.56,0.47,4.69,US,119170000.0,Y,Corporates,XS0000003086 Corp,XS0000003086,Convertible,Insurance,Sr Subordinated,4.384,DEMO308 US Equity,138.9655,7.196030669482714,90.30429594272076,154921000.0,SYNTHETIC DEMO - not market data,DEMO308 US Equity
Bond_309,AAA,105.47,3.13,Issuer_C,2032-10-18,GBP,,,0.36,GB,286430000.0,N,Corporates,XS0000003094 Corp,XS0000003094,Bond,Materials,1st lien,0.007,,,,,372359000.0,SYNTHETIC DEMO - not market data,DEMO309 US Equity
Bond_310,NR,91.36,2.53,Issuer_D,2033-09-13,USD,34.94,0.88,3.32,GB,212360000.0,Y,Corporates,XS0000003102 Corp,XS0000003102,Convertible,Media,2nd lien,3.045,DEMO310 US Equity,199.6671,5.008336375897682,67.70416481399141,212360000.0,SYNTHETIC DEMO - not market data,DEMO310 US Equity
Bond_311,NR,99.5,2.81,Issuer_A,2026-11-12,JPY,24.03,0.64,4.59,DE,481500000.0,Y,Corporates,XS0000003110 Corp,XS0000003110,Convertible,National,1.5 Lien,3.637,DEMO311 US Equity,142.2939,7.027708144902908,80.22252680803032,3370500.0,SYNTHETIC DEMO - not market data,DEMO311 US Equity
Bond_312,CCC,108.32,4.72,Issuer_D,2029-09-24,GBP,,,0.12,GB,281440000.0,N,Corporates,XS0000003128 Corp,XS0000003128,Bond,Oil & Gas,Jr Subordinated,-0.246,,,,,365872000.0,SYNTHETIC DEMO - not market data,DEMO312 US Equity
Bond_313,D,90.88,4.49,Issuer_B,2030-09-03,USD,,,0.84,US,332120000.0,N,Corporates,XS0000003136 Corp,XS0000003136,Bond,Real Estate,Secured,0.457,,,,,332120000.0,SYNTHETIC DEMO - not market data,DEMO313 US Equity
Bond_314,BBB,107.3,2.12,Issuer_A,2028-09-27,JPY,64.66,0.94,3.73,DE,60690000.0,Y,Corporates,XS0000003144 Corp,XS0000003144,Convertible,Regional & Local,Sr Unsecured,3.125,DEMO314 US Equity,122.104,8.18973989386097,65.16458156200656,424830.0,SYNTHETIC DEMO - not market data,DEMO314 US Equity
Bond_315,AAA,91.75,0.27,Issuer_C,2033-02-19,EUR,,,4.55,JP,224610000.0,N,Corporates,XS0000003151 Corp,XS0000003151,Bond,Renewable Energy,Unsecured,4.152,,,,,247071000.00000003,SYNTHETIC DEMO - not market data,DEMO315 US Equity
Bond_316,CCC,96.33,1.95,Issuer_A,2033-01-21,USD,,,3.78,US,365400000.0,N,Governments,XS0000003169 Corp,XS0000003169,Bond,Retail & Wholesale - Staples,Asset Backed,3.13,,,,,365400000.0,SYNTHETIC DEMO - not market data,DEMO316 US Equity
Bond_317,B,108.56,0.53,Issuer_C,2034-02-10,JPY,38.14,0.82,0.15,DE,290060000.0,Y,Corporates,XS0000003177 Corp,XS0000003177,Convertible,Retail & Whsle - Discretionary,Sr Non Preferred,0.037,DEMO317 US Equity,64.9301,15.401177574037312,78.58694078471116,2030420.0,SYNTHETIC DEMO - not market data,DEMO317 US Equity
Bond_318,CCC,105.94,4.25,Issuer_C,2035-03-10,GBP,95.74,0.01,4.37,DE,105460000.0,Y,Corporates,XS0000003185 Corp,XS0000003185,Convertible,Software & Tech Services,Sr Preferred,3.374,DEMO318 US Equity,100.3292,9.967188017047878,54.12281598038214,137098000.0,SYNTHETIC DEMO - not market data,DEMO318 US Equity
Bond_319,CCC,100.74,4.73,Issuer_C,2028-12-24,GBP,21.17,0.91,4.26,DE,122430000.0,Y,Corporates,XS0000003193 Corp,XS0000003193,Convertible,Supranationals,Sr Subordinated,3.815,DEMO319 US Equity,181.7622,5.5016939715738475,83.13939093835107,159159000.0,SYNTHETIC DEMO - not market data,DEMO319 US Equity
Bond_320,BB,93.89,0.91,Issuer_A,2033-08-21,USD,29.07,0.07,0.49,JP,478190000.0,Y,Corporates,XS0000003201 Corp,XS0000003201,Convertible,Tech Hardware & Semiconductors,1st lien,-0.401,DEMO320 US Equity,117.5908,8.50406664466948,72.74347253428373,478190000.0,SYNTHETIC DEMO - not market data,DEMO320 US Equity
Bond_321,A,103.43,1.17,Issuer_C,2034-02-07,GBP,,,2.43,GB,327350000.0,N,Governments,XS0000003219 Corp,XS0000003219,Bond,Telecommunications,2nd lien,2.309,,,,,425555000.0,SYNTHETIC DEMO - not market data,DEMO321 US Equity
Bond_322,A,101.31,1.82,Issuer_C,2031-03-01,GBP,,,1.23,DE,370490000.0,N,Corporates,XS0000003227 Corp,XS0000003227,Bond,Utilities,1.5 Lien,1.029,,,,,481637000.0,SYNTHETIC DEMO - not market data,DEMO322 US Equity
Bond_323,BB,106.8,0.67,Issuer_C,2032-08-15,GBP,,,3.87,JP,298250000.0,N,Corporates,XS0000003235 Corp,XS0000003235,Bond,Banking,Jr Subordinated,3.731,,,,,387725000.0,SYNTHETIC DEMO - not market data,DEMO323 US Equity
Bond_324,AA,106.84,4.29,Issuer_B,2033-04-09,USD,72.74,0.89,4.25,US,415690000.0,Y,Corporates,XS0000003243 Corp,XS0000003243,Convertible,Consumer Discretionary Products,Secured,4.224,DEMO324 US Equity,162.2672,6.162674896713568,61.850179460460815,415690000.0,SYNTHETIC DEMO - not market data,DEMO324 US Equity
Bond_325,BBB,108.13,2.76,Issuer_D,2035-03-12,JPY,,,1.12,GB,110250000.0,N,Corporates,XS0000003250 Corp,XS0000003250,Bond,Consumer Discretionary Services,Sr Unsecured,0.811,,,,,771750.0,SYNTHETIC DEMO - not market data,DEMO325 US Equity
Bond_326,CCC,97.28,0.05,Issuer_B,2034-11-06,EUR,44.62,0.18,4.74,DE,381160000.0,Y,Corporates,XS0000003268 Corp,XS0000003268,Convertible,Consumer Staple Products,Unsecured,4.021,DEMO326 US Equity,199.9271,5.0018231645434765,67.26593832111742,419276000.00000006,SYNTHETIC DEMO - not market data,DEMO326 US Equity
Bond_327,B,90.81,3.81,Issuer_B,2026-05-12,EUR,,,0.21,DE,283050000.0,N,Corporates,XS0000003276 Corp,XS0000003276,Bond,Financial Services,Asset Backed,-0.24,,,,,311355000.0,SYNTHETIC DEMO - not market data,DEMO327 US Equity
Bond_328,CCC,99.39,2.27,Issuer_A,2025-11-11,USD,,,3.52,GB,425690000.0,N,Corporates,XS0000003284 Corp,XS0000003284,Bond,Health Care,Sr Non Preferred,2.84,,,,,425690000.0,SYNTHETIC DEMO - not market data,DEMO328 US Equity
Bond_329,NR,101.4,1.88,Issuer_D,2030-10-21,USD,,,2.58,JP,487700000.0,N,Corporates,XS0000003292 Corp,XS0000003292,Bond,Industrial Products,Sr Preferred,2.235,,,,,487700000.0,SYNTHETIC DEMO - not market data,DEMO329 US Equity
Bond_330,NR,98.12,4.09,Issuer_C,2032-08-20,USD,50.18,0.14,0.83,US,281540000.0,Y,Corporates,XS0000003300 Corp,XS0000003300,Convertible,Industrial Services,Sr Subordinated,0.05,DEMO330 US Equity,178.0328,5.616942495989503,65.33493141563457,281540000.0,SYNTHETIC DEMO - not market data,DEMO330 US Equity
Bond_331,BBB,93.0,0.79,Issuer_A,2035-04-14,GBP,,,3.6,JP,353850000.0,N,Governments,XS0000003318 Corp,XS0000003318,Bond,Insurance,1st lien,3.476,,,,,460005000.0,SYNTHETIC DEMO - not market data,DEMO331 US Equity
Bond_332,BBB,101.82,3.24,Issuer_D,2025-04-02,EUR,,,2.87,DE,110630000.0,N,Corporates,XS0000003326 Corp,XS0000003326,Bond,Materials,2nd lien,2.717,,,,,121693000.00000001,SYNTHETIC DEMO - not market data,DEMO332 US Equity
Bond_333,A,91.12,1.29,Issuer_B,2033-07-20,USD,87.85,0.73,4.11,US,147470000.0,Y,Corporates,XS0000003334 Corp,XS0000003334,Convertible,Media,1.5 Lien,3.787,DEMO333 US Equity,49.6383,20.145734241503032,48.50678733031675,147470000.0,SYNTHETIC DEMO - not market data,DEMO333 US Equity
Bond_334,D,93.41,4.15,Issuer_B,2034-03-20,GBP,,,0.84,GB,465060000.0,N,Corporates,XS0000003342 Corp,XS0000003342,Bond,National,Jr Subordinated,0.205,,,,,604578000.0,SYNTHETIC DEMO - not market data,DEMO334 US Equity
Bond_335,BBB,97.56,0.66,Issuer_A,2028-09-28,JPY,82.65,0.61,0.89,US,444990000.0,Y,Corporates,XS0000003359 Corp,XS0000003359,Convertible,Oil & Gas,Secured,0.765,DEMO335 US Equity,119.1515,8.392676550442085,53.41363263071448,3114930.0,SYNTHETIC DEMO - not market data,DEMO335 US Equity
Bond_336,AA,99.64,0.65,Issuer_A,2035-11-14,JPY,37.04,0.04,2.65,DE,472290000.0,Y,Corporates,XS0000003367 Corp,XS0000003367,Convertible,Real Estate,Sr Unsecured,1.929,DEMO336 US Equity,138.5719,7.216470294482503,72.70869819030939,3306030.0,SYNTHETIC DEMO - not market data,DEMO336 US Equity
Bond_337,CCC,97.01,4.02,Issuer_A,2031-03-09,JPY,,,3.83,US,177470000.0,N,Corporates,XS0000003375 Corp,XS0000003375,Bond,Regional & Local,Unsecured,3.189,,,,,1242290.0,SYNTHETIC DEMO - not market data,DEMO337 US Equity
Bond_338,BB,93.78,3.55,Issuer_A,2034-09-04,USD,,,1.88,DE,359500000.0,N,Corporates,XS0000003383 Corp,XS0000003383,Bond,Renewable Energy,Asset Backed,1.303,,,,,359500000.0,SYNTHETIC DEMO - not market data,DEMO338 US Equity
Bond_339,CCC,97.25,0.77,Issuer_C,2029-09-14,GBP,,,3.06,JP,389740000.0,N,Corporates,XS0000003391 Corp,XS0000003391,Bond,Retail & Wholesale - Staples,Sr Non Preferred,2.409,,,,,506662000.0,SYNTHETIC DEMO - not market data,DEMO339 US Equity
Bond_340,NR,105.68,2.41,Issuer_C,2033-09-16,GBP,,,4.94,GB,398390000.0,N,Corporates,XS0000003409 Corp,XS0000003409,Bond,Retail & Whsle - Discretionary,Sr Preferred,4.173,,,,,517907000.0,SYNTHETIC DEMO - not market data,DEMO340 US Equity
Bond_341,A,107.1,3.3,Issuer_B,2032-12-06,USD,,,1.07,JP,403740000.0,N,Governments,XS0000003417 Corp,XS0000003417,Bond,Software & Tech Services,Sr Subordinated,0.653,,,,,403740000.0,SYNTHETIC DEMO - not market data,DEMO341 US Equity
Bond_342,A,97.78,3.18,Issuer_A,2027-08-20,JPY,8.81,0.26,1.85,US,376020000.0,Y,Corporates,XS0000003425 Corp,XS0000003425,Convertible,Supranationals,1st lien,1.352,DEMO342 US Equity,135.0184,7.406397942798907,89.86306405661244,2632140.0,SYNTHETIC DEMO - not market data,DEMO342 US Equity
Bond_343,NR,95.73,4.82,Issuer_A,2027-11-16,JPY,,,0.05,GB,137640000.0,N,Corporates,XS0000003433 Corp,XS0000003433,Bond,Tech Hardware & Semiconductors,2nd lien,-0.247,,,,,963480.0,SYNTHETIC DEMO - not market data,DEMO343 US Equity
Bond_344,A,103.48,1.8,Issuer_A,2027-02-09,JPY,35.31,0.4,2.93,US,381620000.0,Y,Corporates,XS0000003441 Corp,XS0000003441,Convertible,Telecommunications,1.5 Lien,2.87,DEMO344 US Equity,33.1351,30.17947735181122,76.47623974576898,2671340.0,SYNTHETIC DEMO - not market data,DEMO344 US Equity
Bond_345,AA,100.99,3.63,Issuer_C,2030-05-08,EUR,45.48,0.4,0.02,DE,233210000.0,Y,Corporates,XS0000003458 Corp,XS0000003458,Convertible,Utilities,Jr Subordinated,-0.841,DEMO345 US Equity,152.156,6.572202213517706,69.41847676656585,256531000.00000003,SYNTHETIC DEMO - not market data,DEMO345 US Equity
Bond_346,NR,91.45,1.47,Issuer_A,2033-05-18,GBP,69.42,0.97,2.82,DE,390860000.0,Y,Corporates,XS0000003466 Corp,XS0000003466,Convertible,Banking,Secured,2.572,DEMO346 US Equity,68.1449,14.674612480170929,53.978278833667815,508118000.0,SYNTHETIC DEMO - not market data,DEMO346 US Equity
Bond_347,D,107.93,4.31,Issuer_D,2026-05-03,JPY,,,3.17,DE,354610000.0,N,Corporates,XS0000003474 Corp,XS0000003474,Bond,Consumer Discretionary Products,Sr Unsecured,3.01,,,,,2482270.0,SYNTHETIC DEMO - not market data,DEMO347 US Equity
Bond_348,B,98.25,1.77,Issuer_A,2029-04-10,USD,39.89,0.75,1.71,DE,264450000.0,Y,Corporates,XS0000003482 Corp,XS0000003482,Convertible,Consumer Discretionary Services,Unsecured,1.132,DEMO348 US Equity,78.9384,12.668105763481398,70.23375509328758,264450000.0,SYNTHETIC DEMO - not market data,DEMO348 US Equity
Bond_349,BBB,107.89,1.35,Issuer_B,2032-12-07,EUR,,,3.68,GB,143050000.0,N,Corporates,XS0000003490 Corp,XS0000003490,Bond,Consumer Staple Products,Asset Backed,3.657,,,,,157355000.0,SYNTHETIC DEMO - not market data,DEMO349 US Equity
Bond_350,BBB,106.73,1.78,Issuer_A,2026-02-22,JPY,61.38,0.76,2.71,US,431600000.0,Y,Corporates,XS0000003508 Corp,XS0000003508,Convertible,Financial Services,Sr Non Preferred,2.205,DEMO350 US Equity,190.1419,5.259230080271629,66.13582847936549,3021200.0,SYNTHETIC DEMO - not market data,DEMO350 US Equity
Bond_351,B,99.85,4.93,Issuer_C,2032-03-25,GBP,,,1.99,DE,74370000.0,N,Governments,XS0000003516 Corp,XS0000003516,Bond,Health Care,Sr Preferred,1.336,,,,,96681000.0,SYNTHETIC DEMO - not market data,DEMO351 US Equity
Bond_352,D,108.79,0.16,Issuer_C,2031-11-25,EUR,,,2.29,US,364210000.0,N,Corporates,XS0000003524 Corp,XS0000003524,Bond,Industrial Products,Sr Subordinated,1.819,,,,,400631000.00000006,SYNTHETIC DEMO - not market data,DEMO352 US Equity
Bond_353,B,103.78,0.06,Issuer_B,2031-10-04,GBP,,,1.81,GB,134220000.0,N,Corporates,XS0000003532 Corp,XS0000003532,Bond,Industrial Services,1st lien,1.273,,,,,174486000.0,SYNTHETIC DEMO - not market data,DEMO353 US Equity
Bond_354,BBB,95.39,4.79,Issuer_C,2030-03-16,JPY,,,1.05,GB,214290000.0,N,Corporates,XS0000003540 Corp,XS0000003540,Bond,Insurance,2nd lien,0.203,,,,,1500030.0,SYNTHETIC DEMO - not market data,DEMO354 US Equity
Bond_355,BB,99.01,2.86,Issuer_B,2026-12-09,EUR,,,2.78,JP,138230000.0,N,Corporates,XS0000003557 Corp,XS0000003557,Bond,Materials,1.5 Lien,2.349,,,,,152053000.0,SYNTHETIC DEMO - not market data,DEMO355 US Equity
Bond_356,D,106.11,0.88,Issuer_D,2027-11-17,GBP,78.53,0.3,2.81,US,229280000.0,Y,Corporates,XS0000003565 Corp,XS0000003565,Convertible,Media,Jr Subordinated,2.082,DEMO356 US Equity,178.842,5.591527717202894,59.43538901025038,298064000.0,SYNTHETIC DEMO - not market data,DEMO356 US Equity
Bond_357,AAA,94.31,1.27,Issuer_A,2032-12-11,GBP,36.1,0.56,4.66,GB,204860000.0,Y,Corporates,XS0000003573 Corp,XS0000003573,Convertible,National,Secured,4.156,DEMO357 US Equity,33.2357,30.088128127284815,69.29463629684057,266318000.0,SYNTHETIC DEMO - not market data,DEMO357 US Equity
Bond_358,AA,97.02,3.4,Issuer_B,2034-10-21,EUR,,,4.9,GB,209800000.0,N,Corporates,XS0000003581 Corp,XS0000003581,Bond,Oil & Gas,Sr Unsecured,4.506,,,,,230780000.00000003,SYNTHETIC DEMO - not market data,DEMO358 US Equity
Bond_359,D,107.79,1.91,Issuer_C,2032-11-05,EUR,,,3.2,GB,239820000.0,N,Corporates,XS0000003599 Corp,XS0000003599,Bond,Real Estate,Unsecured,2.405,,,,,263802000.00000003,SYNTHETIC DEMO - not market data,DEMO359 US Equity
Bond_360,AA,91.58,1.72,Issuer_C,2030-11-10,GBP,,,3.03,JP,172060000.0,N,Corporates,XS0000003607 Corp,XS0000003607,Bond,Regional & Local,Asset Backed,2.691,,,,,223678000.0,SYNTHETIC DEMO - not market data,DEMO360 US Equity
Bond_361,B,104.96,2.6,Issuer_D,2031-03-06,USD,,,0.63,DE,347910000.0,N,Governments,XS0000003615 Corp,XS0000003615,Bond,Renewable Energy,Sr Non Preferred,-0.309,,,,,347910000.0,SYNTHETIC DEMO - not market data,DEMO361 US Equity
Bond_362,BBB,93.34,0.52,Issuer_A,2032-09-02,USD,77.09,0.52,4.98,US,168100000.0,Y,Corporates,XS0000003623 Corp,XS0000003623,Convertible,Retail & Wholesale - Staples,Sr Preferred,4.781,DEMO362 US Equity,155.8937,6.414627403159974,52.707662770342765,168100000.0,SYNTHETIC DEMO - not market data,DEMO362 US Equity
Bond_363,AA,103.1,4.43,Issuer_C,2028-04-24,GBP,44.32,0.13,2.63,DE,62860000.0,Y,Corporates,XS0000003631 Corp,XS0000003631,Convertible,Retail & Whsle - Discretionary,Sr Subordinated,2.024,DEMO363 US Equity,102.2579,9.779195543816174,71.43847006651885,81718000.0,SYNTHETIC DEMO - not market data,DEMO363 US Equity
Bond_364,B,107.28,2.34,Issuer_C,2033-08-05,EUR,,,2.95,JP,333970000.0,N,Corporates,XS0000003649 Corp,XS0000003649,Bond,Software & Tech Services,1st lien,2.651,,,,,367367000.0,SYNTHETIC DEMO - not market data,DEMO364 US Equity
Bond_365,NR,102.8,2.67,Issuer_C,2032-09-08,USD,,,2.21,GB,235490000.0,N,Corporates,XS0000003656 Corp,XS0000003656,Bond,Supranationals,2nd lien,1.874,,,,,235490000.0,SYNTHETIC DEMO - not market data,DEMO365 US Equity
Bond_366,BB,90.21,2.62,Issuer_B,2030-05-16,USD,68.78,0.49,3.78,GB,54110000.0,Y,Corporates,XS0000003664 Corp,XS0000003664,Convertible,Tech Hardware & Semiconductors,1.5 Lien,3.248,DEMO366 US Equity,169.0921,5.913936842702882,53.44827586206896,54110000.0,SYNTHETIC DEMO - not market data,DEMO366 US Equity
Bond_367,BB,101.94,3.98,Issuer_C,2028-07-18,JPY,,,1.97,DE,371720000.0,N,Corporates,XS0000003672 Corp,XS0000003672,Bond,Telecommunications,Jr Subordinated,1.386,,,,,2602040.0,SYNTHETIC DEMO - not market data,DEMO367 US Equity
Bond_368,CCC,94.41,0.4,Issuer_B,2033-10-26,GBP,,,1.42,GB,235810000.0,N,Corporates,XS0000003680 Corp,XS0000003680,Bond,Utilities,Secured,0.623,,,,,306553000.0,SYNTHETIC DEMO - not market data,DEMO368 US Equity
Bond_369,A,92.73,0.55,Issuer_D,2034-08-09,JPY,18.78,0.02,0.25,US,133669999.99999999,Y,Corporates,XS0000003698 Corp,XS0000003698,Convertible,Banking,Sr Unsecured,-0.438,DEMO369 US Equity,150.5584,6.641940934547657,78.06869843407982,935689.9999999999,SYNTHETIC DEMO - not market data,DEMO369 US Equity
Bond_370,BB,95.38,3.58,Issuer_A,2028-02-05,USD,49.36,0.34,1.56,JP,499080000.0,Y,Corporates,XS0000003706 Corp,XS0000003706,Convertible,Consumer Discretionary Products,Unsecured,0.976,DEMO370 US Equity,149.852,6.673250940928383,63.85913229780396,499080000.0,SYNTHETIC DEMO - not market data,DEMO370 US Equity
Bond_371,AAA,96.6,4.22,Issuer_B,2025-05-25,JPY,,,0.36,JP,131720000.0,N,Governments,XS0000003714 Corp,XS0000003714,Bond,Consumer Discretionary Services,Asset Backed,0.328,,,,,922040.0,SYNTHETIC DEMO - not market data,DEMO371 US Equity
Bond_372,CCC,106.57,0.61,Issuer_B,2031-08-08,USD,,,1.0,US,284510000.0,N,Corporates,XS0000003722 Corp,XS0000003722,Bond,Consumer Staple Products,Sr Non Preferred,0.052,,,,,284510000.0,SYNTHETIC DEMO - not market data,DEMO372 US Equity
Bond_373,D,97.78,4.81,Issuer_C,2027-11-24,USD,74.47,0.55,0.61,JP,337330000.0,Y,Corporates,XS0000003730 Corp,XS0000003730,Convertible,Financial Services,Sr Preferred,0.591,DEMO373 US Equity,39.7812,25.137502136687683,56.04401902905944,337330000.0,SYNTHETIC DEMO - not market data,DEMO373 US Equity
Bond_374,B,107.75,4.32,Issuer_B,2026-04-21,JPY,32.45,0.17,1.38,US,228110000.0,Y,Corporates,XS0000003748 Corp,XS0000003748,Convertible,Health Care,Sr Subordinated,0.644,DEMO374 US Equity,177.1072,5.646297835435262,81.35145337863345,1596770.0,SYNTHETIC DEMO - not market data,DEMO374 US Equity
Bond_375,AAA,109.38,2.91,Issuer_D,2034-03-12,USD,24.87,0.5,3.43,GB,468880000.0,Y,Corporates,XS0000003755 Corp,XS0000003755,Convertible,Industrial Products,1st lien,3.257,DEMO375 US Equity,76.4755,13.076083190041256,87.59509890285898,468880000.0,SYNTHETIC DEMO - not market data,DEMO375 US Equity
Bond_376,AAA,97.11,0.77,Issuer_A,2027-08-08,GBP,98.17,0.79,3.78,JP,379930000.0,Y,Corporates,XS0000003763 Corp,XS0000003763,Convertible,Industrial Services,2nd lien,3.17,DEMO376 US Equity,144.7964,6.906249050390755,49.00338093556038,493909000.0,SYNTHETIC DEMO - not market data,DEMO376 US Equity
Bond_377,CCC,97.16,0.67,Issuer_A,2032-12-15,GBP,54.27,0.49,2.83,GB,195660000.0,Y,Corporates,XS0000003771 Corp,XS0000003771,Convertible,Insurance,1.5 Lien,2.623,DEMO377 US Equity,72.0207,13.884896981006849,62.98048875348415,254358000.0,SYNTHETIC DEMO - not market data,DEMO377 US Equity
Bond_378,BB,107.35,2.99,Issuer_B,2026-09-05,JPY,,,1.48,GB,293720000.0,N,Corporates,XS0000003789 Corp,XS0000003789,Bond,Materials,Jr Subordinated,1.358,,,,,2056040.0,SYNTHETIC DEMO - not market data,DEMO378 US Equity
Bond_379,AAA,105.52,2.53,Issuer_B,2025-10-28,GBP,,,3.88,DE,194310000.0,N,Corporates,XS0000003797 Corp,XS0000003797,Bond,Media,Secured,3.203,,,,,252603000.0,SYNTHETIC DEMO - not market data,DEMO379 US Equity
Bond_380,NR,106.38,0.95,Issuer_D,2033-03-20,GBP,32.26,0.64,0.55,US,69700000.0,Y,Corporates,XS0000003805 Corp,XS0000003805,Convertible,National,Sr Unsecured,-0.43,DEMO380 US Equity,88.345,11.319259720414285,80.43248147588083,90610000.0,SYNTHETIC DEMO - not market data,DEMO380 US Equity
Bond_381,A,107.47,1.01,Issuer_D,2028-02-02,JPY,65.79,0.53,3.51,GB,72090000.0,Y,Corporates,XS0000003813 Corp,XS0000003813,Convertible,Oil & Gas,Unsecured,3.068,DEMO381 US Equity,82.3454,12.1439691834638,64.822968815972,504630.0,SYNTHETIC DEMO - not market data,DEMO381 US Equity
Bond_382,AA,90.26,4.61,Issuer_D,2026-08-26,USD,36.09,0.74,4.45,GB,407410000.0,Y,Corporates,XS0000003821 Corp,XS0000003821,Convertible,Real Estate,Asset Backed,3.834,DEMO382 US Equity,44.7091,22.366811230823256,66.3237563377177,407410000.0,SYNTHETIC DEMO - not market data,DEMO382 US Equity
Bond_383,BB,100.58,3.67,Issuer_C,2026-04-17,USD,10.12,0.23,1.93,DE,286790000.0,Y,Corporates,XS0000003839 Corp,XS0000003839,Convertible,Regional & Local,Sr Non Preferred,1.213,DEMO383 US Equity,94.3942,10.59387123361393,91.3367235742826,286790000.0,SYNTHETIC DEMO - not market data,DEMO383 US Equity
Bond_384,A,101.17,2.79,Issuer_A,2035-10-12,JPY,70.26,0.43,0.52,DE,297480000.0,Y,Corporates,XS0000003847 Corp,XS0000003847,Convertible,Renewable Energy,Sr Preferred,-0.358,DEMO384 US Equity,188.3058,5.310510881767848,59.420885704217085,2082360.0,SYNTHETIC DEMO - not market data,DEMO384 US Equity
Bond_385,A,100.68,3.0,Issuer_C,2030-09-11,GBP,,,2.06,JP,421770000.0,N,Corporates,XS0000003854 Corp,XS0000003854,Bond,Retail & Wholesale - Staples,Sr Subordinated,1.971,,,,,548301000.0,SYNTHETIC DEMO - not market data,DEMO385 US Equity
Bond_386,BBB,101.26,1.07,Issuer_C,2030-08-15,JPY,,,0.0,US,492330000.0,N,Governments,XS0000003862 Corp,XS0000003862,Bond,Retail & Whsle - Discretionary,1st lien,-0.574,,,,,3446310.0,SYNTHETIC DEMO - not market data,DEMO386 US Equity
Bond_387,NR,92.7,4.45,Issuer_A,2029-04-07,GBP,2.17,0.82,3.45,GB,463600000.0,Y,Corporates,XS0000003870 Corp,XS0000003870,Convertible,Software & Tech Services,2nd lien,2.727,DEMO387 US Equity,116.3274,8.59642698108958,90.73113438387001,602680000.0,SYNTHETIC DEMO - not market data,DEMO387 US Equity
Bond_388,AA,90.75,1.78,Issuer_B,2029-06-19,EUR,23.3,0.81,0.46,JP,306080000.0,Y,Corporates,XS0000003888 Corp,XS0000003888,Convertible,Supranationals,1.5 Lien,0.063,DEMO388 US Equity,199.4909,5.01275998053044,73.60097323600972,336688000.0,SYNTHETIC DEMO - not market data,DEMO388 US Equity
Bond_389,AA,104.47,3.96,Issuer_B,2032-12-23,USD,59.52,0.3,3.65,JP,85310000.0,Y,Corporates,XS0000003896 Corp,XS0000003896,Convertible,Tech Hardware & Semiconductors,Jr Subordinated,3.543,DEMO389 US Equity,122.2331,8.181090064802415,65.49022066198594,85310000.0,SYNTHETIC DEMO - not market data,DEMO389 US Equity
Bond_390,B,96.96,4.09,Issuer_D,2026-04-24,USD,63.39,0.63,0.27,US,193690000.0,Y,Corporates,XS0000003904 Corp,XS0000003904,Convertible,Telecommunications,Secured,-0.198,DEMO390 US Equity,173.1908,5.7739787563773595,59.34267703041801,193690000.0,SYNTHETIC DEMO - not market data,DEMO390 US Equity
Bond_391,B,100.05,1.1,Issuer_A,2035-12-13,JPY,75.28,0.58,0.45,JP,180400000.0,Y,Corporates,XS0000003912 Corp,XS0000003912,Convertible,Utilities,Sr Unsecured,-0.341,DEMO391 US Equity,152.5912,6.553457866508685,57.08010041077133,1262800.0,SYNTHETIC DEMO - not market data,DEMO391 US Equity
Bond_392,A,92.64,0.41,Issuer_A,2033-07-09,USD,,,1.99,JP,398220000.0,N,Corporates,XS0000003920 Corp,XS0000003920,Bond,Banking,Unsecured,1.475,,,,,398220000.0,SYNTHETIC DEMO - not market data,DEMO392 US Equity
Bond_393,A,99.62,0.99,Issuer_D,2035-10-07,EUR,24.23,0.27,2.15,US,100640000.0,Y,Corporates,XS0000003938 Corp,XS0000003938,Convertible,Consumer Discretionary Products,Asset Backed,1.481,DEMO393 US Equity,35.6128,28.07979153562764,80.18997021653385,110704000.00000001,SYNTHETIC DEMO - not market data,DEMO393 US Equity
Bond_394,CCC,97.31,0.95,Issuer_C,2034-11-01,GBP,,,0.85,GB,327300000.0,N,Corporates,XS0000003946 Corp,XS0000003946,Bond,Consumer Discretionary Services,Sr Non Preferred,0.096,,,,,425490000.0,SYNTHETIC DEMO - not market data,DEMO394 US Equity
Bond_395,A,98.81,4.62,Issuer_B,2028-11-12,EUR,,,3.79,US,100570000.0,N,Corporates,XS0000003953 Corp,XS0000003953,Bond,Consumer Staple Products,Sr Preferred,2.836,,,,,110627000.00000001,SYNTHETIC DEMO - not market data,DEMO395 US Equity
Bond_396,BBB,108.98,4.63,Issuer_C,2025-06-23,USD,30.51,0.47,1.66,DE,141710000.0,Y,Corporates,XS0000003961 Corp,XS0000003961,Convertible,Financial Services,Sr Subordinated,0.937,DEMO396 US Equity,74.3503,13.449844856039585,83.503179832963,141710000.0,SYNTHETIC DEMO - not market data,DEMO396 US Equity
Bond_397,NR,99.66,3.65,Issuer_B,2035-01-13,USD,,,1.28,US,177810000.0,N,Corporates,XS0000003979 Corp,XS0000003979,Bond,Health Care,1st lien,0.875,,,,,177810000.0,SYNTHETIC DEMO - not market data,DEMO397 US Equity
Bond_398,AAA,99.3,4.73,Issuer_A,2031-11-09,GBP,,,4.32,US,181620000.0,N,Corporates,XS0000003987 Corp,XS0000003987,Bond,Industrial Products,2nd lien,3.817,,,,,236106000.0,SYNTHETIC DEMO - not market data,DEMO398 US Equity
Bond_399,BBB,109.6,2.54,Issuer_A,2030-08-28,USD,,,0.93,JP,302310000.0,N,Corporates,XS0000003995 Corp,XS0000003995,Bond,Industrial Services,1.5 Lien,0.035,,,,,302310000.0,SYNTHETIC DEMO - not market data,DEMO399 US Equity
Bond_400,AAA,94.95,2.65,Issuer_C,2032-07-24,EUR,1.84,0.68,1.78,GB,156290000.0,Y,Corporates,XS0000004001 Corp,XS0000004001,Convertible,Insurance,Jr Subordinated,1.469,DEMO400 US Equity,146.6403,6.819407761713526,93.23448546739985,171919000.0,SYNTHETIC DEMO - not market data,DEMO400 US Equity
Bond_401,AAA,102.52,4.39,Issuer_A,2033-05-08,EUR,,,1.71,JP,345620000.0,N,Governments,XS0000004019 Corp,XS0000004019,Bond,Materials,Secured,1.557,,,,,380182000.00000006,SYNTHETIC DEMO - not market data,DEMO401 US Equity
Bond_402,CCC,100.41,3.39,Issuer_B,2031-04-19,EUR,42.65,0.31,3.03,JP,294010000.0,Y,Corporates,XS0000004027 Corp,XS0000004027,Convertible,Media,Sr Unsecured,2.424,DEMO402 US Equity,154.5923,6.468627480152634,70.38906414300736,323411000.0,SYNTHETIC DEMO - not market data,DEMO402 US Equity
Bond_403,A,101.62,3.42,Issuer_B,2027-05-23,EUR,43.01,0.91,3.85,DE,192870000.0,Y,Corporates,XS0000004035 Corp,XS0000004035,Convertible,National,Unsecured,3.095,DEMO403 US Equity,64.5438,15.493354900083354,71.05796797426754,212157000.00000003,SYNTHETIC DEMO - not market data,DEMO403 US Equity
Bond_404,A,96.35,4.4,Issuer_A,2030-07-14,GBP,44.3,0.93,4.47,GB,118380000.0,Y,Corporates,XS0000004043 Corp,XS0000004043,Convertible,Oil & Gas,Asset Backed,3.922,DEMO404 US Equity,31.1164,32.13739378591354,66.77061677061677,153894000.0,SYNTHETIC DEMO - not market data,DEMO404 US Equity
Bond_405,AA,92.63,0.13,Issuer_C,2034-10-20,EUR,59.64,0.23,0.13,US,359660000.0,Y,Corporates,XS0000004050 Corp,XS0000004050,Convertible,Real Estate,Sr Non Preferred,-0.453,DEMO405 US Equity,56.9723,17.552389494543842,58.02430468554247,395626000.00000006,SYNTHETIC DEMO - not market data,DEMO405 US Equity
Bond_406,A,100.05,3.02,Issuer_C,2027-07-16,JPY,,,0.69,DE,151820000.0,N,Governments,XS0000004068 Corp,XS0000004068,Bond,Regional & Local,Sr Preferred,0.632,,,,,1062740.0,SYNTHETIC DEMO - not market data,DEMO406 US Equity
Bond_407,AAA,108.51,4.75,Issuer_B,2035-04-25,EUR,,,0.33,JP,440210000.0,N,Corporates,XS0000004076 Corp,XS0000004076,Bond,Renewable Energy,Sr Subordinated,-0.132,,,,,484231000.00000006,SYNTHETIC DEMO - not market data,DEMO407 US Equity
Bond_408,B,107.34,4.44,Issuer_D,2031-01-20,JPY,,,3.6,JP,325180000.0,N,Corporates,XS0000004084 Corp,XS0000004084,Bond,Retail & Wholesale - Staples,1st lien,2.793,,,,,2276260.0,SYNTHETIC DEMO - not market data,DEMO408 US Equity
Bond_409,NR,92.19,2.28,Issuer_A,2028-09-18,JPY,98.38,0.04,1.94,US,135430000.0,Y,Corporates,XS0000004092 Corp,XS0000004092,Convertible,Retail & Whsle - Discretionary,2nd lien,1.544,DEMO409 US Equity,150.1904,6.6582151722080765,46.47141848976711,948010.0,SYNTHETIC DEMO - not market data,DEMO409 US Equity
Bond_410,CCC,107.69,3.87,Issuer_C,2032-03-14,GBP,,,3.07,US,360480000.0,N,Corporates,XS0000004100 Corp,XS0000004100,Bond,Software & Tech Services,1.5 Lien,2.076,,,,,468624000.0,SYNTHETIC DEMO - not market data,DEMO410 US Equity
Bond_411,D,106.6,2.26,Issuer_A,2027-10-23,EUR,39.31,0.32,0.12,JP,315640000.0,Y,Corporates,XS0000004118 Corp,XS0000004118,Convertible,Supranationals,Jr Subordinated,0.051,DEMO411 US Equity,188.2249,5.312793365808669,76.51999138611728,347204000.0,SYNTHETIC DEMO - not market data,DEMO411 US Equity
Bond_412,D,91.8,1.62,Issuer_B,2026-02-04,JPY,63.41,0.09,3.54,DE,220410000.0,Y,Corporates,XS0000004126 Corp,XS0000004126,Convertible,Tech Hardware & Semiconductors,Secured,3.12,DEMO412 US Equity,136.2585,7.338991695930896,56.17771250229484,1542870.0,SYNTHETIC DEMO - not market data,DEMO412 US Equity
Bond_413,AAA,105.37,4.56,Issuer_B,2027-03-06,USD,,,2.1,GB,378570000.0,N,Corporates,XS0000004134 Corp,XS0000004134,Bond,Telecommunications,Sr Unsecured,1.438,,,,,378570000.0,SYNTHETIC DEMO - not market data,DEMO413 US Equity
Bond_414,BB,102.53,0.59,Issuer_B,2028-01-20,GBP,,,0.06,JP,434930000.0,N,Corporates,XS0000004142 Corp,XS0000004142,Bond,Utilities,Unsecured,-0.479,,,,,565409000.0,SYNTHETIC DEMO - not market data,DEMO414 US Equity
Bond_415,D,94.76,2.94,Issuer_D,2032-07-15,USD,60.12,0.01,4.41,GB,328890000.0,Y,Corporates,XS0000004159 Corp,XS0000004159,Convertible,Banking,Asset Backed,4.062,DEMO415 US Equity,137.6361,7.265535713377522,59.180614539095686,328890000.0,SYNTHETIC DEMO - not market data,DEMO415 US Equity
Bond_416,AAA,93.7,0.28,Issuer_C,2025-03-28,USD,66.7,0.84,1.49,US,72060000.0,Y,Corporates,XS0000004167 Corp,XS0000004167,Convertible,Consumer Discretionary Products,Sr Non Preferred,1.192,DEMO416 US Equity,24.0924,41.50686523550995,56.20875824835033,72060000.0,SYNTHETIC DEMO - not market data,DEMO416 US Equity
Bond_417,A,93.23,1.42,Issuer_B,2032-12-19,GBP,,,4.66,US,395830000.0,N,Corporates,XS0000004175 Corp,XS0000004175,Bond,Consumer Discretionary Services,Sr Preferred,4.384,,,,,514579000.0,SYNTHETIC DEMO - not market data,DEMO417 US Equity
Bond_418,B,107.95,4.1,Issuer_D,2033-02-10,JPY,,,0.67,GB,198140000.0,N,Corporates,XS0000004183 Corp,XS0000004183,Bond,Consumer Staple Products,Sr Subordinated,-0.267,,,,,1386980.0,SYNTHETIC DEMO - not market data,DEMO418 US Equity
Bond_419,NR,94.2,1.05,Issuer_A,2026-10-24,USD,,,2.42,GB,242170000.0,N,Corporates,XS0000004191 Corp,XS0000004191,Bond,Financial Services,1st lien,1.695,,,,,242170000.0,SYNTHETIC DEMO - not market data,DEMO419 US Equity
Bond_420,BB,100.51,4.98,Issuer_C,2027-10-19,JPY,,,2.6,JP,271630000.0,N,Corporates,XS0000004209 Corp,XS0000004209,Bond,Health Care,2nd lien,2.487,,,,,1901410.0,SYNTHETIC DEMO - not market data,DEMO420 US Equity
Bond_421,BBB,104.17,4.9,Issuer_A,2026-01-15,USD,73.75,0.21,3.08,JP,236320000.0,Y,Corporates,XS0000004217 Corp,XS0000004217,Convertible,Industrial Products,1.5 Lien,2.661,DEMO421 US Equity,165.7061,6.034780855985386,59.95395683453237,236320000.0,SYNTHETIC DEMO - not market data,DEMO421 US Equity
Bond_422,B,101.21,3.19,Issuer_A,2035-04-23,GBP,,,1.27,US,188500000.0,N,Corporates,XS0000004225 Corp,XS0000004225,Bond,Industrial Services,Jr Subordinated,0.672,,,,,245050000.0,SYNTHETIC DEMO - not market data,DEMO422 US Equity
Bond_423,AAA,92.28,1.67,Issuer_D,2034-10-01,EUR,,,0.97,GB,465030000.0,N,Corporates,XS0000004233 Corp,XS0000004233,Bond,Insurance,Secured,0.267,,,,,511533000.00000006,SYNTHETIC DEMO - not market data,DEMO423 US Equity
Bond_424,D,105.95,3.23,Issuer_D,2027-11-15,GBP,,,2.31,JP,467510000.0,N,Corporates,XS0000004241 Corp,XS0000004241,Bond,Materials,Sr Unsecured,2.261,,,,,607763000.0,SYNTHETIC DEMO - not market data,DEMO424 US Equity
Bond_425,NR,95.99,3.62,Issuer_C,2033-09-01,EUR,57.74,0.33,4.58,GB,79800000.0,Y,Corporates,XS0000004258 Corp,XS0000004258,Convertible,Media,Unsecured,4.178,DEMO425 US Equity,153.2974,6.523267844073024,60.85330290351211,87780000.0,SYNTHETIC DEMO - not market data,DEMO425 US Equity
Bond_426,BB,106.81,1.7,Issuer_D,2035-09-27,EUR,57.1,0.39,2.98,GB,367370000.0,Y,Corporates,XS0000004266 Corp,XS0000004266,Convertible,National,Asset Backed,2.248,DEMO426 US Equity,166.8415,5.993712595487334,67.98854232972629,404107000.00000006,SYNTHETIC DEMO - not market data,DEMO426 US Equity
Bond_427,AAA,95.43,0.43,Issuer_B,2030-08-27,GBP,,,1.08,GB,128759999.99999999,N,Corporates,XS0000004274 Corp,XS0000004274,Bond,Oil & Gas,Sr Non Preferred,0.42,,,,,167388000.0,SYNTHETIC DEMO - not market data,DEMO427 US Equity
Bond_428,AAA,105.56,4.57,Issuer_D,2033-01-26,JPY,,,4.52,DE,135600000.0,N,Corporates,XS0000004282 Corp,XS0000004282,Bond,Real Estate,Sr Preferred,4.299,,,,,949200.0,SYNTHETIC DEMO - not market data,DEMO428 US Equity
Bond_429,NR,96.21,1.64,Issuer_A,2033-11-05,EUR,,,3.62,JP,224410000.0,N,Corporates,XS0000004290 Corp,XS0000004290,Bond,Regional & Local,Sr Subordinated,3.319,,,,,246851000.00000003,SYNTHETIC DEMO - not market data,DEMO429 US Equity
Bond_430,AAA,96.22,0.22,Issuer_A,2030-08-02,USD,52.06,0.66,1.56,GB,337480000.0,Y,Corporates,XS0000004308 Corp,XS0000004308,Convertible,Renewable Energy,1st lien,0.611,DEMO430 US Equity,30.9724,32.286810192300244,63.27765355780613,337480000.0,SYNTHETIC DEMO - not market data,DEMO430 US Equity
Bond_431,B,94.01,1.43,Issuer_C,2032-11-04,GBP,14.93,0.27,0.08,US,142960000.0,Y,Corporates,XS0000004316 Corp,XS0000004316,Convertible,Retail & Wholesale - Staples,2nd lien,-0.591,DEMO431 US Equity,189.4856,5.277445885069894,81.79761594013748,185848000.0,SYNTHETIC DEMO - not market data,DEMO431 US Equity
Bond_432,NR,96.37,0.71,Issuer_C,2034-04-06,USD,,,1.56,GB,293260000.0,N,Corporates,XS0000004324 Corp,XS0000004324,Bond,Retail & Whsle - Discretionary,1.5 Lien,1.086,,,,,293260000.0,SYNTHETIC DEMO - not market data,DEMO432 US Equity
Bond_433,A,90.58,4.52,Issuer_A,2026-07-02,USD,42.65,0.18,2.98,JP,327340000.0,Y,Corporates,XS0000004332 Corp,XS0000004332,Convertible,Software & Tech Services,Jr Subordinated,2.679,DEMO433 US Equity,172.8814,5.784312251057661,63.49807220469681,327340000.0,SYNTHETIC DEMO - not market data,DEMO433 US Equity
Bond_434,B,106.35,3.56,Issuer_A,2032-10-05,USD,,,4.06,JP,93770000.0,N,Corporates,XS0000004340 Corp,XS0000004340,Bond,Supranationals,Secured,3.926,,,,,93770000.0,SYNTHETIC DEMO - not market data,DEMO434 US Equity
Bond_435,D,99.41,4.74,Issuer_B,2034-05-12,JPY,,,0.92,GB,404950000.0,N,Corporates,XS0000004357 Corp,XS0000004357,Bond,Tech Hardware & Semiconductors,Sr Unsecured,0.677,,,,,2834650.0,SYNTHETIC DEMO - not market data,DEMO435 US Equity
Bond_436,D,99.75,0.33,Issuer_A,2030-08-15,EUR,,,1.41,GB,322000000.0,N,Governments,XS0000004365 Corp,XS0000004365,Bond,Telecommunications,Unsecured,1.207,,,,,354200000.0,SYNTHETIC DEMO - not market data,DEMO436 US Equity
Bond_437,NR,92.06,4.09,Issuer_A,2030-09-21,USD,79.24,0.53,2.0,JP,157360000.0,Y,Corporates,XS0000004373 Corp,XS0000004373,Convertible,Utilities,Asset Backed,1.078,DEMO437 US Equity,136.4071,7.3309967003183845,51.361303280517745,157360000.0,SYNTHETIC DEMO - not market data,DEMO437 US Equity
Bond_438,NR,93.18,2.41,Issuer_A,2030-04-27,JPY,78.43,0.44,3.94,DE,127890000.0,Y,Corporates,XS0000004381 Corp,XS0000004381,Convertible,Banking,Sr Non Preferred,3.066,DEMO438 US Equity,128.526,7.780526897281483,52.22215995068094,895230.0,SYNTHETIC DEMO - not market data,DEMO438 US Equity
Bond_439,D,92.29,2.98,Issuer_C,2033-02-27,JPY,17.62,0.96,0.35,US,358480000.0,Y,Corporates,XS0000004399 Corp,XS0000004399,Convertible,Consumer Discretionary Products,Sr Preferred,-0.607,DEMO439 US Equity,79.9336,12.510383618403274,78.46454684577452,2509360.0,SYNTHETIC DEMO - not market data,DEMO439 US Equity
Bond_440,B,99.89,3.3,Issuer_A,2028-03-19,USD,,,3.79,DE,253840000.0,N,Corporates,XS0000004407 Corp,XS0000004407,Bond,Consumer Discretionary Services,Sr Subordinated,3.547,,,,,253840000.0,SYNTHETIC DEMO - not market data,DEMO440 US Equity
Bond_441,CCC,102.31,2.24,Issuer_B,2035-06-10,GBP,,,4.59,JP,373010000.0,N,Governments,XS0000004415 Corp,XS0000004415,Bond,Consumer Staple Products,1st lien,3.986,,,,,484913000.0,SYNTHETIC DEMO - not market data,DEMO441 US Equity
Bond_442,AA,101.65,3.06,Issuer_D,2027-05-02,GBP,,,4.51,US,50380000.0,N,Corporates,XS0000004423 Corp,XS0000004423,Bond,Financial Services,2nd lien,4.305,,,,,65494000.0,SYNTHETIC DEMO - not market data,DEMO442 US Equity
Bond_443,AA,107.22,4.33,Issuer_B,2031-12-19,JPY,,,3.13,JP,232710000.0,N,Corporates,XS0000004431 Corp,XS0000004431,Bond,Health Care,1.5 Lien,2.215,,,,,1628970.0,SYNTHETIC DEMO - not market data,DEMO443 US Equity
Bond_444,NR,94.22,0.87,Issuer_B,2028-09-13,GBP,,,4.2,DE,179810000.0,N,Corporates,XS0000004449 Corp,XS0000004449,Bond,Industrial Products,Jr Subordinated,3.648,,,,,233753000.0,SYNTHETIC DEMO - not market data,DEMO444 US Equity
Bond_445,A,90.23,3.24,Issuer_B,2032-11-14,EUR,8.47,0.64,2.08,JP,452110000.0,Y,Corporates,XS0000004456 Corp,XS0000004456,Convertible,Industrial Services,Secured,1.699,DEMO445 US Equity,159.5925,6.265958613343359,83.18429058725916,497321000.00000006,SYNTHETIC DEMO - not market data,DEMO445 US Equity
Bond_446,A,99.09,2.12,Issuer_D,2031-06-08,EUR,,,2.12,US,310070000.0,N,Governments,XS0000004464 Corp,XS0000004464,Bond,Insurance,Sr Unsecured,1.139,,,,,341077000.0,SYNTHETIC DEMO - not market data,DEMO446 US Equity
Bond_447,NR,95.39,4.63,Issuer_C,2025-01-19,JPY,70.49,0.11,2.41,US,113940000.0,Y,Corporates,XS0000004472 Corp,XS0000004472,Convertible,Materials,Unsecured,1.57,DEMO447 US Equity,104.5083,9.568617994934373,55.95049563024225,797580.0,SYNTHETIC DEMO - not market data,DEMO447 US Equity
Bond_448,D,100.34,2.62,Issuer_A,2028-08-21,USD,,,3.42,GB,325870000.0,N,Corporates,XS0000004480 Corp,XS0000004480,Bond,Media,Asset Backed,3.159,,,,,325870000.0,SYNTHETIC DEMO - not market data,DEMO448 US Equity
Bond_449,NR,105.57,2.34,Issuer_D,2034-12-11,JPY,,,1.76,GB,180140000.0,N,Corporates,XS0000004498 Corp,XS0000004498,Bond,National,Sr Non Preferred,0.825,,,,,1260980.0,SYNTHETIC DEMO - not market data,DEMO449 US Equity
Bond_450,BB,104.54,2.82,Issuer_A,2035-08-19,EUR,57.29,0.66,1.46,US,179070000.0,Y,Corporates,XS0000004506 Corp,XS0000004506,Convertible,Oil & Gas,Sr Preferred,1.042,DEMO450 US Equity,124.2457,8.048568280431436,66.46322080233963,196977000.00000003,SYNTHETIC DEMO - not market data,DEMO450 US Equity
Bond_451,A,100.11,4.26,Issuer_C,2029-03-20,GBP,27.52,0.26,3.71,DE,459560000.0,Y,Corporates,XS0000004514 Corp,XS0000004514,Convertible,Real Estate,Sr Subordinated,3.453,DEMO451 US Equity,143.2724,6.9797113749752215,78.50533249686325,597428000.0,SYNTHETIC DEMO - not market data,DEMO451 US Equity
Bond_452,D,97.4,0.88,Issuer_B,2032-03-26,USD,34.28,0.08,0.73,DE,426930000.0,Y,Corporates,XS0000004522 Corp,XS0000004522,Convertible,Regional & Local,1st lien,0.01,DEMO452 US Equity,50.4678,19.814614467046315,72.53500148942508,426930000.0,SYNTHETIC DEMO - not market data,DEMO452 US Equity
Bond_453,CCC,94.76,2.2,Issuer_B,2028-10-24,GBP,,,0.27,GB,389970000.0,N,Corporates,XS0000004530 Corp,XS0000004530,Bond,Renewable Energy,2nd lien,-0.577,,,,,506961000.0,SYNTHETIC DEMO - not market data,DEMO453 US Equity
Bond_454,AAA,93.35,1.99,Issuer_C,2032-12-25,EUR,37.98,0.71,2.37,DE,288700000.0,Y,Corporates,XS0000004548 Corp,XS0000004548,Convertible,Retail & Wholesale - Staples,1.5 Lien,1.702,DEMO454 US Equity,190.1339,5.25945136559025,67.65473256993768,317570000.0,SYNTHETIC DEMO - not market data,DEMO454 US Equity
Bond_455,AAA,95.78,3.99,Issuer_D,2035-06-17,USD,,,0.49,GB,480280000.0,N,Corporates,XS0000004555 Corp,XS0000004555,Bond,Retail & Whsle - Discretionary,Jr Subordinated,-0.016,,,,,480280000.0,SYNTHETIC DEMO - not market data,DEMO455 US Equity
Bond_456,BB,96.7,1.34,Issuer_A,2029-11-19,JPY,,,2.31,DE,380440000.0,N,Governments,XS0000004563 Corp,XS0000004563,Bond,Software & Tech Services,Secured,1.937,,,,,2663080.0,SYNTHETIC DEMO - not market data,DEMO456 US Equity
Bond_457,NR,96.75,3.45,Issuer_B,2030-09-01,USD,83.17,0.01,0.49,US,358470000.0,Y,Corporates,XS0000004571 Corp,XS0000004571,Convertible,Supranationals,Sr Unsecured,-0.177,DEMO457 US Equity,131.2103,7.62135289683813,52.8197848992739,358470000.0,SYNTHETIC DEMO - not market data,DEMO457 US Equity
Bond_458,BBB,104.51,1.26,Issuer_A,2025-10-03,USD,,,4.69,DE,477720000.0,N,Corporates,XS0000004589 Corp,XS0000004589,Bond,Tech Hardware & Semiconductors,Unsecured,4.161,,,,,477720000.0,SYNTHETIC DEMO - not market data,DEMO458 US Equity
Bond_459,AA,91.73,3.02,Issuer_D,2035-11-19,EUR,89.6,0.7,1.27,JP,347220000.0,Y,Corporates,XS0000004597 Corp,XS0000004597,Convertible,Telecommunications,Asset Backed,0.293,DEMO459 US Equity,69.4533,14.39816394613359,48.380801687763714,381942000.00000006,SYNTHETIC DEMO - not market data,DEMO459 US Equity
Bond_460,D,108.45,1.38,Issuer_D,2035-06-09,EUR,78.07,0.28,0.31,JP,199690000.0,Y,Corporates,XS0000004605 Corp,XS0000004605,Convertible,Utilities,Sr Non Preferred,0.161,DEMO460 US Equity,37.3365,26.78344247586142,60.90301566799574,219659000.00000003,SYNTHETIC DEMO - not market data,DEMO460 US Equity
Bond_461,BB,109.11,1.32,Issuer_D,2026-08-07,JPY,17.84,0.49,0.72,JP,148270000.0,Y,Corporates,XS0000004613 Corp,XS0000004613,Convertible,Banking,Sr Preferred,0.155,DEMO461 US Equity,93.0849,10.742880961358932,92.59164969450103,1037890.0,SYNTHETIC DEMO - not market data,DEMO461 US Equity
Bond_462,D,104.31,0.52,Issuer_A,2026-10-24,GBP,77.72,0.02,2.49,US,469800000.0,Y,Corporates,XS0000004621 Corp,XS0000004621,Convertible,Consumer Discretionary Products,Sr Subordinated,2.396,DEMO462 US Equity,156.7255,6.38058261099821,58.693450371370695,610740000.0,SYNTHETIC DEMO - not market data,DEMO462 US Equity
Bond_463,BB,93.03,1.65,Issuer_D,2034-01-17,JPY,,,2.39,JP,429820000.0,N,Corporates,XS0000004639 Corp,XS0000004639,Bond,Consumer Discretionary Services,1st lien,1.956,,,,,3008740.0,SYNTHETIC DEMO - not market data,DEMO463 US Equity
Bond_464,NR,94.52,1.92,Issuer_D,2026-10-18,GBP,33.34,0.3,0.28,US,214410000.0,Y,Corporates,XS0000004647 Corp,XS0000004647,Convertible,Consumer Staple Products,2nd lien,-0.286,DEMO464 US Equity,161.1877,6.203947323524065,70.88645567721613,278733000.0,SYNTHETIC DEMO - not market data,DEMO464 US Equity
Bond_465,AA,106.82,3.8,Issuer_C,2035-04-06,USD,,,4.84,DE,184490000.0,N,Corporates,XS0000004654 Corp,XS0000004654,Bond,Financial Services,1.5 Lien,3.952,,,,,184490000.0,SYNTHETIC DEMO - not market data,DEMO465 US Equity
Bond_466,AA,102.61,1.8,Issuer_A,2035-08-24,EUR,,,0.7,DE,61410000.0,N,Governments,XS0000004662 Corp,XS0000004662,Bond,Health Care,Jr Subordinated,0.224,,,,,67551000.0,SYNTHETIC DEMO - not market data,DEMO466 US Equity
Bond_467,D,97.78,3.96,Issuer_C,2032-09-27,JPY,96.66,0.02,1.7,GB,404500000.0,Y,Corporates,XS0000004670 Corp,XS0000004670,Convertible,Industrial Products,Secured,1.626,DEMO467 US Equity,28.3812,35.23459191295647,49.720329502695,2831500.0,SYNTHETIC DEMO - not market data,DEMO467 US Equity
Bond_468,CCC,92.36,4.04,Issuer_D,2035-09-05,EUR,92.48,0.04,0.71,US,262050000.0,Y,Corporates,XS0000004688 Corp,XS0000004688,Convertible,Industrial Services,Sr Unsecured,0.123,DEMO468 US Equity,193.0645,5.179616138647964,47.98420615128845,288255000.0,SYNTHETIC DEMO - not market data,DEMO468 US Equity
Bond_469,BBB,104.03,0.65,Issuer_B,2035-01-10,USD,45.62,0.17,2.96,US,101380000.0,Y,Corporates,XS0000004696 Corp,XS0000004696,Convertible,Insurance,Unsecured,2.571,DEMO469 US Equity,170.2371,5.87416021537021,71.43936272490043,101380000.0,SYNTHETIC DEMO - not market data,DEMO469 US Equity
Bond_470,AA,106.09,2.13,Issuer_D,2030-02-22,EUR,32.16,0.96,1.07,US,316890000.0,Y,Corporates,XS0000004704 Corp,XS0000004704,Convertible,Materials,Asset Backed,0.096,DEMO470 US Equity,110.1427,9.079130981898937,80.27391041162228,348579000.0,SYNTHETIC DEMO - not market data,DEMO470 US Equity
Bond_471,AA,92.41,0.71,Issuer_D,2027-12-12,EUR,,,2.19,US,110020000.0,N,Governments,XS0000004712 Corp,XS0000004712,Bond,Media,Sr Non Preferred,1.793,,,,,121022000.00000001,SYNTHETIC DEMO - not market data,DEMO471 US Equity
Bond_472,A,90.31,2.43,Issuer_A,2025-03-03,GBP,,,2.08,JP,361560000.0,N,Corporates,XS0000004720 Corp,XS0000004720,Bond,National,Sr Preferred,1.306,,,,,470028000.0,SYNTHETIC DEMO - not market data,DEMO472 US Equity
Bond_473,A,102.8,2.62,Issuer_D,2028-03-20,USD,59.63,0.72,3.06,US,332240000.0,Y,Corporates,XS0000004738 Corp,XS0000004738,Convertible,Oil & Gas,Sr Subordinated,2.787,DEMO473 US Equity,25.3326,39.47482690288403,64.39892250830044,332240000.0,SYNTHETIC DEMO - not market data,DEMO473 US Equity
Bond_474,B,98.38,2.79,Issuer_B,2026-09-04,GBP,,,4.31,DE,258899999.99999997,N,Corporates,XS0000004746 Corp,XS0000004746,Bond,Real Estate,1st lien,3.649,,,,,336570000.0,SYNTHETIC DEMO - not market data,DEMO474 US Equity
Bond_475,BB,91.06,0.56,Issuer_B,2035-08-16,EUR,15.98,0.92,0.27,GB,178280000.0,Y,Corporates,XS0000004753 Corp,XS0000004753,Convertible,Regional & Local,2nd lien,-0.349,DEMO475 US Equity,35.4249,28.22873176776787,78.51353681669254,196108000.00000003,SYNTHETIC DEMO - not market data,DEMO475 US Equity
Bond_476,BB,96.69,4.03,Issuer_D,2025-02-24,USD,,,4.62,DE,121120000.0,N,Governments,XS0000004761 Corp,XS0000004761,Bond,Renewable Energy,1.5 Lien,3.88,,,,,121120000.0,SYNTHETIC DEMO - not market data,DEMO476 US Equity
Bond_477,D,100.3,0.35,Issuer_B,2032-10-19,GBP,41.91,0.75,4.49,DE,400540000.0,Y,Corporates,XS0000004779 Corp,XS0000004779,Convertible,Retail & Wholesale - Staples,Jr Subordinated,4.383,DEMO477 US Equity,77.0021,12.986658805409203,70.6785991121133,520702000.0,SYNTHETIC DEMO - not market data,DEMO477 US Equity
Bond_478,BBB,91.96,3.69,Issuer_B,2031-04-03,JPY,,,2.93,US,450720000.0,N,Corporates,XS0000004787 Corp,XS0000004787,Bond,Retail & Whsle - Discretionary,Secured,2.481,,,,,3155040.0,SYNTHETIC DEMO - not market data,DEMO478 US Equity
Bond_479,BBB,108.56,2.27,Issuer_D,2030-03-15,EUR,63.2,0.98,1.01,DE,64440000.0,Y,Corporates,XS0000004795 Corp,XS0000004795,Convertible,Software & Tech Services,Sr Unsecured,0.602,DEMO479 US Equity,119.8532,8.343540264256607,66.51960784313725,70884000.0,SYNTHETIC DEMO - not market data,DEMO479 US Equity
Bond_480,BB,92.73,4.26,Issuer_D,2031-03-25,GBP,21.99,0.3,0.78,DE,310150000.0,Y,Corporates,XS0000004803 Corp,XS0000004803,Convertible,Supranationals,Unsecured,0.392,DEMO480 US Equity,72.5325,13.78692310343639,76.01442741208297,403195000.0,SYNTHETIC DEMO - not market data,DEMO480 US Equity
Bond_481,AA,98.23,2.61,Issuer_B,2034-08-27,JPY,27.92,0.73,3.68,DE,161520000.0,Y,Corporates,XS0000004811 Corp,XS0000004811,Convertible,Tech Hardware & Semiconductors,Asset Backed,3.541,DEMO481 US Equity,88.5318,11.295376350644627,76.7901813633521,1130640.0,SYNTHETIC DEMO - not market data,DEMO481 US Equity
Bond_482,BBB,107.84,2.96,Issuer_B,2034-01-14,USD,,,0.2,JP,380060000.0,N,Corporates,XS0000004829 Corp,XS0000004829,Bond,Telecommunications,Sr Non Preferred,0.123,,,,,380060000.0,SYNTHETIC DEMO - not market data,DEMO482 US Equity
Bond_483,CCC,100.62,2.4,Issuer_A,2032-08-08,USD,55.85,0.01,3.66,DE,109720000.0,Y,Corporates,XS0000004837 Corp,XS0000004837,Convertible,Utilities,Sr Preferred,3.413,DEMO483 US Equity,65.306,15.312528710991334,64.56207892204043,109720000.0,SYNTHETIC DEMO - not market data,DEMO483 US Equity
Bond_484,BBB,102.95,0.45,Issuer_D,2035-05-06,JPY,,,4.29,US,489390000.0,N,Corporates,XS0000004845 Corp,XS0000004845,Bond,Banking,Sr Subordinated,3.958,,,,,3425730.0,SYNTHETIC DEMO - not market data,DEMO484 US Equity
Bond_485,A,107.48,2.03,Issuer_C,2035-08-23,USD,,,4.3,US,223200000.0,N,Corporates,XS0000004852 Corp,XS0000004852,Bond,Consumer Discretionary Products,1st lien,3.68,,,,,223200000.0,SYNTHETIC DEMO - not market data,DEMO485 US Equity
Bond_486,NR,90.65,2.13,Issuer_C,2034-09-19,EUR,,,3.94,US,329200000.0,N,Governments,XS0000004860 Corp,XS0000004860,Bond,Consumer Discretionary Services,2nd lien,3.136,,,,,362120000.0,SYNTHETIC DEMO - not market data,DEMO486 US Equity
Bond_487,AAA,100.29,4.55,Issuer_C,2025-02-13,GBP,,,2.33,US,214510000.0,N,Corporates,XS0000004878 Corp,XS0000004878,Bond,Consumer Staple Products,1.5 Lien,2.0,,,,,278863000.0,SYNTHETIC DEMO - not market data,DEMO487 US Equity
Bond_488,NR,104.1,2.8,Issuer_B,2027-06-08,USD,64.9,0.74,3.76,DE,388930000.0,Y,Corporates,XS0000004886 Corp,XS0000004886,Convertible,Financial Services,Jr Subordinated,2.945,DEMO488 US Equity,80.2525,12.460671007133735,63.12916919345057,388930000.0,SYNTHETIC DEMO - not market data,DEMO488 US Equity
Bond_489,B,97.05,1.34,Issuer_D,2029-01-03,GBP,34.52,0.49,2.63,US,261570000.0,Y,Corporates,XS0000004894 Corp,XS0000004894,Convertible,Health Care,Secured,1.665,DEMO489 US Equity,76.553,13.062845348973914,72.14540588760036,340041000.0,SYNTHETIC DEMO - not market data,DEMO489 US Equity
Bond_490,D,102.42,4.0,Issuer_A,2028-08-03,USD,,,1.95,DE,179770000.0,N,Corporates,XS0000004902 Corp,XS0000004902,Bond,Industrial Products,Sr Unsecured,1.574,,,,,179770000.0,SYNTHETIC DEMO - not market data,DEMO490 US Equity
Bond_491,AA,93.3,0.56,Issuer_B,2032-03-28,EUR,52.07,0.63,1.47,DE,263260000.0,Y,Corporates,XS0000004910 Corp,XS0000004910,Convertible,Industrial Services,Unsecured,1.077,DEMO491 US Equity,166.969,5.989135707826004,61.35332412704675,289586000.0,SYNTHETIC DEMO - not market data,DEMO491 US Equity
Bond_492,D,104.75,0.11,Issuer_B,2026-01-28,EUR,,,4.17,GB,235260000.0,N,Corporates,XS0000004928 Corp,XS0000004928,Bond,Insurance,Asset Backed,3.217,,,,,258786000.00000003,SYNTHETIC DEMO - not market data,DEMO492 US Equity
Bond_493,B,99.72,3.33,Issuer_D,2032-05-19,EUR,,,4.49,GB,127280000.0,N,Corporates,XS0000004936 Corp,XS0000004936,Bond,Materials,Sr Non Preferred,4.028,,,,,140008000.0,SYNTHETIC DEMO - not market data,DEMO493 US Equity
Bond_494,BBB,99.68,4.85,Issuer_A,2027-06-10,JPY,,,4.78,DE,370320000.0,N,Corporates,XS0000004944 Corp,XS0000004944,Bond,Media,Sr Preferred,4.072,,,,,2592240.0,SYNTHETIC DEMO - not market data,DEMO494 US Equity
Bond_495,A,109.46,4.2,Issuer_B,2027-04-04,USD,,,4.97,DE,248400000.0,N,Corporates,XS0000004951 Corp,XS0000004951,Bond,National,Sr Subordinated,4.532,,,,,248400000.0,SYNTHETIC DEMO - not market data,DEMO495 US Equity
Bond_496,A,94.1,3.54,Issuer_C,2030-03-12,JPY,,,2.7,DE,290140000.0,N,Governments,XS0000004969 Corp,XS0000004969,Bond,Oil & Gas,1st lien,2.409,,,,,2030980.0,SYNTHETIC DEMO - not market data,DEMO496 US Equity
Bond_497,AAA,98.09,2.5,Issuer_B,2032-06-05,USD,97.02,0.55,2.54,GB,263260000.0,Y,Corporates,XS0000004977 Corp,XS0000004977,Convertible,Real Estate,2nd lien,1.721,DEMO497 US Equity,144.7104,6.910353367829818,49.786823672723585,263260000.0,SYNTHETIC DEMO - not market data,DEMO497 US Equity
Bond_498,A,105.99,3.64,Issuer_D,2030-12-04,JPY,,,4.5,DE,355100000.0,N,Corporates,XS0000004985 Corp,XS0000004985,Bond,Regional & Local,1.5 Lien,3.785,,,,,2485700.0,SYNTHETIC DEMO - not market data,DEMO498 US Equity
Bond_499,BB,90.5,3.09,Issuer_B,2032-06-03,GBP,5.5,0.64,2.92,DE,401580000.0,Y,Corporates,XS0000004993 Corp,XS0000004993,Convertible,Renewable Energy,Jr Subordinated,2.846,DEMO499 US Equity,162.0338,6.171551861401756,85.78199052132702,522054000.0,SYNTHETIC DEMO - not market data,DEMO499 US Equity
Bond_500,BBB,90.45,2.69,Issuer_D,2035-11-03,JPY,,,0.97,GB,321430000.0,N,Corporates,XS0000005008 Corp,XS0000005008,Bond,Retail & Wholesale - Staples,Secured,0.426,,,,,2250010.0,SYNTHETIC DEMO - not market data,DEMO500 US Equity
Bond_501,B,97.95,3.58,Issuer_D,2030-07-12,USD,28.47,0.35,4.89,US,147060000.0,Y,Corporates,XS0000005016 Corp,XS0000005016,Convertible,Retail & Whsle - Discretionary,Sr Unsecured,4.53,DEMO501 US Equity,162.3298,6.160298355569957,76.24348096831946,147060000.0,SYNTHETIC DEMO - not market data,DEMO501 US Equity
Bond_502,CCC,106.07,1.44,Issuer_D,2031-03-27,USD,,,0.72,GB,263579999.99999997,N,Corporates,XS0000005024 Corp,XS0000005024,Bond,Software & Tech Services,Unsecured,0.365,,,,,263579999.99999997,SYNTHETIC DEMO - not market data,DEMO502 US Equity
Bond_503,AA,108.66,2.95,Issuer_D,2026-01-14,GBP,,,2.07,JP,369610000.0,N,Corporates,XS0000005032 Corp,XS0000005032,Bond,Supranationals,Asset Backed,1.423,,,,,480493000.0,SYNTHETIC DEMO - not market data,DEMO503 US Equity
Bond_504,BBB,93.72,1.91,Issuer_D,2025-05-27,GBP,49.41,0.74,1.12,US,119310000.0,Y,Corporates,XS0000005040 Corp,XS0000005040,Convertible,Tech Hardware & Semiconductors,Sr Non Preferred,0.136,DEMO504 US Equity,27.9734,35.74824654850679,62.726725118800616,155103000.0,SYNTHETIC DEMO - not market data,DEMO504 US Equity
Bond_505,D,92.48,3.33,Issuer_C,2031-03-16,EUR,,,0.14,GB,271870000.0,N,Corporates,XS0000005057 Corp,XS0000005057,Bond,Telecommunications,Sr Preferred,-0.119,,,,,299057000.0,SYNTHETIC DEMO - not market data,DEMO505 US Equity
Bond_506,B,101.62,2.83,Issuer_C,2035-11-16,USD,37.32,0.73,0.09,GB,123280000.0,Y,Corporates,XS0000005065 Corp,XS0000005065,Convertible,Utilities,Sr Subordinated,-0.429,DEMO506 US Equity,111.9217,8.934817823531986,74.00233032333237,123280000.0,SYNTHETIC DEMO - not market data,DEMO506 US Equity
Bond_507,A,96.39,4.39,Issuer_B,2030-03-02,GBP,36.12,0.64,4.78,US,180440000.0,Y,Corporates,XS0000005073 Corp,XS0000005073,Convertible,Banking,1st lien,4.435,DEMO507 US Equity,110.0838,9.08398874312115,70.81251836614751,234572000.0,SYNTHETIC DEMO - not market data,DEMO507 US Equity
Bond_508,NR,93.88,3.14,Issuer_A,2034-03-18,GBP,87.24,0.83,3.42,GB,172160000.0,Y,Corporates,XS0000005081 Corp,XS0000005081,Convertible,Consumer Discretionary Products,2nd lien,3.108,DEMO508 US Equity,45.5015,21.977297451732362,50.13885921811579,223808000.0,SYNTHETIC DEMO - not market data,DEMO508 US Equity
Bond_509,AA,100.69,1.76,Issuer_B,2025-03-17,GBP,,,1.87,JP,235400000.0,N,Corporates,XS0000005099 Corp,XS0000005099,Bond,Consumer Discretionary Services,1.5 Lien,1.551,,,,,306020000.0,SYNTHETIC DEMO - not market data,DEMO509 US Equity
Bond_510,AA,94.36,2.52,Issuer_B,2033-10-23,USD,41.73,0.92,0.58,DE,465530000.0,Y,Corporates,XS0000005107 Corp,XS0000005107,Convertible,Consumer Staple Products,Jr Subordinated,-0.23,DEMO510 US Equity,74.0475,13.504844863094636,66.57729485641713,465530000.0,SYNTHETIC DEMO - not market data,DEMO510 US Equity
Bond_511,B,96.23,1.81,Issuer_D,2034-09-25,GBP,,,0.86,GB,62940000.0,N,Governments,XS0000005115 Corp,XS0000005115,Bond,Financial Services,Secured,0.616,,,,,81822000.0,SYNTHETIC DEMO - not market data,DEMO511 US Equity
Bond_512,BBB,92.57,3.47,Issuer_B,2029-03-07,EUR,98.11,0.42,3.82,US,84980000.0,Y,Corporates,XS0000005123 Corp,XS0000005123,Convertible,Health Care,Sr Unsecured,3.66,DEMO512 US Equity,51.4016,19.45464732615327,46.7265660491646,93478000.00000001,SYNTHETIC DEMO - not market data,DEMO512 US Equity
Bond_513,CCC,90.85,0.54,Issuer_A,2032-02-09,USD,,,0.33,US,389550000.0,N,Corporates,XS0000005131 Corp,XS0000005131,Bond,Industrial Products,Unsecured,-0.102,,,,,389550000.0,SYNTHETIC DEMO - not market data,DEMO513 US Equity
Bond_514,BBB,101.75,1.0,Issuer_C,2025-02-05,GBP,94.88,0.35,0.8,DE,277210000.0,Y,Corporates,XS0000005149 Corp,XS0000005149,Convertible,Industrial Services,Asset Backed,0.186,DEMO514 US Equity,25.2546,39.596746731288555,52.21161740558293,360373000.0,SYNTHETIC DEMO - not market data,DEMO514 US Equity
Bond_515,AA,106.39,3.82,Issuer_B,2028-05-06,USD,97.36,0.1,1.07,JP,214910000.0,Y,Corporates,XS0000005156 Corp,XS0000005156,Convertible,Insurance,Sr Non Preferred,1.007,DEMO515 US Equity,165.5714,6.039690429627338,53.90656668017835,214910000.0,SYNTHETIC DEMO - not market data,DEMO515 US Equity
Bond_516,D,103.47,0.54,Issuer_C,2031-07-07,EUR,40.76,0.76,1.57,JP,99640000.0,Y,Corporates,XS0000005164 Corp,XS0000005164,Convertible,Materials,Sr Preferred,1.042,DEMO516 US Equity,175.2746,5.705333231398047,73.50809889173061,109604000.00000001,SYNTHETIC DEMO - not market data,DEMO516 US Equity
Bond_517,D,105.25,3.52,Issuer_A,2026-06-16,USD,38.48,0.46,3.68,JP,151640000.0,Y,Corporates,XS0000005172 Corp,XS0000005172,Convertible,Media,Sr Subordinated,2.866,DEMO517 US Equity,131.1253,7.626293324019087,76.00375505488157,151640000.0,SYNTHETIC DEMO - not market data,DEMO517 US Equity
Bond_518,BB,109.7,2.14,Issuer_A,2032-11-12,EUR,,,0.06,JP,352440000.0,N,Corporates,XS0000005180 Corp,XS0000005180,Bond,National,1st lien,-0.245,,,,,387684000.00000006,SYNTHETIC DEMO - not market data,DEMO518 US Equity
Bond_519,D,100.45,3.38,Issuer_A,2027-07-13,USD,,,3.71,DE,79120000.0,N,Corporates,XS0000005198 Corp,XS0000005198,Bond,Oil & Gas,2nd lien,3.527,,,,,79120000.0,SYNTHETIC DEMO - not market data,DEMO519 US Equity
Bond_520,B,94.01,4.22,Issuer_D,2026-04-27,JPY,72.52,0.28,3.57,GB,390340000.0,Y,Corporates,XS0000005206 Corp,XS0000005206,Convertible,Real Estate,1.5 Lien,3.059,DEMO520 US Equity,144.8186,6.905190355382526,54.49223278460468,2732380.0,SYNTHETIC DEMO - not market data,DEMO520 US Equity
Bond_521,B,99.52,3.02,Issuer_D,2032-09-09,EUR,,,3.84,US,104990000.0,N,Governments,XS0000005214 Corp,XS0000005214,Bond,Regional & Local,Jr Subordinated,3.195,,,,,115489000.00000001,SYNTHETIC DEMO - not market data,DEMO521 US Equity
Bond_522,D,94.62,4.71,Issuer_A,2026-12-02,USD,,,2.49,US,487430000.0,N,Corporates,XS0000005222 Corp,XS0000005222,Bond,Renewable Energy,Secured,1.49,,,,,487430000.0,SYNTHETIC DEMO - not market data,DEMO522 US Equity
Bond_523,B,93.05,3.11,Issuer_A,2026-11-25,JPY,,,3.96,DE,182100000.0,N,Corporates,XS0000005230 Corp,XS0000005230,Bond,Retail & Wholesale - Staples,Sr Unsecured,3.405,,,,,1274700.0,SYNTHETIC DEMO - not market data,DEMO523 US Equity
Bond_524,D,100.1,2.71,Issuer_A,2025-07-04,JPY,,,2.25,JP,249150000.0,N,Corporates,XS0000005248 Corp,XS0000005248,Bond,Retail & Whsle - Discretionary,Unsecured,1.76,,,,,1744050.0,SYNTHETIC DEMO - not market data,DEMO524 US Equity
Bond_525,AAA,93.54,3.3,Issuer_C,2027-08-14,EUR,31.25,0.39,3.82,JP,347040000.0,Y,Corporates,XS0000005255 Corp,XS0000005255,Convertible,Software & Tech Services,Asset Backed,3.505,DEMO525 US Equity,45.2534,22.097787127597044,71.26857142857143,381744000.00000006,SYNTHETIC DEMO - not market data,DEMO525 US Equity
Bond_526,D,101.25,0.78,Issuer_A,2031-05-16,JPY,,,3.08,GB,394910000.0,N,Governments,XS0000005263 Corp,XS0000005263,Bond,Supranationals,Sr Non Preferred,2.116,,,,,2764370.0,SYNTHETIC DEMO - not market data,DEMO526 US Equity
Bond_527,B,91.23,2.95,Issuer_B,2030-06-26,USD,,,3.83,GB,221260000.0,N,Corporates,XS0000005271 Corp,XS0000005271,Bond,Tech Hardware & Semiconductors,Sr Preferred,3.325,,,,,221260000.0,SYNTHETIC DEMO - not market data,DEMO527 US Equity
Bond_528,B,109.84,2.06,Issuer_A,2035-04-08,EUR,,,3.24,US,459680000.0,N,Corporates,XS0000005289 Corp,XS0000005289,Bond,Telecommunications,Sr Subordinated,2.745,,,,,505648000.00000006,SYNTHETIC DEMO - not market data,DEMO528 US Equity
Bond_529,BB,92.29,0.85,Issuer_C,2025-08-22,JPY,56.8,0.9,1.33,JP,314600000.0,Y,Corporates,XS0000005297 Corp,XS0000005297,Convertible,Utilities,1st lien,0.914,DEMO529 US Equity,143.2454,6.981026964914755,58.85841836734694,2202200.0,SYNTHETIC DEMO - not market data,DEMO529 US Equity
Bond_530,CCC,101.41,1.61,Issuer_A,2032-02-23,EUR,,,1.68,GB,124980000.0,N,Corporates,XS0000005305 Corp,XS0000005305,Bond,Banking,2nd lien,1.405,,,,,137478000.0,SYNTHETIC DEMO - not market data,DEMO530 US Equity
Bond_531,B,109.39,1.01,Issuer_A,2033-04-10,GBP,,,0.24,JP,412070000.0,N,Governments,XS0000005313 Corp,XS0000005313,Bond,Consumer Discretionary Products,1.5 Lien,-0.298,,,,,535691000.0,SYNTHETIC DEMO - not market data,DEMO531 US Equity
Bond_532,AA,101.84,1.37,Issuer_D,2031-04-12,USD,65.15,0.3,4.02,JP,348560000.0,Y,Corporates,XS0000005321 Corp,XS0000005321,Convertible,Consumer Discretionary Services,Jr Subordinated,3.563,DEMO532 US Equity,50.2776,19.889573090203193,61.66515289131093,348560000.0,SYNTHETIC DEMO - not market data,DEMO532 US Equity
Bond_533,BBB,98.29,1.26,Issuer_D,2035-09-06,USD,,,3.14,DE,309580000.0,N,Corporates,XS0000005339 Corp,XS0000005339,Bond,Consumer Staple Products,Secured,2.317,,,,,309580000.0,SYNTHETIC DEMO - not market data,DEMO533 US Equity
Bond_534,D,95.36,3.19,Issuer_D,2034-12-21,USD,52.23,0.36,0.74,DE,385900000.0,Y,Corporates,XS0000005347 Corp,XS0000005347,Convertible,Financial Services,Sr Unsecured,-0.083,DEMO534 US Equity,86.0351,11.623163104360895,62.64205478552191,385900000.0,SYNTHETIC DEMO - not market data,DEMO534 US Equity
Bond_535,CCC,98.21,4.3,Issuer_A,2035-04-28,JPY,,,1.33,GB,340720000.0,N,Corporates,XS0000005354 Corp,XS0000005354,Bond,Health Care,Unsecured,0.579,,,,,2385040.0,SYNTHETIC DEMO - not market data,DEMO535 US Equity
Bond_536,BBB,98.12,0.57,Issuer_B,2025-04-26,GBP,,,2.32,JP,239910000.0,N,Governments,XS0000005362 Corp,XS0000005362,Bond,Industrial Products,Asset Backed,2.022,,,,,311883000.0,SYNTHETIC DEMO - not market data,DEMO536 US Equity
Bond_537,BBB,93.19,0.68,Issuer_C,2029-11-18,EUR,64.43,0.04,3.61,US,74900000.0,Y,Corporates,XS0000005370 Corp,XS0000005370,Convertible,Industrial Services,Sr Non Preferred,3.16,DEMO537 US Equity,199.8763,5.003094413894995,56.674572766526786,82390000.0,SYNTHETIC DEMO - not market data,DEMO537 US Equity
Bond_538,B,102.03,4.34,Issuer_D,2030-11-22,USD,39.69,0.84,4.21,DE,100370000.0,Y,Corporates,XS0000005388 Corp,XS0000005388,Convertible,Insurance,Sr Preferred,3.622,DEMO538 US Equity,165.9265,6.026764862755497,73.04030352924332,100370000.0,SYNTHETIC DEMO - not market data,DEMO538 US Equity
Bond_539,NR,103.28,2.9,Issuer_C,2032-02-08,USD,77.32,0.31,4.16,JP,412630000.0,Y,Corporates,XS0000005396 Corp,XS0000005396,Convertible,Materials,Sr Subordinated,4.101,DEMO539 US Equity,57.2497,17.467340440211913,58.244980825625994,412630000.0,SYNTHETIC DEMO - not market data,DEMO539 US Equity
Bond_540,CCC,94.36,0.53,Issuer_B,2029-08-14,GBP,86.29,0.06,2.67,US,192420000.0,Y,Corporates,XS0000005404 Corp,XS0000005404,Convertible,Media,1st lien,1.812,DEMO540 US Equity,68.1218,14.679588619208538,50.65220892157389,250146000.0,SYNTHETIC DEMO - not market data,DEMO540 US Equity
Bond_541,D,103.65,4.82,Issuer_B,2030-08-23,GBP,,,4.11,US,340430000.0,N,Governments,XS0000005412 Corp,XS0000005412,Bond,National,2nd lien,3.118,,,,,442559000.0,SYNTHETIC DEMO - not market data,DEMO541 US Equity
Bond_542,AAA,103.81,3.94,Issuer_B,2029-09-13,GBP,63.89,0.7,4.52,US,290710000.0,Y,Corporates,XS0000005420 Corp,XS0000005420,Convertible,Oil & Gas,1.5 Lien,4.393,DEMO542 US Equity,176.0686,5.679604426910874,63.34126548294588,377923000.0,SYNTHETIC DEMO - not market data,DEMO542 US Equity
Bond_543,D,97.77,4.55,Issuer_D,2029-05-03,EUR,29.74,0.86,0.8,JP,334110000.0,Y,Corporates,XS0000005438 Corp,XS0000005438,Convertible,Real Estate,Jr Subordinated,0.223,DEMO543 US Equity,108.1026,9.250471311513323,75.35840912594419,367521000.0,SYNTHETIC DEMO - not market data,DEMO543 US Equity
Bond_544,AAA,95.48,0.4,Issuer_D,2032-12-14,GBP,,,3.59,US,420980000.0,N,Corporates,XS0000005446 Corp,XS0000005446,Bond,Regional & Local,Secured,3.074,,,,,547274000.0,SYNTHETIC DEMO - not market data,DEMO544 US Equity
Bond_545,NR,91.33,2.1,Issuer_C,2032-12-01,USD,,,3.21,DE,333570000.0,N,Corporates,XS0000005453 Corp,XS0000005453,Bond,Renewable Energy,Sr Unsecured,2.932,,,,,333570000.0,SYNTHETIC DEMO - not market data,DEMO545 US Equity
Bond_546,AAA,98.01,3.14,Issuer_C,2034-02-04,EUR,24.96,0.71,3.84,DE,431130000.0,Y,Corporates,XS0000005461 Corp,XS0000005461,Convertible,Retail & Wholesale - Staples,Unsecured,3.471,DEMO546 US Equity,188.5405,5.303900223029004,78.4330985915493,474243000.00000006,SYNTHETIC DEMO - not market data,DEMO546 US Equity
Bond_547,B,99.03,4.37,Issuer_B,2029-03-22,GBP,,,4.0,DE,87980000.0,N,Corporates,XS0000005479 Corp,XS0000005479,Bond,Retail & Whsle - Discretionary,Asset Backed,3.542,,,,,114374000.0,SYNTHETIC DEMO - not market data,DEMO547 US Equity
Bond_548,A,97.87,1.89,Issuer_B,2025-01-18,EUR,,,4.53,JP,139220000.0,N,Corporates,XS0000005487 Corp,XS0000005487,Bond,Software & Tech Services,Sr Non Preferred,3.866,,,,,153142000.0,SYNTHETIC DEMO - not market data,DEMO548 US Equity
Bond_549,AAA,98.02,2.14,Issuer_C,2027-02-12,EUR,94.72,0.12,3.59,JP,398010000.0,Y,Corporates,XS0000005495 Corp,XS0000005495,Convertible,Supranationals,Sr Preferred,3.527,DEMO549 US Equity,84.4801,11.83710720039394,50.33894823336072,437811000.00000006,SYNTHETIC DEMO - not market data,DEMO549 US Equity
Bond_550,D,92.37,3.57,Issuer_B,2029-05-24,JPY,,,1.91,JP,435350000.0,N,Corporates,XS0000005503 Corp,XS0000005503,Bond,Tech Hardware & Semiconductors,Sr Subordinated,1.572,,,,,3047450.0,SYNTHETIC DEMO - not market data,DEMO550 US Equity
Bond_551,BB,104.53,0.95,Issuer_B,2031-03-01,GBP,97.61,0.24,2.25,DE,216340000.0,Y,Corporates,XS0000005511 Corp,XS0000005511,Convertible,Telecommunications,1st lien,1.684,DEMO551 US Equity,124.0281,8.062689019665704,52.89712059106321,281242000.0,SYNTHETIC DEMO - not market data,DEMO551 US Equity
Bond_552,AA,90.21,0.67,Issuer_C,2031-11-07,JPY,,,3.54,GB,82880000.0,N,Corporates,XS0000005529 Corp,XS0000005529,Bond,Utilities,2nd lien,3.08,,,,,580160.0,SYNTHETIC DEMO - not market data,DEMO552 US Equity
Bond_553,AAA,96.66,1.17,Issuer_C,2034-11-26,USD,0.54,0.5,1.9,JP,352070000.0,Y,Corporates,XS0000005537 Corp,XS0000005537,Convertible,Banking,1.5 Lien,1.042,DEMO553 US Equity,42.3627,23.60567197086116,96.14083946687884,352070000.0,SYNTHETIC DEMO - not market data,DEMO553 US Equity
Bond_554,NR,90.82,0.9,Issuer_B,2033-08-11,JPY,13.19,0.32,2.65,DE,167180000.0,Y,Corporates,XS0000005545 Corp,XS0000005545,Convertible,Consumer Discretionary Products,Jr Subordinated,2.491,DEMO554 US Equity,136.9995,7.299296712761725,80.2367700326884,1170260.0,SYNTHETIC DEMO - not market data,DEMO554 US Equity
Bond_555,AAA,109.57,2.5,Issuer_C,2030-07-10,GBP,,,3.06,GB,282640000.0,N,Corporates,XS0000005552 Corp,XS0000005552,Bond,Consumer Discretionary Services,Secured,2.894,,,,,367432000.0,SYNTHETIC DEMO - not market data,DEMO555 US Equity
Bond_556,A,96.31,4.97,Issuer_B,2033-11-21,JPY,,,0.27,DE,74560000.0,N,Governments,XS0000005560 Corp,XS0000005560,Bond,Consumer Staple Products,Sr Unsecured,-0.126,,,,,521920.0,SYNTHETIC DEMO - not market data,DEMO556 US Equity
Bond_557,AAA,99.4,0.82,Issuer_D,2031-02-16,USD,44.15,0.99,2.8,JP,271840000.0,Y,Corporates,XS0000005578 Corp,XS0000005578,Convertible,Financial Services,Unsecured,2.101,DEMO557 US Equity,74.9917,13.334809052201779,68.9559486645855,271840000.0,SYNTHETIC DEMO - not market data,DEMO557 US Equity
Bond_558,AA,96.99,1.02,Issuer_C,2027-03-24,GBP,56.32,0.66,1.06,US,286710000.0,Y,Corporates,XS0000005586 Corp,XS0000005586,Convertible,Health Care,Asset Backed,0.38,DEMO558 US Equity,60.7144,16.47055723189227,62.04580348004093,372723000.0,SYNTHETIC DEMO - not market data,DEMO558 US Equity
Bond_559,CCC,108.41,1.23,Issuer_D,2035-02-11,USD,28.43,0.98,0.61,GB,315650000.0,Y,Corporates,XS0000005594 Corp,XS0000005594,Convertible,Industrial Products,Sr Non Preferred,0.227,DEMO559 US Equity,32.7491,30.535190280038233,84.41174180487425,315650000.0,SYNTHETIC DEMO - not market data,DEMO559 US Equity
Bond_560,B,93.08,0.41,Issuer_D,2032-11-09,USD,32.94,0.04,3.11,JP,196210000.0,Y,Corporates,XS0000005602 Corp,XS0000005602,Convertible,Industrial Services,Sr Preferred,2.977,DEMO560 US Equity,155.5684,6.428040656071541,70.0165488190161,196210000.0,SYNTHETIC DEMO - not market data,DEMO560 US Equity
Bond_561,BBB,107.27,4.01,Issuer_C,2030-01-24,USD,54.72,0.6,0.46,GB,130100000.0,Y,Corporates,XS0000005610 Corp,XS0000005610,Convertible,Insurance,Sr Subordinated,-0.168,DEMO561 US Equity,150.0378,6.6649870899200065,69.33169596690796,130100000.0,SYNTHETIC DEMO - not market data,DEMO561 US Equity
Bond_562,AA,90.41,1.04,Issuer_D,2031-05-21,EUR,,,0.6,JP,410500000.0,N,Corporates,XS0000005628 Corp,XS0000005628,Bond,Materials,1st lien,-0.152,,,,,451550000.00000006,SYNTHETIC DEMO - not market data,DEMO562 US Equity
Bond_563,A,97.18,0.48,Issuer_C,2033-04-16,JPY,,,4.43,JP,170820000.0,N,Corporates,XS0000005636 Corp,XS0000005636,Bond,Media,2nd lien,3.84,,,,,1195740.0,SYNTHETIC DEMO - not market data,DEMO563 US Equity
Bond_564,AA,105.13,4.05,Issuer_B,2031-11-14,USD,,,0.2,GB,487970000.0,N,Corporates,XS0000005644 Corp,XS0000005644,Bond,National,1.5 Lien,-0.184,,,,,487970000.0,SYNTHETIC DEMO - not market data,DEMO564 US Equity
Bond_565,A,108.61,2.64,Issuer_A,2029-08-14,USD,90.72,0.48,0.74,DE,357940000.0,Y,Corporates,XS0000005651 Corp,XS0000005651,Convertible,Oil & Gas,Jr Subordinated,0.425,DEMO565 US Equity,193.3848,5.171037227331206,56.94735738255034,357940000.0,SYNTHETIC DEMO - not market data,DEMO565 US Equity
Bond_566,BBB,100.46,1.48,Issuer_A,2033-02-02,USD,,,2.55,JP,92520000.0,N,Governments,XS0000005669 Corp,XS0000005669,Bond,Real Estate,Secured,1.771,,,,,92520000.0,SYNTHETIC DEMO - not market data,DEMO566 US Equity
Bond_567,B,95.1,0.41,Issuer_A,2026-12-22,JPY,,,0.9,DE,429310000.0,N,Corporates,XS0000005677 Corp,XS0000005677,Bond,Regional & Local,Sr Unsecured,0.21,,,,,3005170.0,SYNTHETIC DEMO - not market data,DEMO567 US Equity
Bond_568,AA,98.33,3.52,Issuer_C,2034-12-15,JPY,62.38,0.27,4.83,DE,144980000.0,Y,Corporates,XS0000005685 Corp,XS0000005685,Convertible,Renewable Energy,Unsecured,4.172,DEMO568 US Equity,172.6206,5.793051350765784,60.55548712895676,1014860.0,SYNTHETIC DEMO - not market data,DEMO568 US Equity
Bond_569,BB,107.43,0.53,Issuer_A,2025-07-04,USD,17.17,0.48,3.46,JP,186260000.0,Y,Corporates,XS0000005693 Corp,XS0000005693,Convertible,Retail & Wholesale - Staples,Asset Backed,2.505,DEMO569 US Equity,181.6243,5.505871185738912,91.68729196893403,186260000.0,SYNTHETIC DEMO - not market data,DEMO569 US Equity
Bond_570,CCC,106.09,0.44,Issuer_B,2025-04-04,USD,,,3.48,DE,436560000.0,N,Corporates,XS0000005701 Corp,XS0000005701,Bond,Retail & Whsle - Discretionary,Sr Non Preferred,2.493,,,,,436560000.0,SYNTHETIC DEMO - not market data,DEMO570 US Equity
Bond_571,D,102.97,3.25,Issuer_D,2035-09-07,USD,30.09,0.46,2.37,US,102410000.0,Y,Corporates,XS0000005719 Corp,XS0000005719,Convertible,Software & Tech Services,Sr Preferred,2.238,DEMO571 US Equity,188.1064,5.316140227020452,79.15289415020371,102410000.0,SYNTHETIC DEMO - not market data,DEMO571 US Equity
Bond_572,D,109.28,2.36,Issuer_D,2034-04-07,GBP,56.94,0.83,0.25,US,96200000.0,Y,Corporates,XS0000005727 Corp,XS0000005727,Convertible,Supranationals,Sr Subordinated,0.233,DEMO572 US Equity,158.6661,6.3025435174873525,69.6317063846056,125060000.0,SYNTHETIC DEMO - not market data,DEMO572 US Equity
Bond_573,CCC,106.97,3.69,Issuer_C,2025-08-13,JPY,,,2.57,JP,154360000.0,N,Corporates,XS0000005735 Corp,XS0000005735,Bond,Tech Hardware & Semiconductors,1st lien,1.941,,,,,1080520.0,SYNTHETIC DEMO - not market data,DEMO573 US Equity
Bond_574,NR,90.38,2.88,Issuer_A,2029-11-14,JPY,11.69,0.62,3.23,JP,363880000.0,Y,Corporates,XS0000005743 Corp,XS0000005743,Convertible,Telecommunications,2nd lien,2.815,DEMO574 US Equity,110.1888,9.07533252018354,80.92040469155698,2547160.0,SYNTHETIC DEMO - not market data,DEMO574 US Equity
Bond_575,A,95.76,0.96,Issuer_C,2032-04-17,EUR,58.77,0.68,4.61,JP,109020000.0,Y,Corporates,XS0000005750 Corp,XS0000005750,Convertible,Utilities,1.5 Lien,4.407,DEMO575 US Equity,112.0348,8.925798055604151,60.31366127102098,119922000.00000001,SYNTHETIC DEMO - not market data,DEMO575 US Equity
Bond_576,CCC,109.2,4.17,Issuer_C,2032-03-20,EUR,,,1.41,US,350180000.0,N,Governments,XS0000005768 Corp,XS0000005768,Bond,Banking,Jr Subordinated,1.344,,,,,385198000.00000006,SYNTHETIC DEMO - not market data,DEMO576 US Equity
Bond_577,A,93.99,3.03,Issuer_A,2031-08-10,EUR,20.94,0.05,0.09,GB,210670000.0,Y,Corporates,XS0000005776 Corp,XS0000005776,Convertible,Consumer Discretionary Products,Secured,-0.64,DEMO577 US Equity,145.7617,6.860512741001237,77.71622292045642,231737000.00000003,SYNTHETIC DEMO - not market data,DEMO577 US Equity
Bond_578,A,106.56,4.47,Issuer_A,2026-06-14,USD,61.76,0.12,1.12,GB,497150000.0,Y,Corporates,XS0000005784 Corp,XS0000005784,Convertible,Consumer Discretionary Services,Sr Unsecured,0.378,DEMO578 US Equity,75.6722,13.21489265542696,65.8753709198813,497150000.0,SYNTHETIC DEMO - not market data,DEMO578 US Equity
Bond_579,AAA,105.4,2.79,Issuer_B,2033-10-22,USD,,,3.53,JP,409540000.0,N,Corporates,XS0000005792 Corp,XS0000005792,Bond,Consumer Staple Products,Unsecured,3.007,,,,,409540000.0,SYNTHETIC DEMO - not market data,DEMO579 US Equity
Bond_580,AA,105.63,3.05,Issuer_A,2033-01-17,USD,16.7,0.12,1.03,GB,120660000.0,Y,Corporates,XS0000005800 Corp,XS0000005800,Convertible,Financial Services,Asset Backed,0.309,DEMO580 US Equity,160.9377,6.213584511273617,90.51413881748071,120660000.0,SYNTHETIC DEMO - not market data,DEMO580 US Equity
Bond_581,D,105.24,2.49,Issuer_A,2027-11-12,GBP,,,4.1,US,431870000.0,N,Governments,XS0000005818 Corp,XS0000005818,Bond,Health Care,Sr Non Preferred,4.071,,,,,561431000.0,SYNTHETIC DEMO - not market data,DEMO581 US Equity
Bond_582,CCC,105.38,0.03,Issuer_D,2030-05-17,EUR,,,0.43,GB,371840000.0,N,Corporates,XS0000005826 Corp,XS0000005826,Bond,Industrial Products,Sr Preferred,-0.377,,,,,409024000.00000006,SYNTHETIC DEMO - not market data,DEMO582 US Equity
Bond_583,B,102.59,1.23,Issuer_D,2028-03-26,JPY,,,2.07,JP,454130000.0,N,Corporates,XS0000005834 Corp,XS0000005834,Bond,Industrial Services,Sr Subordinated,1.798,,,,,3178910.0,SYNTHETIC DEMO - not market data,DEMO583 US Equity
Bond_584,AAA,98.85,3.85,Issuer_A,2026-06-11,JPY,,,4.91,DE,245330000.0,N,Corporates,XS0000005842 Corp,XS0000005842,Bond,Insurance,1st lien,4.846,,,,,1717310.0,SYNTHETIC DEMO - not market data,DEMO584 US Equity
Bond_585,AAA,103.2,3.21,Issuer_A,2035-12-26,GBP,,,2.1,GB,374700000.0,N,Corporates,XS0000005859 Corp,XS0000005859,Bond,Materials,2nd lien,1.388,,,,,487110000.0,SYNTHETIC DEMO - not market data,DEMO585 US Equity
Bond_586,B,90.16,1.4,Issuer_B,2031-08-21,EUR,,,4.44,JP,363860000.0,N,Governments,XS0000005867 Corp,XS0000005867,Bond,Media,1.5 Lien,3.863,,,,,400246000.00000006,SYNTHETIC DEMO - not market data,DEMO586 US Equity
Bond_587,BBB,107.62,0.42,Issuer_C,2031-12-24,EUR,,,2.6,GB,146180000.0,N,Corporates,XS0000005875 Corp,XS0000005875,Bond,National,Jr Subordinated,2.523,,,,,160798000.0,SYNTHETIC DEMO - not market data,DEMO587 US Equity
Bond_588,NR,96.81,3.18,Issuer_A,2025-09-19,GBP,,,1.21,GB,376930000.0,N,Corporates,XS0000005883 Corp,XS0000005883,Bond,Oil & Gas,Secured,0.755,,,,,490009000.0,SYNTHETIC DEMO - not market data,DEMO588 US Equity
Bond_589,AAA,106.83,1.3,Issuer_C,2026-01-25,USD,44.87,0.57,0.03,GB,492330000.0,Y,Corporates,XS0000005891 Corp,XS0000005891,Convertible,Real Estate,Sr Unsecured,-0.47,DEMO589 US Equity,84.8223,11.789352564125236,73.74197556429903,492330000.0,SYNTHETIC DEMO - not market data,DEMO589 US Equity
Bond_590,B,95.98,3.33,Issuer_B,2031-09-24,EUR,10.52,0.52,0.96,GB,254440000.0,Y,Corporates,XS0000005909 Corp,XS0000005909,Convertible,Regional & Local,Unsecured,0.451,DEMO590 US Equity,61.1128,16.36318414472909,86.84401013391242,279884000.0,SYNTHETIC DEMO - not market data,DEMO590 US Equity
Bond_591,CCC,106.57,0.41,Issuer_A,2031-03-16,EUR,44.62,0.37,2.63,JP,442410000.0,Y,Corporates,XS0000005917 Corp,XS0000005917,Convertible,Renewable Energy,Asset Backed,1.773,DEMO591 US Equity,187.6088,5.330240372519839,73.68966947863366,486651000.00000006,SYNTHETIC DEMO - not market data,DEMO591 US Equity
Bond_592,CCC,109.93,3.45,Issuer_D,2031-03-05,EUR,,,2.42,JP,108220000.0,N,Corporates,XS0000005925 Corp,XS0000005925,Bond,Retail & Wholesale - Staples,Sr Non Preferred,1.7,,,,,119042000.00000001,SYNTHETIC DEMO - not market data,DEMO592 US Equity
Bond_593,BBB,99.11,0.16,Issuer_B,2033-06-04,JPY,11.03,0.37,1.45,DE,102980000.0,Y,Corporates,XS0000005933 Corp,XS0000005933,Convertible,Retail & Whsle - Discretionary,Sr Preferred,1.372,DEMO593 US Equity,68.8264,14.52930852114886,89.26416283887237,720860.0,SYNTHETIC DEMO - not market data,DEMO593 US Equity
Bond_594,B,96.07,2.43,Issuer_B,2027-10-14,USD,,,4.68,GB,450080000.0,N,Corporates,XS0000005941 Corp,XS0000005941,Bond,Software & Tech Services,Sr Subordinated,3.726,,,,,450080000.0,SYNTHETIC DEMO - not market data,DEMO594 US Equity
Bond_595,A,106.38,2.44,Issuer_A,2033-06-03,USD,41.76,0.57,2.83,GB,401610000.0,Y,Corporates,XS0000005958 Corp,XS0000005958,Convertible,Supranationals,1st lien,2.365,DEMO595 US Equity,32.4068,30.857721219003423,75.04232505643341,401610000.0,SYNTHETIC DEMO - not market data,DEMO595 US Equity
Bond_596,A,105.24,2.52,Issuer_D,2032-11-15,EUR,,,4.33,GB,90190000.0,N,Governments,XS0000005966 Corp,XS0000005966,Bond,Tech Hardware & Semiconductors,2nd lien,3.766,,,,,99209000.00000001,SYNTHETIC DEMO - not market data,DEMO596 US Equity
Bond_597,CCC,94.66,1.98,Issuer_A,2035-08-24,GBP,,,3.23,DE,368240000.0,N,Corporates,XS0000005974 Corp,XS0000005974,Bond,Telecommunications,1.5 Lien,2.926,,,,,478712000.0,SYNTHETIC DEMO - not market data,DEMO597 US Equity
Bond_598,NR,102.9,3.22,Issuer_A,2028-10-18,USD,,,4.79,DE,387750000.0,N,Corporates,XS0000005982 Corp,XS0000005982,Bond,Utilities,Jr Subordinated,4.167,,,,,387750000.0,SYNTHETIC DEMO - not market data,DEMO598 US Equity
Bond_599,AA,103.17,2.66,Issuer_A,2029-04-08,JPY,8.46,0.53,1.6,US,271160000.0,Y,Corporates,XS0000005990 Corp,XS0000005990,Convertible,Banking,Secured,1.008,DEMO599 US Equity,103.5068,9.661201003219112,95.12262585284898,1898120.0,SYNTHETIC DEMO - not market data,DEMO599 US Equity
Bond_600,B,98.74,2.07,Issuer_C,2031-05-03,USD,97.98,0.54,1.43,DE,165000000.0,Y,Corporates,XS0000006006 Corp,XS0000006006,Convertible,Consumer Discretionary Products,Sr Unsecured,1.02,DEMO600 US Equity,21.148,47.28579534707774,49.873724618648346,165000000.0,SYNTHETIC DEMO - not market data,DEMO600 US Equity
Bond_601,A,96.14,2.04,Issuer_B,2025-10-11,EUR,2.72,0.06,1.95,GB,114110000.0,Y,Corporates,XS0000006014 Corp,XS0000006014,Convertible,Consumer Discretionary Services,Unsecured,1.101,DEMO601 US Equity,138.3147,7.2298895200582445,93.5942367601246,125521000.00000001,SYNTHETIC DEMO - not market data,DEMO601 US Equity
Bond_602,BB,97.51,4.14,Issuer_A,2025-04-08,EUR,,,2.46,JP,477210000.0,N,Corporates,XS0000006022 Corp,XS0000006022,Bond,Consumer Staple Products,Asset Backed,1.463,,,,,524931000.00000006,SYNTHETIC DEMO - not market data,DEMO602 US Equity
Bond_603,AAA,96.37,2.77,Issuer_A,2032-01-14,EUR,,,4.57,US,171120000.0,N,Corporates,XS0000006030 Corp,XS0000006030,Bond,Financial Services,Sr Non Preferred,3.858,,,,,188232000.00000003,SYNTHETIC DEMO - not market data,DEMO603 US Equity
Bond_604,BBB,105.26,3.26,Issuer_B,2029-10-14,JPY,8.39,0.64,1.02,DE,217990000.0,Y,Corporates,XS0000006048 Corp,XS0000006048,Convertible,Health Care,Sr Preferred,0.099,DEMO604 US Equity,36.7448,27.214735146197558,97.11227973060245,1525930.0,SYNTHETIC DEMO - not market data,DEMO604 US Equity
Bond_605,BBB,100.75,2.12,Issuer_D,2025-01-27,JPY,96.11,0.62,3.27,DE,50240000.0,Y,Corporates,XS0000006055 Corp,XS0000006055,Convertible,Industrial Products,Sr Subordinated,3.136,DEMO605 US Equity,37.2039,26.878902480653913,51.37422874917138,351680.0,SYNTHETIC DEMO - not market data,DEMO605 US Equity
Bond_606,BB,101.96,4.2,Issuer_D,2030-11-07,GBP,,,0.23,US,185290000.0,N,Governments,XS0000006063 Corp,XS0000006063,Bond,Industrial Services,1st lien,-0.031,,,,,240877000.0,SYNTHETIC DEMO - not market data,DEMO606 US Equity
Bond_607,AA,106.61,3.63,Issuer_C,2031-04-20,GBP,,,4.42,GB,335830000.0,N,Corporates,XS0000006071 Corp,XS0000006071,Bond,Insurance,2nd lien,4.105,,,,,436579000.0,SYNTHETIC DEMO - not market data,DEMO607 US Equity
Bond_608,BB,94.92,4.92,Issuer_C,2028-08-20,GBP,,,0.08,DE,340900000.0,N,Corporates,XS0000006089 Corp,XS0000006089,Bond,Materials,1.5 Lien,-0.721,,,,,443170000.0,SYNTHETIC DEMO - not market data,DEMO608 US Equity
Bond_609,D,90.09,0.05,Issuer_B,2031-09-23,JPY,76.25,0.54,3.94,US,292390000.0,Y,Corporates,XS0000006097 Corp,XS0000006097,Convertible,Media,Jr Subordinated,3.205,DEMO609 US Equity,146.1306,6.843193691122873,51.11489361702128,2046730.0,SYNTHETIC DEMO - not market data,DEMO609 US Equity
Bond_610,AA,97.06,4.06,Issuer_C,2031-03-27,USD,,,0.62,GB,471310000.0,N,Corporates,XS0000006105 Corp,XS0000006105,Bond,National,Secured,0.465,,,,,471310000.0,SYNTHETIC DEMO - not market data,DEMO610 US Equity
Bond_611,AAA,94.43,0.1,Issuer_C,2035-12-12,EUR,,,0.45,GB,413790000.0,N,Governments,XS0000006113 Corp,XS0000006113,Bond,Oil & Gas,Sr Unsecured,0.286,,,,,455169000.00000006,SYNTHETIC DEMO - not market data,DEMO611 US Equity
Bond_612,BBB,109.6,4.84,Issuer_A,2029-08-23,EUR,0.71,0.98,3.19,US,441460000.0,Y,Corporates,XS0000006121 Corp,XS0000006121,Convertible,Real Estate,Unsecured,2.783,DEMO612 US Equity,103.8899,9.625574767133283,108.82732598550291,485606000.00000006,SYNTHETIC DEMO - not market data,DEMO612 US Equity
Bond_613,A,101.04,3.3,Issuer_B,2026-10-05,USD,,,0.64,DE,446450000.0,N,Corporates,XS0000006139 Corp,XS0000006139,Bond,Regional & Local,Asset Backed,0.482,,,,,446450000.0,SYNTHETIC DEMO - not market data,DEMO613 US Equity
Bond_614,BBB,106.95,0.12,Issuer_C,2035-09-15,USD,,,4.69,US,434240000.0,N,Corporates,XS0000006147 Corp,XS0000006147,Bond,Renewable Energy,Sr Non Preferred,4.004,,,,,434240000.0,SYNTHETIC DEMO - not market data,DEMO614 US Equity
Bond_615,CCC,106.89,2.03,Issuer_A,2035-09-15,JPY,,,1.81,US,447710000.0,N,Corporates,XS0000006154 Corp,XS0000006154,Bond,Retail & Wholesale - Staples,Sr Preferred,0.984,,,,,3133970.0,SYNTHETIC DEMO - not market data,DEMO615 US Equity
Bond_616,AAA,95.56,2.1,Issuer_D,2030-01-13,EUR,33.47,0.88,4.04,DE,490140000.0,Y,Corporates,XS0000006162 Corp,XS0000006162,Convertible,Retail & Whsle - Discretionary,Sr Subordinated,4.0,DEMO616 US Equity,145.438,6.875782120216175,71.59661347119203,539154000.0,SYNTHETIC DEMO - not market data,DEMO616 US Equity
Bond_617,AA,108.34,0.98,Issuer_C,2029-02-21,USD,,,0.14,JP,413630000.0,N,Corporates,XS0000006170 Corp,XS0000006170,Bond,Software & Tech Services,1st lien,-0.537,,,,,413630000.0,SYNTHETIC DEMO - not market data,DEMO617 US Equity
Bond_618,BB,94.94,2.37,Issuer_C,2025-06-17,EUR,,,4.72,JP,393840000.0,N,Corporates,XS0000006188 Corp,XS0000006188,Bond,Supranationals,2nd lien,4.46,,,,,433224000.00000006,SYNTHETIC DEMO - not market data,DEMO618 US Equity
Bond_619,AA,91.71,0.3,Issuer_A,2031-06-28,USD,,,3.91,US,463600000.0,N,Corporates,XS0000006196 Corp,XS0000006196,Bond,Tech Hardware & Semiconductors,1.5 Lien,2.919,,,,,463600000.0,SYNTHETIC DEMO - not market data,DEMO619 US Equity
Bond_620,AAA,96.03,3.13,Issuer_A,2026-11-02,USD,,,1.47,JP,230760000.0,N,Corporates,XS0000006204 Corp,XS0000006204,Bond,Telecommunications,Jr Subordinated,1.439,,,,,230760000.0,SYNTHETIC DEMO - not market data,DEMO620 US Equity
Bond_621,BBB,107.29,3.94,Issuer_A,2032-07-15,JPY,,,4.4,US,202830000.0,N,Governments,XS0000006212 Corp,XS0000006212,Bond,Utilities,Secured,3.996,,,,,1419810.0,SYNTHETIC DEMO - not market data,DEMO621 US Equity
Bond_622,D,100.34,2.94,Issuer_A,2026-01-20,USD,59.29,0.84,4.52,DE,336810000.0,Y,Corporates,XS0000006220 Corp,XS0000006220,Convertible,Banking,Sr Unsecured,3.772,DEMO622 US Equity,101.3962,9.862302532047552,62.99202712034654,336810000.0,SYNTHETIC DEMO - not market data,DEMO622 US Equity
Bond_623,B,98.42,3.62,Issuer_D,2027-04-05,USD,,,0.3,GB,313040000.0,N,Corporates,XS0000006238 Corp,XS0000006238,Bond,Consumer Discretionary Products,Unsecured,-0.683,,,,,313040000.0,SYNTHETIC DEMO - not market data,DEMO623 US Equity
Bond_624,BB,101.67,2.71,Issuer_B,2027-08-10,GBP,,,1.46,US,282960000.0,N,Corporates,XS0000006246 Corp,XS0000006246,Bond,Consumer Discretionary Services,Asset Backed,1.329,,,,,367848000.0,SYNTHETIC DEMO - not market data,DEMO624 US Equity
Bond_625,AAA,94.75,4.1,Issuer_A,2031-06-07,EUR,64.06,0.2,0.34,DE,350540000.0,Y,Corporates,XS0000006253 Corp,XS0000006253,Convertible,Consumer Staple Products,Sr Non Preferred,-0.032,DEMO625 US Equity,168.2612,5.943140783496136,57.75326100207241,385594000.00000006,SYNTHETIC DEMO - not market data,DEMO625 US Equity
Bond_626,B,107.04,2.83,Issuer_C,2034-05-14,GBP,,,0.81,JP,444250000.0,N,Governments,XS0000006261 Corp,XS0000006261,Bond,Financial Services,Sr Preferred,0.746,,,,,577525000.0,SYNTHETIC DEMO - not market data,DEMO626 US Equity
Bond_627,D,94.39,0.02,Issuer_B,2028-08-20,EUR,23.9,0.73,4.76,GB,413270000.0,Y,Corporates,XS0000006279 Corp,XS0000006279,Convertible,Health Care,Sr Subordinated,4.317,DEMO627 US Equity,182.4493,5.480974714619349,76.18240516545602,454597000.00000006,SYNTHETIC DEMO - not market data,DEMO627 US Equity
Bond_628,BBB,98.01,4.13,Issuer_A,2030-01-03,GBP,,,0.15,US,114080000.0,N,Corporates,XS0000006287 Corp,XS0000006287,Bond,Industrial Products,1st lien,-0.018,,,,,148304000.0,SYNTHETIC DEMO - not market data,DEMO628 US Equity
Bond_629,BBB,102.63,4.56,Issuer_C,2025-01-07,EUR,,,1.42,DE,448420000.0,N,Corporates,XS0000006295 Corp,XS0000006295,Bond,Industrial Services,2nd lien,0.846,,,,,493262000.00000006,SYNTHETIC DEMO - not market data,DEMO629 US Equity
Bond_630,B,106.95,1.23,Issuer_B,2025-03-27,GBP,91.06,0.02,3.39,JP,344690000.0,Y,Corporates,XS0000006303 Corp,XS0000006303,Convertible,Insurance,1.5 Lien,2.995,DEMO630 US Equity,167.9034,5.955805540566778,55.97717994347325,448097000.0,SYNTHETIC DEMO - not market data,DEMO630 US Equity
Bond_631,B,108.72,1.53,Issuer_B,2030-06-22,EUR,94.12,0.98,4.99,JP,445270000.0,Y,Corporates,XS0000006311 Corp,XS0000006311,Convertible,Materials,Jr Subordinated,4.955,DEMO631 US Equity,179.0163,5.586083501893403,56.00659385946837,489797000.00000006,SYNTHETIC DEMO - not market data,DEMO631 US Equity
Bond_632,AA,92.89,4.62,Issuer_B,2028-09-13,GBP,31.8,0.43,3.18,US,393390000.0,Y,Corporates,XS0000006329 Corp,XS0000006329,Convertible,Media,Secured,3.043,DEMO632 US Equity,70.3597,14.21268140711231,70.47799696509863,511407000.0,SYNTHETIC DEMO - not market data,DEMO632 US Equity
Bond_633,NR,95.88,0.74,Issuer_B,2025-11-26,GBP,87.29,0.85,4.84,JP,144160000.0,Y,Corporates,XS0000006337 Corp,XS0000006337,Convertible,National,Sr Unsecured,4.058,DEMO633 US Equity,198.0927,5.048141602391204,51.19333653692135,187408000.0,SYNTHETIC DEMO - not market data,DEMO633 US Equity
Bond_634,D,105.82,3.07,Issuer_B,2033-07-25,GBP,49.86,0.46,1.61,GB,286460000.0,Y,Corporates,XS0000006345 Corp,XS0000006345,Convertible,Oil & Gas,Unsecured,1.291,DEMO634 US Equity,52.3669,19.09603203550334,70.61257173361804,372398000.0,SYNTHETIC DEMO - not market data,DEMO634 US Equity
Bond_635,D,99.48,2.91,Issuer_A,2028-04-07,JPY,,,4.32,JP,148370000.0,N,Corporates,XS0000006352 Corp,XS0000006352,Bond,Real Estate,Asset Backed,3.553,,,,,1038590.0,SYNTHETIC DEMO - not market data,DEMO635 US Equity
Bond_636,CCC,101.43,4.68,Issuer_C,2029-09-03,EUR,,,3.76,GB,250030000.0,N,Governments,XS0000006360 Corp,XS0000006360,Bond,Regional & Local,Sr Non Preferred,2.76,,,,,275033000.0,SYNTHETIC DEMO - not market data,DEMO636 US Equity
Bond_637,BBB,101.68,2.33,Issuer_C,2031-08-15,JPY,,,2.04,JP,192660000.0,N,Corporates,XS0000006378 Corp,XS0000006378,Bond,Renewable Energy,Sr Preferred,1.066,,,,,1348620.0,SYNTHETIC DEMO - not market data,DEMO637 US Equity
Bond_638,AAA,93.59,1.17,Issuer_A,2030-02-10,USD,,,3.93,DE,94280000.0,N,Corporates,XS0000006386 Corp,XS0000006386,Bond,Retail & Wholesale - Staples,Sr Subordinated,3.83,,,,,94280000.0,SYNTHETIC DEMO - not market data,DEMO638 US Equity
Bond_639,B,90.77,1.0,Issuer_B,2035-06-09,GBP,74.52,0.77,4.23,DE,367540000.0,Y,Corporates,XS0000006394 Corp,XS0000006394,Convertible,Retail & Whsle - Discretionary,1st lien,3.963,DEMO639 US Equity,138.2356,7.234026545983813,52.011230804492314,477802000.0,SYNTHETIC DEMO - not market data,DEMO639 US Equity
Bond_640,NR,108.25,0.04,Issuer_C,2029-06-26,JPY,94.58,0.82,3.79,US,262399999.99999997,Y,Corporates,XS0000006402 Corp,XS0000006402,Convertible,Software & Tech Services,2nd lien,3.435,DEMO640 US Equity,163.5303,6.115074698694982,55.63264467057252,1836799.9999999998,SYNTHETIC DEMO - not market data,DEMO640 US Equity
Bond_641,CCC,94.55,3.62,Issuer_B,2032-04-17,JPY,72.25,0.46,3.96,GB,430610000.0,Y,Corporates,XS0000006410 Corp,XS0000006410,Convertible,Supranationals,1.5 Lien,3.932,DEMO641 US Equity,184.5164,5.419572460767715,54.89114658925979,3014270.0,SYNTHETIC DEMO - not market data,DEMO641 US Equity
Bond_642,CCC,94.19,2.25,Issuer_A,2030-03-19,EUR,,,1.53,US,274910000.0,N,Corporates,XS0000006428 Corp,XS0000006428,Bond,Tech Hardware & Semiconductors,Jr Subordinated,0.648,,,,,302401000.0,SYNTHETIC DEMO - not market data,DEMO642 US Equity
Bond_643,B,94.51,2.13,Issuer_D,2033-05-11,USD,,,2.84,US,464960000.0,N,Corporates,XS0000006436 Corp,XS0000006436,Bond,Telecommunications,Secured,2.348,,,,,464960000.0,SYNTHETIC DEMO - not market data,DEMO643 US Equity
Bond_644,B,101.36,4.0,Issuer_D,2031-04-13,USD,53.45,0.19,0.54,JP,337550000.0,Y,Corporates,XS0000006444 Corp,XS0000006444,Convertible,Utilities,Sr Unsecured,0.05,DEMO644 US Equity,75.6296,13.22233622814348,66.05408927989573,337550000.0,SYNTHETIC DEMO - not market data,DEMO644 US Equity
Bond_645,AA,93.43,3.37,Issuer_B,2025-12-20,JPY,,,0.13,DE,81270000.0,N,Corporates,XS0000006451 Corp,XS0000006451,Bond,Banking,Unsecured,-0.071,,,,,568890.0,SYNTHETIC DEMO - not market data,DEMO645 US Equity
Bond_646,BB,94.12,1.46,Issuer_A,2032-01-12,USD,,,0.86,JP,226000000.0,N,Governments,XS0000006469 Corp,XS0000006469,Bond,Consumer Discretionary Products,Asset Backed,0.73,,,,,226000000.0,SYNTHETIC DEMO - not market data,DEMO646 US Equity
Bond_647,A,100.73,2.39,Issuer_A,2031-04-05,EUR,30.98,0.82,3.32,DE,321670000.0,Y,Corporates,XS0000006477 Corp,XS0000006477,Convertible,Consumer Discretionary Services,Sr Non Preferred,2.401,DEMO647 US Equity,149.0488,6.70921201646709,76.90487097266758,353837000.0,SYNTHETIC DEMO - not market data,DEMO647 US Equity
Bond_648,BBB,100.05,3.42,Issuer_C,2028-01-05,JPY,,,0.32,JP,322180000.0,N,Corporates,XS0000006485 Corp,XS0000006485,Bond,Consumer Staple Products,Sr Preferred,-0.526,,,,,2255260.0,SYNTHETIC DEMO - not market data,DEMO648 US Equity
Bond_649,NR,96.58,2.85,Issuer_D,2032-08-19,USD,73.73,0.29,4.4,JP,206050000.0,Y,Corporates,XS0000006493 Corp,XS0000006493,Convertible,Financial Services,Sr Subordinated,3.439,DEMO649 US Equity,174.9205,5.716882812477668,55.59201059114718,206050000.0,SYNTHETIC DEMO - not market data,DEMO649 US Equity
Bond_650,CCC,102.26,4.05,Issuer_B,2031-04-06,JPY,,,2.29,DE,364330000.0,N,Corporates,XS0000006501 Corp,XS0000006501,Bond,Health Care,1st lien,2.132,,,,,2550310.0,SYNTHETIC DEMO - not market data,DEMO650 US Equity
Bond_651,CCC,103.97,0.22,Issuer_B,2029-11-18,GBP,66.67,0.07,3.63,DE,458930000.0,Y,Corporates,XS0000006519 Corp,XS0000006519,Convertible,Industrial Products,2nd lien,2.838,DEMO651 US Equity,190.7648,5.242057234877713,62.380752384952295,596609000.0,SYNTHETIC DEMO - not market data,DEMO651 US Equity
Bond_652,NR,92.42,1.84,Issuer_A,2033-06-14,JPY,,,0.82,DE,277730000.0,N,Corporates,XS0000006527 Corp,XS0000006527,Bond,Industrial Services,1.5 Lien,0.033,,,,,1944110.0,SYNTHETIC DEMO - not market data,DEMO652 US Equity
Bond_653,AAA,91.46,3.47,Issuer_D,2031-06-24,JPY,,,4.28,JP,67000000.0,N,Corporates,XS0000006535 Corp,XS0000006535,Bond,Insurance,Jr Subordinated,4.057,,,,,469000.0,SYNTHETIC DEMO - not market data,DEMO653 US Equity
Bond_654,AA,104.18,0.68,Issuer_D,2032-08-03,USD,,,2.74,DE,371110000.0,N,Corporates,XS0000006543 Corp,XS0000006543,Bond,Materials,Secured,2.151,,,,,371110000.0,SYNTHETIC DEMO - not market data,DEMO654 US Equity
Bond_655,A,99.42,1.4,Issuer_B,2027-01-20,USD,,,0.89,US,290590000.0,N,Corporates,XS0000006550 Corp,XS0000006550,Bond,Media,Sr Unsecured,0.715,,,,,290590000.0,SYNTHETIC DEMO - not market data,DEMO655 US Equity
Bond_656,A,91.55,3.82,Issuer_C,2027-08-12,EUR,,,1.08,US,451710000.0,N,Governments,XS0000006568 Corp,XS0000006568,Bond,National,Unsecured,0.773,,,,,496881000.00000006,SYNTHETIC DEMO - not market data,DEMO656 US Equity
Bond_657,D,103.93,4.18,Issuer_A,2031-12-10,JPY,5.24,0.0,3.86,DE,467970000.0,Y,Corporates,XS0000006576 Corp,XS0000006576,Convertible,Oil & Gas,Asset Backed,3.733,DEMO657 US Equity,143.9297,6.9478363395463205,98.75522614975296,3275790.0,SYNTHETIC DEMO - not market data,DEMO657 US Equity
Bond_658,BBB,94.0,0.08,Issuer_A,2025-06-27,EUR,,,3.4,US,149260000.0,N,Corporates,XS0000006584 Corp,XS0000006584,Bond,Real Estate,Sr Non Preferred,3.368,,,,,164186000.0,SYNTHETIC DEMO - not market data,DEMO658 US Equity
Bond_659,A,104.48,0.22,Issuer_A,2030-06-18,EUR,62.47,0.93,1.98,JP,104360000.0,Y,Corporates,XS0000006592 Corp,XS0000006592,Convertible,Regional & Local,Sr Preferred,1.059,DEMO659 US Equity,128.43,7.786342754808066,64.30725672431834,114796000.00000001,SYNTHETIC DEMO - not market data,DEMO659 US Equity
Bond_660,AA,97.13,0.87,Issuer_D,2035-06-01,JPY,21.28,0.22,3.29,GB,342480000.0,Y,Corporates,XS0000006600 Corp,XS0000006600,Convertible,Renewable Energy,Sr Subordinated,2.308,DEMO660 US Equity,62.8393,15.913608203783301,80.08740105540896,2397360.0,SYNTHETIC DEMO - not market data,DEMO660 US Equity
Bond_661,AAA,91.35,1.09,Issuer_C,2034-08-04,EUR,,,1.26,US,319940000.0,N,Governments,XS0000006618 Corp,XS0000006618,Bond,Retail & Wholesale - Staples,1st lien,0.813,,,,,351934000.0,SYNTHETIC DEMO - not market data,DEMO661 US Equity
Bond_662,A,96.64,3.18,Issuer_C,2035-08-03,GBP,,,0.09,JP,222070000.0,N,Corporates,XS0000006626 Corp,XS0000006626,Bond,Retail & Whsle - Discretionary,2nd lien,-0.175,,,,,288691000.0,SYNTHETIC DEMO - not market data,DEMO662 US Equity
Bond_663,NR,101.75,4.94,Issuer_B,2025-10-25,USD,30.88,0.74,3.79,US,76970000.0,Y,Corporates,XS0000006634 Corp,XS0000006634,Convertible,Software & Tech Services,1.5 Lien,3.722,DEMO663 US Equity,64.9174,15.404190555998854,77.7429706601467,76970000.0,SYNTHETIC DEMO - not market data,DEMO663 US Equity
Bond_664,D,95.93,0.76,Issuer_B,2035-01-08,JPY,,,3.7,GB,110420000.0,N,Corporates,XS0000006642 Corp,XS0000006642,Bond,Supranationals,Jr Subordinated,2.815,,,,,772940.0,SYNTHETIC DEMO - not market data,DEMO664 US Equity
Bond_665,AAA,100.42,4.89,Issuer_C,2025-04-28,GBP,,,1.71,DE,292690000.0,N,Corporates,XS0000006659 Corp,XS0000006659,Bond,Tech Hardware & Semiconductors,Secured,1.217,,,,,380497000.0,SYNTHETIC DEMO - not market data,DEMO665 US Equity
Bond_666,BBB,102.16,1.91,Issuer_C,2027-08-21,USD,6.46,0.49,4.77,US,335470000.0,Y,Corporates,XS0000006667 Corp,XS0000006667,Convertible,Telecommunications,Sr Unsecured,4.224,DEMO666 US Equity,88.1683,11.341944894026538,95.96092429081345,335470000.0,SYNTHETIC DEMO - not market data,DEMO666 US Equity
Bond_667,BBB,92.51,0.87,Issuer_B,2028-09-03,JPY,72.5,0.31,3.61,DE,240810000.0,Y,Corporates,XS0000006675 Corp,XS0000006675,Convertible,Utilities,Unsecured,2.764,DEMO667 US Equity,33.2677,30.059186538293904,53.62898550724638,1685670.0,SYNTHETIC DEMO - not market data,DEMO667 US Equity
Bond_668,BB,95.71,2.24,Issuer_B,2029-08-03,GBP,39.82,0.17,2.21,JP,392150000.0,Y,Corporates,XS0000006683 Corp,XS0000006683,Convertible,Banking,Asset Backed,1.663,DEMO668 US Equity,151.7573,6.589468842684998,68.45229580889715,509795000.0,SYNTHETIC DEMO - not market data,DEMO668 US Equity
Bond_669,AAA,105.24,2.14,Issuer_A,2029-10-18,EUR,,,2.76,DE,165780000.0,N,Corporates,XS0000006691 Corp,XS0000006691,Bond,Consumer Discretionary Products,Sr Non Preferred,1.818,,,,,182358000.0,SYNTHETIC DEMO - not market data,DEMO669 US Equity
Bond_670,BB,99.07,1.88,Issuer_D,2026-06-05,JPY,,,0.98,DE,51880000.0,N,Corporates,XS0000006709 Corp,XS0000006709,Bond,Consumer Discretionary Services,Sr Preferred,0.815,,,,,363160.0,SYNTHETIC DEMO - not market data,DEMO670 US Equity
Bond_671,D,98.09,2.08,Issuer_D,2030-07-16,GBP,,,3.21,US,233950000.0,N,Governments,XS0000006717 Corp,XS0000006717,Bond,Consumer Staple Products,Sr Subordinated,2.32,,,,,304135000.0,SYNTHETIC DEMO - not market data,DEMO671 US Equity
Bond_672,AA,97.7,2.83,Issuer_B,2031-05-25,GBP,50.96,0.49,3.44,US,342910000.0,Y,Corporates,XS0000006725 Corp,XS0000006725,Convertible,Financial Services,1st lien,3.339,DEMO672 US Equity,48.2787,20.71306808178348,64.71913089560148,445783000.0,SYNTHETIC DEMO - not market data,DEMO672 US Equity
Bond_673,BBB,94.85,0.17,Issuer_C,2035-12-22,USD,,,3.49,DE,167600000.0,N,Corporates,XS0000006733 Corp,XS0000006733,Bond,Health Care,2nd lien,3.208,,,,,167600000.0,SYNTHETIC DEMO - not market data,DEMO673 US Equity
Bond_674,A,95.09,3.01,Issuer_B,2025-02-25,USD,,,3.22,JP,228950000.0,N,Corporates,XS0000006741 Corp,XS0000006741,Bond,Industrial Products,1.5 Lien,2.982,,,,,228950000.0,SYNTHETIC DEMO - not market data,DEMO674 US Equity
Bond_675,NR,108.2,4.38,Issuer_B,2031-05-23,GBP,50.06,0.53,4.43,GB,380270000.0,Y,Corporates,XS0000006758 Corp,XS0000006758,Convertible,Industrial Services,Jr Subordinated,3.858,DEMO675 US Equity,28.9344,34.56093784560938,72.10449153671865,494351000.0,SYNTHETIC DEMO - not market data,DEMO675 US Equity
Bond_676,AA,102.72,3.88,Issuer_C,2027-05-24,EUR,93.0,0.4,1.54,DE,417380000.0,Y,Corporates,XS0000006766 Corp,XS0000006766,Convertible,Insurance,Secured,1.34,DEMO676 US Equity,128.0388,7.810132553569699,53.22279792746114,459118000.00000006,SYNTHETIC DEMO - not market data,DEMO676 US Equity
Bond_677,AA,91.4,3.48,Issuer_D,2035-05-24,JPY,17.06,0.37,3.52,DE,268910000.0,Y,Corporates,XS0000006774 Corp,XS0000006774,Convertible,Materials,Sr Unsecured,3.031,DEMO677 US Equity,91.5441,10.92369688488936,78.0796172902785,1882370.0,SYNTHETIC DEMO - not market data,DEMO677 US Equity
Bond_678,D,101.34,1.06,Issuer_B,2025-12-06,EUR,25.94,0.9,2.04,US,440760000.0,Y,Corporates,XS0000006782 Corp,XS0000006782,Convertible,Media,Unsecured,1.777,DEMO678 US Equity,100.2395,9.976107223200435,80.4668889947594,484836000.00000006,SYNTHETIC DEMO - not market data,DEMO678 US Equity
Bond_679,AA,95.86,1.89,Issuer_C,2026-06-01,EUR,47.79,0.67,0.5,US,169740000.0,Y,Corporates,XS0000006790 Corp,XS0000006790,Convertible,National,Asset Backed,0.156,DEMO679 US Equity,35.4273,28.22681943021342,64.86230462142228,186714000.00000003,SYNTHETIC DEMO - not market data,DEMO679 US Equity
Bond_680,AAA,91.94,2.61,Issuer_A,2031-10-17,GBP,93.21,0.47,1.69,JP,201450000.0,Y,Corporates,XS0000006808 Corp,XS0000006808,Convertible,Oil & Gas,Sr Non Preferred,1.154,DEMO680 US Equity,95.3538,10.48725902900566,47.58552869934268,261885000.0,SYNTHETIC DEMO - not market data,DEMO680 US Equity
Bond_681,B,106.34,4.7,Issuer_D,2031-10-02,GBP,,,4.37,US,51390000.0,N,Governments,XS0000006816 Corp,XS0000006816,Bond,Real Estate,Sr Preferred,3.656,,,,,66807000.0,SYNTHETIC DEMO - not market data,DEMO681 US Equity
Bond_682,A,90.51,0.61,Issuer_C,2028-06-15,JPY,,,2.57,DE,51410000.0,N,Corporates,XS0000006824 Corp,XS0000006824,Bond,Regional & Local,Sr Subordinated,2.068,,,,,359870.0,SYNTHETIC DEMO - not market data,DEMO682 US Equity
Bond_683,AAA,102.68,4.37,Issuer_C,2035-08-08,JPY,,,2.0,US,206750000.0,N,Corporates,XS0000006832 Corp,XS0000006832,Bond,Renewable Energy,1st lien,1.1,,,,,1447250.0,SYNTHETIC DEMO - not market data,DEMO683 US Equity
Bond_684,AA,104.69,1.47,Issuer_B,2027-09-19,USD,,,0.64,US,185610000.0,N,Corporates,XS0000006840 Corp,XS0000006840,Bond,Retail & Wholesale - Staples,2nd lien,-0.16,,,,,185610000.0,SYNTHETIC DEMO - not market data,DEMO684 US Equity
Bond_685,A,107.93,4.78,Issuer_D,2035-09-08,EUR,,,1.06,US,97460000.0,N,Corporates,XS0000006857 Corp,XS0000006857,Bond,Retail & Whsle - Discretionary,1.5 Lien,0.382,,,,,107206000.00000001,SYNTHETIC DEMO - not market data,DEMO685 US Equity
Bond_686,A,108.58,1.63,Issuer_D,2029-04-24,GBP,66.59,0.95,3.35,DE,465230000.0,Y,Corporates,XS0000006865 Corp,XS0000006865,Convertible,Software & Tech Services,Jr Subordinated,3.23,DEMO686 US Equity,131.6492,7.595944373380164,65.17798187166096,604799000.0,SYNTHETIC DEMO - not market data,DEMO686 US Equity
Bond_687,AA,105.91,1.66,Issuer_B,2034-10-03,GBP,,,1.89,JP,344260000.0,N,Corporates,XS0000006873 Corp,XS0000006873,Bond,Supranationals,Secured,1.467,,,,,447538000.0,SYNTHETIC DEMO - not market data,DEMO687 US Equity
Bond_688,BBB,94.47,0.58,Issuer_A,2026-02-11,EUR,,,3.72,US,307780000.0,N,Corporates,XS0000006881 Corp,XS0000006881,Bond,Tech Hardware & Semiconductors,Sr Unsecured,2.732,,,,,338558000.0,SYNTHETIC DEMO - not market data,DEMO688 US Equity
Bond_689,B,109.08,2.88,Issuer_A,2029-01-19,EUR,84.71,0.98,1.6,GB,408880000.0,Y,Corporates,XS0000006899 Corp,XS0000006899,Convertible,Telecommunications,Unsecured,0.603,DEMO689 US Equity,98.3708,10.165618252570885,59.0547344485951,449768000.00000006,SYNTHETIC DEMO - not market data,DEMO689 US Equity
Bond_690,NR,103.27,2.95,Issuer_A,2031-01-18,JPY,31.59,0.82,1.48,DE,274920000.0,Y,Corporates,XS0000006907 Corp,XS0000006907,Convertible,Utilities,Asset Backed,1.083,DEMO690 US Equity,89.8578,11.128694448339488,78.47860779694506,1924440.0,SYNTHETIC DEMO - not market data,DEMO690 US Equity
Bond_691,A,102.03,0.73,Issuer_A,2034-06-10,USD,,,1.37,JP,333980000.0,N,Governments,XS0000006915 Corp,XS0000006915,Bond,Banking,Sr Non Preferred,0.847,,,,,333980000.0,SYNTHETIC DEMO - not market data,DEMO691 US Equity
Bond_692,D,95.83,4.83,Issuer_A,2030-03-27,EUR,84.81,0.93,1.13,US,465420000.0,Y,Corporates,XS0000006923 Corp,XS0000006923,Convertible,Consumer Discretionary Products,Sr Preferred,0.716,DEMO692 US Equity,95.5269,10.468255538492299,51.85325469401006,511962000.00000006,SYNTHETIC DEMO - not market data,DEMO692 US Equity
Bond_693,D,104.55,1.5,Issuer_B,2025-09-13,GBP,42.24,0.47,1.74,JP,225980000.0,Y,Corporates,XS0000006931 Corp,XS0000006931,Convertible,Consumer Discretionary Services,Sr Subordinated,1.454,DEMO693 US Equity,38.1783,26.192889678167965,73.5025309336333,293774000.0,SYNTHETIC DEMO - not market data,DEMO693 US Equity
Bond_694,BB,103.93,0.98,Issuer_D,2026-03-11,USD,,,4.25,GB,255890000.0,N,Corporates,XS0000006949 Corp,XS0000006949,Bond,Consumer Staple Products,1st lien,4.213,,,,,255890000.0,SYNTHETIC DEMO - not market data,DEMO694 US Equity
Bond_695,A,98.84,2.41,Issuer_B,2028-04-26,EUR,73.53,0.01,3.63,US,355240000.0,Y,Corporates,XS0000006956 Corp,XS0000006956,Convertible,Financial Services,2nd lien,3.486,DEMO695 US Equity,69.5745,14.373082091858368,56.958450988301735,390764000.00000006,SYNTHETIC DEMO - not market data,DEMO695 US Equity
Bond_696,CCC,109.01,2.14,Issuer_B,2025-02-12,JPY,17.96,0.05,4.9,GB,317030000.0,Y,Corporates,XS0000006964 Corp,XS0000006964,Convertible,Health Care,1.5 Lien,3.979,DEMO696 US Equity,154.235,6.483612668979155,92.41268226517464,2219210.0,SYNTHETIC DEMO - not market data,DEMO696 US Equity
Bond_697,CCC,94.9,0.59,Issuer_D,2032-05-23,EUR,65.28,0.38,3.46,US,399980000.0,Y,Corporates,XS0000006972 Corp,XS0000006972,Convertible,Industrial Products,Jr Subordinated,3.362,DEMO697 US Equity,145.3129,6.88170148692924,57.41771539206196,439978000.00000006,SYNTHETIC DEMO - not market data,DEMO697 US Equity
Bond_698,BB,102.65,2.23,Issuer_A,2026-02-03,USD,,,2.45,DE,60360000.0,N,Corporates,XS0000006980 Corp,XS0000006980,Bond,Industrial Services,Secured,2.033,,,,,60360000.0,SYNTHETIC DEMO - not market data,DEMO698 US Equity
Bond_699,BB,103.87,0.47,Issuer_B,2031-08-21,JPY,,,1.49,DE,94750000.0,N,Corporates,XS0000006998 Corp,XS0000006998,Bond,Insurance,Sr Unsecured,0.844,,,,,663250.0,SYNTHETIC DEMO - not market data,DEMO699 US Equity
Bond_700,NR,93.7,4.06,Issuer_A,2031-09-27,JPY,6.39,0.84,2.69,US,389080000.0,Y,Corporates,XS0000007004 Corp,XS0000007004,Convertible,Materials,Unsecured,2.479,DEMO700 US Equity,53.8284,18.577553856328628,88.07218723564245,2723560.0,SYNTHETIC DEMO - not market data,DEMO700 US Equity
Bond_701,AA,93.61,3.0,Issuer_B,2025-09-15,GBP,12.3,0.13,1.03,DE,89520000.0,Y,Corporates,XS0000007012 Corp,XS0000007012,Convertible,Media,Asset Backed,0.719,DEMO701 US Equity,48.615,20.569782988789466,83.35707925200356,116376000.0,SYNTHETIC DEMO - not market data,DEMO701 US Equity
Bond_702,AAA,91.69,0.62,Issuer_C,2030-09-06,JPY,,,4.89,US,161750000.0,N,Corporates,XS0000007020 Corp,XS0000007020,Bond,National,Sr Non Preferred,4.057,,,,,1132250.0,SYNTHETIC DEMO - not market data,DEMO702 US Equity
Bond_703,NR,108.09,1.47,Issuer_D,2027-10-16,GBP,52.27,0.99,1.76,DE,359570000.0,Y,Corporates,XS0000007038 Corp,XS0000007038,Convertible,Oil & Gas,Sr Preferred,1.511,DEMO703 US Equity,170.6558,5.859748101148628,70.98574899848953,467441000.0,SYNTHETIC DEMO - not market data,DEMO703 US Equity
Bond_704,BBB,90.73,0.71,Issuer_B,2027-10-18,EUR,59.18,0.28,3.65,JP,83460000.0,Y,Corporates,XS0000007046 Corp,XS0000007046,Convertible,Real Estate,Sr Subordinated,3.526,DEMO704 US Equity,134.3738,7.441926923254385,56.998366628973486,91806000.0,SYNTHETIC DEMO - not market data,DEMO704 US Equity
Bond_705,BB,97.64,4.52,Issuer_D,2032-02-09,JPY,,,4.7,DE,291160000.0,N,Corporates,XS0000007053 Corp,XS0000007053,Bond,Regional & Local,1st lien,4.35,,,,,2038120.0,SYNTHETIC DEMO - not market data,DEMO705 US Equity
Bond_706,BB,109.91,3.48,Issuer_B,2030-10-22,EUR,41.97,0.15,4.96,JP,220520000.0,Y,Corporates,XS0000007061 Corp,XS0000007061,Convertible,Renewable Energy,2nd lien,4.066,DEMO706 US Equity,49.4325,20.229606028422598,77.41776431640487,242572000.00000003,SYNTHETIC DEMO - not market data,DEMO706 US Equity
Bond_707,AA,95.4,2.66,Issuer_D,2026-06-21,USD,36.28,0.33,1.37,DE,173140000.0,Y,Corporates,XS0000007079 Corp,XS0000007079,Convertible,Retail & Wholesale - Staples,1.5 Lien,0.513,DEMO707 US Equity,193.6852,5.163017101977848,70.00293513354858,173140000.0,SYNTHETIC DEMO - not market data,DEMO707 US Equity
Bond_708,CCC,109.59,1.11,Issuer_A,2026-03-17,GBP,58.88,0.81,0.48,GB,365200000.0,Y,Corporates,XS0000007087 Corp,XS0000007087,Convertible,Retail & Whsle - Discretionary,Jr Subordinated,0.471,DEMO708 US Equity,158.1631,6.322587253284743,68.97658610271904,474760000.0,SYNTHETIC DEMO - not market data,DEMO708 US Equity
Bond_709,NR,95.42,0.5,Issuer_A,2027-06-25,JPY,,,0.9,JP,264589999.99999997,N,Corporates,XS0000007095 Corp,XS0000007095,Bond,Software & Tech Services,Secured,0.595,,,,,1852129.9999999998,SYNTHETIC DEMO - not market data,DEMO709 US Equity
Bond_710,BB,90.19,2.57,Issuer_B,2035-03-05,JPY,56.76,0.27,4.59,GB,368380000.0,Y,Corporates,XS0000007103 Corp,XS0000007103,Convertible,Supranationals,Sr Unsecured,3.947,DEMO710 US Equity,194.0644,5.152928615449304,57.533809645317675,2578660.0,SYNTHETIC DEMO - not market data,DEMO710 US Equity
Bond_711,CCC,104.14,0.92,Issuer_C,2032-09-10,GBP,95.26,0.52,3.59,DE,187330000.0,Y,Corporates,XS0000007111 Corp,XS0000007111,Convertible,Tech Hardware & Semiconductors,Unsecured,3.193,DEMO711 US Equity,168.3759,5.939092233508477,53.33401618355014,243529000.0,SYNTHETIC DEMO - not market data,DEMO711 US Equity
Bond_712,BB,98.13,1.56,Issuer_A,2035-02-03,EUR,94.49,0.17,0.29,GB,299370000.0,Y,Corporates,XS0000007129 Corp,XS0000007129,Convertible,Telecommunications,Asset Backed,-0.008,DEMO712 US Equity,129.629,7.714323183855465,50.45503624865031,329307000.0,SYNTHETIC DEMO - not market data,DEMO712 US Equity
Bond_713,AAA,109.24,2.12,Issuer_B,2032-08-17,USD,,,2.03,DE,459900000.0,N,Corporates,XS0000007137 Corp,XS0000007137,Bond,Utilities,Sr Non Preferred,1.319,,,,,459900000.0,SYNTHETIC DEMO - not market data,DEMO713 US Equity
Bond_714,CCC,104.05,3.75,Issuer_B,2035-09-22,USD,60.74,0.96,3.37,DE,128669999.99999999,Y,Corporates,XS0000007145 Corp,XS0000007145,Convertible,Banking,Sr Preferred,3.071,DEMO714 US Equity,180.6273,5.5362616835882505,64.73186512380241,128669999.99999999,SYNTHETIC DEMO - not market data,DEMO714 US Equity
Bond_715,A,100.27,4.76,Issuer_D,2032-07-06,GBP,,,4.85,GB,461320000.0,N,Corporates,XS0000007152 Corp,XS0000007152,Bond,Consumer Discretionary Products,Sr Subordinated,4.189,,,,,599716000.0,SYNTHETIC DEMO - not market data,DEMO715 US Equity
Bond_716,NR,107.02,4.29,Issuer_C,2029-08-10,GBP,21.31,0.74,2.84,DE,465380000.0,Y,Corporates,XS0000007160 Corp,XS0000007160,Convertible,Consumer Discretionary Services,1st lien,2.119,DEMO716 US Equity,142.536,7.015771454229107,88.22026213832329,604994000.0,SYNTHETIC DEMO - not market data,DEMO716 US Equity
Bond_717,D,107.85,4.24,Issuer_A,2030-01-20,JPY,32.86,0.35,0.03,DE,230930000.0,Y,Corporates,XS0000007178 Corp,XS0000007178,Convertible,Consumer Staple Products,2nd lien,-0.542,DEMO717 US Equity,147.4524,6.781849600277784,81.17567364142707,1616510.0,SYNTHETIC DEMO - not market data,DEMO717 US Equity
Bond_718,AA,98.62,0.99,Issuer_B,2031-02-16,USD,15.56,0.66,1.13,JP,218440000.0,Y,Corporates,XS0000007186 Corp,XS0000007186,Convertible,Financial Services,1.5 Lien,0.623,DEMO718 US Equity,140.9363,7.095404093906255,85.34094842506059,218440000.0,SYNTHETIC DEMO - not market data,DEMO718 US Equity
Bond_719,CCC,107.84,2.68,Issuer_C,2026-08-22,JPY,,,0.81,GB,386190000.0,N,Corporates,XS0000007194 Corp,XS0000007194,Bond,Health Care,Jr Subordinated,0.551,,,,,2703330.0,SYNTHETIC DEMO - not market data,DEMO719 US Equity
Bond_720,B,107.67,3.55,Issuer_A,2028-05-02,EUR,39.45,0.74,4.5,DE,349790000.0,Y,Corporates,XS0000007202 Corp,XS0000007202,Convertible,Industrial Products,Secured,3.737,DEMO720 US Equity,165.5019,6.042226705554437,77.21046970240229,384769000.00000006,SYNTHETIC DEMO - not market data,DEMO720 US Equity
Bond_721,BB,92.38,2.45,Issuer_D,2035-12-05,GBP,,,3.76,JP,275840000.0,N,Governments,XS0000007210 Corp,XS0000007210,Bond,Industrial Services,Sr Unsecured,3.453,,,,,358592000.0,SYNTHETIC DEMO - not market data,DEMO721 US Equity
Bond_722,A,92.19,0.54,Issuer_A,2027-03-12,USD,,,3.84,DE,73420000.0,N,Corporates,XS0000007228 Corp,XS0000007228,Bond,Insurance,Unsecured,3.052,,,,,73420000.0,SYNTHETIC DEMO - not market data,DEMO722 US Equity
Bond_723,CCC,109.53,3.69,Issuer_D,2032-05-10,JPY,,,0.41,JP,161490000.0,N,Corporates,XS0000007236 Corp,XS0000007236,Bond,Materials,Asset Backed,0.079,,,,,1130430.0,SYNTHETIC DEMO - not market data,DEMO723 US Equity
Bond_724,NR,93.74,1.41,Issuer_A,2029-12-08,JPY,19.84,0.71,4.05,DE,134900000.0,Y,Corporates,XS0000007244 Corp,XS0000007244,Convertible,Media,Sr Non Preferred,3.756,DEMO724 US Equity,66.9007,14.947526707493344,78.22096128170895,944300.0,SYNTHETIC DEMO - not market data,DEMO724 US Equity
Bond_725,BBB,92.41,2.01,Issuer_C,2028-03-14,USD,61.65,0.09,0.25,JP,286240000.0,Y,Corporates,XS0000007251 Corp,XS0000007251,Convertible,National,Sr Preferred,-0.25,DEMO725 US Equity,180.0967,5.552572590169614,57.166718218373035,286240000.0,SYNTHETIC DEMO - not market data,DEMO725 US Equity
Bond_726,BBB,96.72,2.4,Issuer_D,2035-01-10,USD,26.92,0.28,1.76,JP,161140000.0,Y,Corporates,XS0000007269 Corp,XS0000007269,Convertible,Oil & Gas,Sr Subordinated,1.351,DEMO726 US Equity,56.0534,17.840131017922193,76.20548376930348,161140000.0,SYNTHETIC DEMO - not market data,DEMO726 US Equity
Bond_727,A,90.82,0.26,Issuer_C,2028-05-16,GBP,90.85,0.1,0.92,JP,213610000.0,Y,Corporates,XS0000007277 Corp,XS0000007277,Convertible,Real Estate,1st lien,0.289,DEMO727 US Equity,107.7646,9.279485099930774,47.58711029604401,277693000.0,SYNTHETIC DEMO - not market data,DEMO727 US Equity
Bond_728,AA,91.94,0.07,Issuer_B,2030-06-24,GBP,,,3.71,GB,157210000.0,N,Corporates,XS0000007285 Corp,XS0000007285,Bond,Regional & Local,2nd lien,2.946,,,,,204373000.0,SYNTHETIC DEMO - not market data,DEMO728 US Equity
Bond_729,BBB,101.69,0.44,Issuer_A,2027-11-24,USD,,,0.21,DE,136820000.0,N,Corporates,XS0000007293 Corp,XS0000007293,Bond,Renewable Energy,1.5 Lien,-0.28,,,,,136820000.0,SYNTHETIC DEMO - not market data,DEMO729 US Equity
Bond_730,AA,91.5,2.73,Issuer_C,2029-12-16,EUR,,,2.67,DE,69710000.0,N,Corporates,XS0000007301 Corp,XS0000007301,Bond,Retail & Wholesale - Staples,Jr Subordinated,1.906,,,,,76681000.0,SYNTHETIC DEMO - not market data,DEMO730 US Equity
Bond_731,CCC,101.01,1.26,Issuer_C,2030-08-21,USD,91.08,0.07,2.1,US,125120000.0,Y,Corporates,XS0000007319 Corp,XS0000007319,Convertible,Retail & Whsle - Discretionary,Secured,1.486,DEMO731 US Equity,35.8474,27.896025932145704,52.862675319238015,125120000.0,SYNTHETIC DEMO - not market data,DEMO731 US Equity
Bond_732,A,95.79,4.78,Issuer_A,2028-12-27,JPY,,,2.48,US,124480000.0,N,Corporates,XS0000007327 Corp,XS0000007327,Bond,Software & Tech Services,Sr Unsecured,2.107,,,,,871360.0,SYNTHETIC DEMO - not market data,DEMO732 US Equity
Bond_733,NR,105.59,2.0,Issuer_C,2028-03-01,EUR,,,2.86,US,445620000.0,N,Corporates,XS0000007335 Corp,XS0000007335,Bond,Supranationals,Unsecured,2.846,,,,,490182000.00000006,SYNTHETIC DEMO - not market data,DEMO733 US Equity
Bond_734,NR,104.16,2.63,Issuer_C,2028-05-23,GBP,,,2.76,DE,150770000.0,N,Corporates,XS0000007343 Corp,XS0000007343,Bond,Tech Hardware & Semiconductors,Asset Backed,2.438,,,,,196001000.0,SYNTHETIC DEMO - not market data,DEMO734 US Equity
Bond_735,BB,90.78,0.74,Issuer_C,2027-05-28,USD,64.24,0.25,4.12,US,50630000.0,Y,Corporates,XS0000007350 Corp,XS0000007350,Convertible,Telecommunications,Sr Non Preferred,3.929,DEMO735 US Equity,169.9812,5.88300353215532,55.27277155382368,50630000.0,SYNTHETIC DEMO - not market data,DEMO735 US Equity
Bond_736,B,96.49,4.73,Issuer_C,2027-07-20,GBP,,,1.62,US,331680000.0,N,Governments,XS0000007368 Corp,XS0000007368,Bond,Utilities,Sr Preferred,1.236,,,,,431184000.0,SYNTHETIC DEMO - not market data,DEMO736 US Equity
Bond_737,B,94.39,4.83,Issuer_B,2029-01-18,USD,72.26,0.69,4.73,GB,441510000.0,Y,Corporates,XS0000007376 Corp,XS0000007376,Convertible,Banking,Sr Subordinated,4.563,DEMO737 US Equity,125.9607,7.93898414346697,54.79507720887032,441510000.0,SYNTHETIC DEMO - not market data,DEMO737 US Equity
Bond_738,D,94.41,1.34,Issuer_D,2027-08-08,JPY,36.86,0.9,0.47,DE,256730000.00000003,Y,Corporates,XS0000007384 Corp,XS0000007384,Convertible,Consumer Discretionary Products,1st lien,-0.525,DEMO738 US Equity,179.8353,5.560643544398681,68.98290223586146,1797110.0000000002,SYNTHETIC DEMO - not market data,DEMO738 US Equity
Bond_739,BBB,101.39,4.72,Issuer_B,2035-05-01,GBP,16.29,0.18,1.97,DE,81250000.0,Y,Corporates,XS0000007392 Corp,XS0000007392,Convertible,Consumer Discretionary Services,2nd lien,1.742,DEMO739 US Equity,92.6105,10.797911683880338,87.18720440278614,105625000.0,SYNTHETIC DEMO - not market data,DEMO739 US Equity
Bond_740,CCC,94.91,4.55,Issuer_D,2026-12-17,EUR,72.68,0.81,3.02,JP,222800000.0,Y,Corporates,XS0000007400 Corp,XS0000007400,Convertible,Consumer Staple Products,1.5 Lien,2.983,DEMO740 US Equity,137.0973,7.294089672079611,54.96293722492471,245080000.00000003,SYNTHETIC DEMO - not market data,DEMO740 US Equity
Bond_741,AAA,105.27,3.22,Issuer_A,2027-04-25,USD,26.77,0.94,3.0,US,480930000.0,Y,Corporates,XS0000007418 Corp,XS0000007418,Convertible,Financial Services,Jr Subordinated,2.98,DEMO741 US Equity,137.6422,7.265213720792024,83.04015145539165,480930000.0,SYNTHETIC DEMO - not market data,DEMO741 US Equity
Bond_742,NR,104.72,1.69,Issuer_A,2028-03-16,JPY,81.55,0.31,2.39,DE,75140000.0,Y,Corporates,XS0000007426 Corp,XS0000007426,Convertible,Health Care,Secured,1.76,DEMO742 US Equity,145.1346,6.890155758861084,57.68107959239878,525980.0,SYNTHETIC DEMO - not market data,DEMO742 US Equity
Bond_743,NR,92.46,4.12,Issuer_A,2033-05-04,JPY,,,0.71,DE,60800000.0,N,Corporates,XS0000007434 Corp,XS0000007434,Bond,Industrial Products,Sr Unsecured,-0.121,,,,,425600.0,SYNTHETIC DEMO - not market data,DEMO743 US Equity
Bond_744,CCC,92.95,3.28,Issuer_B,2035-07-22,USD,,,2.46,US,151040000.0,N,Corporates,XS0000007442 Corp,XS0000007442,Bond,Industrial Services,Unsecured,2.355,,,,,151040000.0,SYNTHETIC DEMO - not market data,DEMO744 US Equity
Bond_745,B,91.53,1.67,Issuer_C,2026-01-20,EUR,,,0.89,GB,319830000.0,N,Corporates,XS0000007459 Corp,XS0000007459,Bond,Insurance,Asset Backed,0.171,,,,,351813000.0,SYNTHETIC DEMO - not market data,DEMO745 US Equity
Bond_746,A,107.86,3.44,Issuer_C,2030-02-09,JPY,,,3.31,GB,414820000.0,N,Governments,XS0000007467 Corp,XS0000007467,Bond,Materials,Sr Non Preferred,3.192,,,,,2903740.0,SYNTHETIC DEMO - not market data,DEMO746 US Equity
Bond_747,AAA,107.23,4.89,Issuer_B,2030-03-13,JPY,72.13,0.79,2.39,US,100920000.0,Y,Corporates,XS0000007475 Corp,XS0000007475,Convertible,Media,Sr Preferred,2.284,DEMO747 US Equity,40.5223,24.677770017990092,62.29593911578459,706440.0,SYNTHETIC DEMO - not market data,DEMO747 US Equity
Bond_748,BB,92.89,1.62,Issuer_B,2027-07-12,GBP,,,2.47,JP,362040000.0,N,Corporates,XS0000007483 Corp,XS0000007483,Bond,National,Sr Subordinated,2.175,,,,,470652000.0,SYNTHETIC DEMO - not market data,DEMO748 US Equity
Bond_749,B,92.76,4.72,Issuer_B,2031-07-18,JPY,,,2.69,JP,289610000.0,N,Corporates,XS0000007491 Corp,XS0000007491,Bond,Oil & Gas,1st lien,2.651,,,,,2027270.0,SYNTHETIC DEMO - not market data,DEMO749 US Equity
Bond_750,CCC,91.67,3.57,Issuer_B,2026-04-12,USD,20.33,0.85,1.81,JP,480930000.0,Y,Corporates,XS0000007509 Corp,XS0000007509,Convertible,Real Estate,2nd lien,1.602,DEMO750 US Equity,109.3438,9.145465952344805,76.18216571096153,480930000.0,SYNTHETIC DEMO - not market data,DEMO750 US Equity
Bond_751,AAA,108.23,1.8,Issuer_B,2029-08-05,JPY,24.25,0.83,0.28,DE,102760000.0,Y,Corporates,XS0000007517 Corp,XS0000007517,Convertible,Regional & Local,1.5 Lien,0.131,DEMO751 US Equity,140.4239,7.121294879290491,87.10663983903422,719320.0,SYNTHETIC DEMO - not market data,DEMO751 US Equity
Bond_752,CCC,104.66,3.48,Issuer_D,2030-01-23,USD,66.27,0.07,4.19,DE,63580000.0,Y,Corporates,XS0000007525 Corp,XS0000007525,Convertible,Renewable Energy,Jr Subordinated,3.894,DEMO752 US Equity,197.9599,5.051528112511675,62.945811030251996,63580000.0,SYNTHETIC DEMO - not market data,DEMO752 US Equity
Bond_753,A,91.58,0.39,Issuer_D,2027-03-16,EUR,,,3.74,GB,261579999.99999997,N,Corporates,XS0000007533 Corp,XS0000007533,Bond,Retail & Wholesale - Staples,Secured,3.427,,,,,287738000.0,SYNTHETIC DEMO - not market data,DEMO753 US Equity
Bond_754,D,105.63,3.48,Issuer_C,2026-03-02,USD,,,3.02,DE,276480000.0,N,Corporates,XS0000007541 Corp,XS0000007541,Bond,Retail & Whsle - Discretionary,Sr Unsecured,2.281,,,,,276480000.0,SYNTHETIC DEMO - not market data,DEMO754 US Equity
Bond_755,CCC,106.65,3.4,Issuer_D,2033-12-27,GBP,91.92,0.5,3.55,JP,469150000.0,Y,Corporates,XS0000007558 Corp,XS0000007558,Convertible,Software & Tech Services,Unsecured,2.792,DEMO755 US Equity,37.0997,26.954395857648446,55.57002917882451,609895000.0,SYNTHETIC DEMO - not market data,DEMO755 US Equity
Bond_756,AA,100.43,4.89,Issuer_B,2028-07-20,USD,,,1.09,DE,420130000.0,N,Governments,XS0000007566 Corp,XS0000007566,Bond,Supranationals,Asset Backed,0.468,,,,,420130000.0,SYNTHETIC DEMO - not market data,DEMO756 US Equity
Bond_757,D,99.55,3.26,Issuer_D,2031-03-02,GBP,64.66,0.19,0.54,US,213220000.0,Y,Corporates,XS0000007574 Corp,XS0000007574,Convertible,Tech Hardware & Semiconductors,Sr Non Preferred,0.447,DEMO757 US Equity,178.1256,5.614016177349017,60.45791327584113,277186000.0,SYNTHETIC DEMO - not market data,DEMO757 US Equity
Bond_758,AAA,94.79,0.81,Issuer_A,2026-04-20,USD,,,3.78,GB,134480000.0,N,Corporates,XS0000007582 Corp,XS0000007582,Bond,Telecommunications,Sr Preferred,2.929,,,,,134480000.0,SYNTHETIC DEMO - not market data,DEMO758 US Equity
Bond_759,AAA,94.81,0.43,Issuer_A,2034-08-02,USD,31.46,0.94,0.04,GB,388260000.0,Y,Corporates,XS0000007590 Corp,XS0000007590,Convertible,Utilities,Sr Subordinated,-0.609,DEMO759 US Equity,163.9818,6.09823773126042,72.1207972006694,388260000.0,SYNTHETIC DEMO - not market data,DEMO759 US Equity
Bond_760,NR,93.9,3.76,Issuer_C,2027-12-22,USD,,,1.66,US,275980000.0,N,Corporates,XS0000007608 Corp,XS0000007608,Bond,Banking,1st lien,1.244,,,,,275980000.0,SYNTHETIC DEMO - not market data,DEMO760 US Equity
Bond_761,AAA,101.74,1.91,Issuer_A,2029-03-05,JPY,7.88,0.63,4.76,DE,447980000.0,Y,Corporates,XS0000007616 Corp,XS0000007616,Convertible,Consumer Discretionary Products,2nd lien,3.958,DEMO761 US Equity,126.3351,7.915456591240281,94.30849091583241,3135860.0,SYNTHETIC DEMO - not market data,DEMO761 US Equity
Bond_762,A,109.87,2.51,Issuer_C,2032-03-11,GBP,36.03,0.86,2.15,JP,157600000.0,Y,Corporates,XS0000007624 Corp,XS0000007624,Convertible,Consumer Discretionary Services,1.5 Lien,1.177,DEMO762 US Equity,170.9366,5.850122209052947,80.76894802617069,204880000.0,SYNTHETIC DEMO - not market data,DEMO762 US Equity
Bond_763,A,101.34,4.97,Issuer_A,2025-03-25,GBP,54.71,0.97,3.91,US,274510000.0,Y,Corporates,XS0000007632 Corp,XS0000007632,Convertible,Consumer Staple Products,Jr Subordinated,3.205,DEMO763 US Equity,76.5628,13.061173311320903,65.50319953461316,356863000.0,SYNTHETIC DEMO - not market data,DEMO763 US Equity
Bond_764,B,93.39,1.48,Issuer_A,2029-10-12,GBP,,,0.45,DE,369790000.0,N,Corporates,XS0000007640 Corp,XS0000007640,Bond,Financial Services,Secured,0.112,,,,,480727000.0,SYNTHETIC DEMO - not market data,DEMO764 US Equity
Bond_765,BB,109.72,4.89,Issuer_D,2035-03-04,JPY,,,0.2,GB,230420000.0,N,Corporates,XS0000007657 Corp,XS0000007657,Bond,Health Care,Sr Unsecured,-0.323,,,,,1612940.0,SYNTHETIC DEMO - not market data,DEMO765 US Equity
Bond_766,D,97.33,4.22,Issuer_C,2030-02-22,JPY,50.59,0.26,4.38,US,329280000.0,Y,Corporates,XS0000007665 Corp,XS0000007665,Convertible,Industrial Products,Unsecured,4.285,DEMO766 US Equity,146.1044,6.844420838797463,64.63244571352679,2304960.0,SYNTHETIC DEMO - not market data,DEMO766 US Equity
Bond_767,BBB,103.99,2.8,Issuer_B,2026-05-13,EUR,57.01,0.85,1.12,JP,351120000.0,Y,Corporates,XS0000007673 Corp,XS0000007673,Convertible,Industrial Services,Asset Backed,0.132,DEMO767 US Equity,120.502,8.298617450332776,66.23145022610024,386232000.00000006,SYNTHETIC DEMO - not market data,DEMO767 US Equity
Bond_768,D,99.37,2.68,Issuer_D,2026-02-06,USD,,,4.59,JP,395700000.0,N,Corporates,XS0000007681 Corp,XS0000007681,Bond,Insurance,Sr Non Preferred,4.515,,,,,395700000.0,SYNTHETIC DEMO - not market data,DEMO768 US Equity
Bond_769,CCC,96.57,1.59,Issuer_D,2028-12-24,JPY,11.43,0.45,2.73,JP,115480000.0,Y,Corporates,XS0000007699 Corp,XS0000007699,Convertible,Materials,Sr Preferred,2.489,DEMO769 US Equity,108.4966,9.216878685599365,86.66427353495467,808360.0,SYNTHETIC DEMO - not market data,DEMO769 US Equity
Bond_770,B,101.36,4.94,Issuer_D,2025-06-26,JPY,97.86,0.21,1.06,US,478690000.0,Y,Corporates,XS0000007707 Corp,XS0000007707,Convertible,Media,Sr Subordinated,0.259,DEMO770 US Equity,102.637,9.743075109366018,51.228141109875665,3350830.0,SYNTHETIC DEMO - not market data,DEMO770 US Equity
Bond_771,BB,95.04,0.88,Issuer_B,2026-05-13,USD,,,1.49,JP,442080000.0,N,Governments,XS0000007715 Corp,XS0000007715,Bond,National,1st lien,1.387,,,,,442080000.0,SYNTHETIC DEMO - not market data,DEMO771 US Equity
Bond_772,BB,93.68,0.27,Issuer_D,2030-05-06,EUR,34.93,0.42,2.38,DE,484520000.0,Y,Corporates,XS0000007723 Corp,XS0000007723,Convertible,Oil & Gas,2nd lien,1.823,DEMO772 US Equity,94.2209,10.613356484601612,69.42859260357223,532972000.00000006,SYNTHETIC DEMO - not market data,DEMO772 US Equity
Bond_773,B,108.25,2.85,Issuer_A,2033-10-07,USD,,,3.61,DE,195680000.0,N,Corporates,XS0000007731 Corp,XS0000007731,Bond,Real Estate,1.5 Lien,3.403,,,,,195680000.0,SYNTHETIC DEMO - not market data,DEMO773 US Equity
Bond_774,AAA,93.01,2.29,Issuer_B,2032-06-04,JPY,,,1.31,US,494710000.0,N,Corporates,XS0000007749 Corp,XS0000007749,Bond,Regional & Local,Jr Subordinated,0.639,,,,,3462970.0,SYNTHETIC DEMO - not market data,DEMO774 US Equity
Bond_775,D,102.78,2.89,Issuer_A,2028-12-07,JPY,69.64,0.77,3.0,DE,206640000.0,Y,Corporates,XS0000007756 Corp,XS0000007756,Convertible,Renewable Energy,Secured,2.637,DEMO775 US Equity,191.0639,5.233851083328667,60.58712567790615,1446480.0,SYNTHETIC DEMO - not market data,DEMO775 US Equity
Bond_776,AAA,97.41,1.82,Issuer_C,2029-09-27,USD,69.93,0.65,2.28,JP,208280000.0,Y,Corporates,XS0000007764 Corp,XS0000007764,Convertible,Retail & Wholesale - Staples,Sr Unsecured,1.564,DEMO776 US Equity,138.2901,7.231175622839235,57.32360383687401,208280000.0,SYNTHETIC DEMO - not market data,DEMO776 US Equity
Bond_777,NR,109.48,1.68,Issuer_B,2032-07-12,EUR,,,2.76,DE,294240000.0,N,Corporates,XS0000007772 Corp,XS0000007772,Bond,Retail & Whsle - Discretionary,Unsecured,2.468,,,,,323664000.0,SYNTHETIC DEMO - not market data,DEMO777 US Equity
Bond_778,BB,106.9,3.44,Issuer_D,2035-05-23,USD,,,4.98,US,90340000.0,N,Corporates,XS0000007780 Corp,XS0000007780,Bond,Software & Tech Services,Asset Backed,4.458,,,,,90340000.0,SYNTHETIC DEMO - not market data,DEMO778 US Equity
Bond_779,CCC,92.07,3.75,Issuer_A,2035-08-17,USD,66.77,0.85,1.06,JP,298210000.0,Y,Corporates,XS0000007798 Corp,XS0000007798,Convertible,Supranationals,Sr Non Preferred,1.014,DEMO779 US Equity,146.3773,6.831660373568853,55.20777118186724,298210000.0,SYNTHETIC DEMO - not market data,DEMO779 US Equity
Bond_780,BBB,107.13,4.75,Issuer_C,2032-07-27,JPY,0.76,0.37,1.12,GB,170420000.0,Y,Corporates,XS0000007806 Corp,XS0000007806,Convertible,Tech Hardware & Semiconductors,Sr Preferred,0.19,DEMO780 US Equity,53.7578,18.601951716774124,106.32195315601429,1192940.0,SYNTHETIC DEMO - not market data,DEMO780 US Equity
Bond_781,BB,106.77,3.98,Issuer_D,2035-04-01,JPY,,,0.16,US,119020000.0,N,Governments,XS0000007814 Corp,XS0000007814,Bond,Telecommunications,Sr Subordinated,-0.767,,,,,833140.0,SYNTHETIC DEMO - not market data,DEMO781 US Equity
Bond_782,NR,106.4,3.0,Issuer_C,2027-10-14,EUR,,,2.78,JP,136700000.0,N,Corporates,XS0000007822 Corp,XS0000007822,Bond,Utilities,1st lien,1.943,,,,,150370000.0,SYNTHETIC DEMO - not market data,DEMO782 US Equity
Bond_783,AAA,106.03,2.89,Issuer_B,2035-07-24,EUR,,,2.02,GB,282770000.0,N,Corporates,XS0000007830 Corp,XS0000007830,Bond,Banking,2nd lien,1.431,,,,,311047000.0,SYNTHETIC DEMO - not market data,DEMO783 US Equity
Bond_784,BBB,91.99,4.01,Issuer_A,2035-10-26,JPY,,,4.22,GB,426800000.0,N,Corporates,XS0000007848 Corp,XS0000007848,Bond,Consumer Discretionary Products,1.5 Lien,3.448,,,,,2987600.0,SYNTHETIC DEMO - not market data,DEMO784 US Equity
Bond_785,B,94.08,0.47,Issuer_D,2025-11-25,EUR,2.78,0.71,4.6,US,307310000.0,Y,Corporates,XS0000007855 Corp,XS0000007855,Convertible,Consumer Discretionary Services,Jr Subordinated,3.942,DEMO785 US Equity,101.0908,9.892097005860078,91.53531815528312,338041000.0,SYNTHETIC DEMO - not market data,DEMO785 US Equity
Bond_786,A,109.67,3.17,Issuer_C,2027-04-21,EUR,29.69,0.54,1.23,JP,396680000.0,Y,Corporates,XS0000007863 Corp,XS0000007863,Convertible,Consumer Staple Products,Secured,0.747,DEMO786 US Equity,170.9869,5.848401251791804,84.56318914334182,436348000.00000006,SYNTHETIC DEMO - not market data,DEMO786 US Equity
Bond_787,BB,91.66,0.72,Issuer_A,2035-10-28,USD,11.09,0.93,0.61,DE,177110000.0,Y,Corporates,XS0000007871 Corp,XS0000007871,Convertible,Financial Services,Sr Unsecured,0.009,DEMO787 US Equity,89.733,11.144172155171452,82.50967683859933,177110000.0,SYNTHETIC DEMO - not market data,DEMO787 US Equity
Bond_788,AA,91.55,4.22,Issuer_B,2031-02-16,USD,41.37,0.49,3.13,DE,359300000.0,Y,Corporates,XS0000007889 Corp,XS0000007889,Convertible,Health Care,Unsecured,2.166,DEMO788 US Equity,69.2473,14.440996255449672,64.75914267524935,359300000.0,SYNTHETIC DEMO - not market data,DEMO788 US Equity
Bond_789,B,102.67,2.25,Issuer_B,2027-05-01,EUR,,,3.3,US,102740000.0,N,Corporates,XS0000007897 Corp,XS0000007897,Bond,Industrial Products,Asset Backed,3.001,,,,,113014000.00000001,SYNTHETIC DEMO - not market data,DEMO789 US Equity
Bond_790,B,99.68,3.07,Issuer_A,2027-09-24,GBP,,,4.63,DE,322750000.0,N,Corporates,XS0000007905 Corp,XS0000007905,Bond,Industrial Services,Sr Non Preferred,3.929,,,,,419575000.0,SYNTHETIC DEMO - not market data,DEMO790 US Equity
Bond_791,NR,100.23,0.76,Issuer_C,2026-04-01,GBP,13.86,0.08,3.46,DE,170420000.0,Y,Corporates,XS0000007913 Corp,XS0000007913,Convertible,Insurance,Sr Preferred,2.748,DEMO791 US Equity,174.9274,5.7166573104042016,88.02915861584401,221546000.0,SYNTHETIC DEMO - not market data,DEMO791 US Equity
Bond_792,BBB,109.06,1.74,Issuer_C,2032-12-26,JPY,,,2.18,JP,465060000.0,N,Corporates,XS0000007921 Corp,XS0000007921,Bond,Materials,Sr Subordinated,1.508,,,,,3255420.0,SYNTHETIC DEMO - not market data,DEMO792 US Equity
Bond_793,A,93.96,4.23,Issuer_C,2031-02-19,GBP,,,0.83,DE,479190000.0,N,Corporates,XS0000007939 Corp,XS0000007939,Bond,Media,1st lien,-0.151,,,,,622947000.0,SYNTHETIC DEMO - not market data,DEMO793 US Equity
Bond_794,CCC,107.66,2.12,Issuer_C,2030-10-04,JPY,,,2.15,GB,218280000.0,N,Corporates,XS0000007947 Corp,XS0000007947,Bond,National,2nd lien,1.5,,,,,1527960.0,SYNTHETIC DEMO - not market data,DEMO794 US Equity
Bond_795,D,93.34,0.17,Issuer_C,2034-07-10,GBP,39.83,0.11,4.05,JP,405900000.0,Y,Corporates,XS0000007954 Corp,XS0000007954,Convertible,Oil & Gas,1.5 Lien,3.546,DEMO795 US Equity,192.4988,5.19483757820828,66.75248516055211,527670000.0,SYNTHETIC DEMO - not market data,DEMO795 US Equity
Bond_796,BBB,91.45,3.28,Issuer_C,2027-06-04,USD,,,1.59,US,372560000.0,N,Governments,XS0000007962 Corp,XS0000007962,Bond,Real Estate,Jr Subordinated,0.923,,,,,372560000.0,SYNTHETIC DEMO - not market data,DEMO796 US Equity
Bond_797,D,101.35,1.61,Issuer_B,2033-02-13,GBP,60.18,0.53,0.51,GB,372320000.0,Y,Corporates,XS0000007970 Corp,XS0000007970,Convertible,Regional & Local,Secured,-0.238,DEMO797 US Equity,95.146,10.510163327938116,63.272568360594335,484016000.0,SYNTHETIC DEMO - not market data,DEMO797 US Equity
Bond_798,CCC,103.64,2.18,Issuer_C,2028-04-02,JPY,49.87,0.99,2.11,US,253750000.0,Y,Corporates,XS0000007988 Corp,XS0000007988,Convertible,Renewable Energy,Sr Unsecured,1.44,DEMO798 US Equity,46.1588,21.664341360693953,69.15326616400881,1776250.0,SYNTHETIC DEMO - not market data,DEMO798 US Equity
Bond_799,CCC,94.73,0.11,Issuer_A,2035-10-01,JPY,,,1.42,JP,66650000.00000001,N,Corporates,XS0000007996 Corp,XS0000007996,Bond,Retail & Wholesale - Staples,Unsecured,0.729,,,,,466550.00000000006,SYNTHETIC DEMO - not market data,DEMO799 US Equity
Bond_800,B,102.9,0.35,Issuer_A,2031-12-10,GBP,31.72,0.35,0.4,GB,272220000.0,Y,Corporates,XS0000008002 Corp,XS0000008002,Convertible,Retail & Whsle - Discretionary,Asset Backed,-0.354,DEMO800 US Equity,73.1253,13.675157572003124,78.12025508654723,353886000.0,SYNTHETIC DEMO - not market data,DEMO800 US Equity
Bond_801,CCC,95.97,4.92,Issuer_D,2035-02-27,GBP,93.77,0.1,1.12,US,112430000.0,Y,Corporates,XS0000008010 Corp,XS0000008010,Convertible,Software & Tech Services,Sr Non Preferred,0.559,DEMO801 US Equity,153.6343,6.508963167730123,49.527790679671774,146159000.0,SYNTHETIC DEMO - not market data,DEMO801 US Equity
Bond_802,CCC,94.53,0.44,Issuer_C,2033-01-23,USD,,,1.3,US,99860000.0,N,Corporates,XS0000008028 Corp,XS0000008028,Bond,Supranationals,Sr Preferred,0.912,,,,,99860000.0,SYNTHETIC DEMO - not market data,DEMO802 US Equity
Bond_803,AA,95.27,3.44,Issuer_D,2029-12-06,EUR,,,2.92,US,106830000.0,N,Corporates,XS0000008036 Corp,XS0000008036,Bond,Tech Hardware & Semiconductors,Sr Subordinated,1.963,,,,,117513000.00000001,SYNTHETIC DEMO - not market data,DEMO803 US Equity
Bond_804,CCC,102.74,3.34,Issuer_B,2034-08-22,JPY,97.63,0.32,3.65,DE,91310000.0,Y,Corporates,XS0000008044 Corp,XS0000008044,Convertible,Telecommunications,1st lien,3.337,DEMO804 US Equity,195.6481,5.111217538018514,51.98603450893083,639170.0,SYNTHETIC DEMO - not market data,DEMO804 US Equity
Bond_805,AA,97.06,4.18,Issuer_B,2035-11-24,EUR,,,3.47,US,487290000.0,N,Corporates,XS0000008051 Corp,XS0000008051,Bond,Utilities,2nd lien,2.64,,,,,536019000.00000006,SYNTHETIC DEMO - not market data,DEMO805 US Equity
Bond_806,BBB,90.26,1.08,Issuer_D,2028-08-04,GBP,20.87,0.59,2.64,GB,392220000.0,Y,Corporates,XS0000008069 Corp,XS0000008069,Convertible,Banking,1.5 Lien,1.935,DEMO806 US Equity,184.0675,5.432789601640702,74.67527095226278,509886000.0,SYNTHETIC DEMO - not market data,DEMO806 US Equity
Bond_807,D,103.11,4.24,Issuer_A,2027-04-12,JPY,,,4.88,DE,401010000.0,N,Corporates,XS0000008077 Corp,XS0000008077,Bond,Consumer Discretionary Products,Jr Subordinated,4.586,,,,,2807070.0,SYNTHETIC DEMO - not market data,DEMO807 US Equity
Bond_808,AA,95.56,0.82,Issuer_C,2034-11-04,EUR,46.1,0.11,0.55,US,452340000.0,Y,Corporates,XS0000008085 Corp,XS0000008085,Convertible,Consumer Discretionary Services,Secured,-0.133,DEMO808 US Equity,51.9367,19.254207525699552,65.4072553045859,497574000.00000006,SYNTHETIC DEMO - not market data,DEMO808 US Equity
Bond_809,BB,90.57,3.31,Issuer_D,2030-05-04,USD,35.44,0.21,1.98,JP,278570000.0,Y,Corporates,XS0000008093 Corp,XS0000008093,Convertible,Consumer Staple Products,Sr Unsecured,1.396,DEMO809 US Equity,43.412,23.035105500783192,66.87093916125221,278570000.0,SYNTHETIC DEMO - not market data,DEMO809 US Equity
Bond_810,D,95.45,0.49,Issuer_D,2031-04-10,EUR,40.27,0.59,2.65,JP,283380000.0,Y,Corporates,XS0000008101 Corp,XS0000008101,Convertible,Financial Services,Unsecured,1.718,DEMO810 US Equity,29.154,34.30061055086781,68.04733727810651,311718000.0,SYNTHETIC DEMO - not market data,DEMO810 US Equity
Bond_811,AAA,102.93,4.79,Issuer_B,2026-01-02,GBP,23.88,0.53,1.38,JP,226360000.0,Y,Corporates,XS0000008119 Corp,XS0000008119,Convertible,Health Care,Asset Backed,1.16,DEMO811 US Equity,77.2146,12.950918608656911,83.08847271553117,294268000.0,SYNTHETIC DEMO - not market data,DEMO811 US Equity
Bond_812,BBB,104.68,4.4,Issuer_C,2032-04-06,EUR,34.76,0.29,2.98,US,92410000.0,Y,Corporates,XS0000008127 Corp,XS0000008127,Convertible,Industrial Products,Sr Non Preferred,2.767,DEMO812 US Equity,59.8157,16.71801884789445,77.67883644998517,101651000.00000001,SYNTHETIC DEMO - not market data,DEMO812 US Equity
Bond_813,BB,107.05,3.44,Issuer_B,2030-11-03,EUR,,,0.94,JP,113830000.0,N,Corporates,XS0000008135 Corp,XS0000008135,Bond,Industrial Services,Sr Preferred,0.116,,,,,125213000.00000001,SYNTHETIC DEMO - not market data,DEMO813 US Equity
Bond_814,D,98.56,0.1,Issuer_C,2026-03-22,USD,59.4,0.97,2.92,JP,442950000.0,Y,Corporates,XS0000008143 Corp,XS0000008143,Convertible,Insurance,Sr Subordinated,2.911,DEMO814 US Equity,196.604,5.086366503224756,61.831869510665,442950000.0,SYNTHETIC DEMO - not market data,DEMO814 US Equity
Bond_815,AA,90.9,0.09,Issuer_C,2028-09-17,EUR,,,3.77,US,95000000.0,N,Corporates,XS0000008150 Corp,XS0000008150,Bond,Materials,1st lien,3.087,,,,,104500000.00000001,SYNTHETIC DEMO - not market data,DEMO815 US Equity
Bond_816,D,99.81,1.75,Issuer_C,2035-08-09,GBP,,,2.29,GB,185510000.0,N,Governments,XS0000008168 Corp,XS0000008168,Bond,Media,2nd lien,1.969,,,,,241163000.0,SYNTHETIC DEMO - not market data,DEMO816 US Equity
Bond_817,NR,105.49,4.28,Issuer_D,2026-05-22,USD,,,0.74,JP,435320000.0,N,Corporates,XS0000008176 Corp,XS0000008176,Bond,National,1.5 Lien,-0.176,,,,,435320000.0,SYNTHETIC DEMO - not market data,DEMO817 US Equity
Bond_818,B,99.96,1.22,Issuer_D,2030-04-24,USD,19.38,0.95,3.19,GB,444710000.0,Y,Corporates,XS0000008184 Corp,XS0000008184,Convertible,Oil & Gas,Jr Subordinated,2.804,DEMO818 US Equity,190.0978,5.260450147239999,83.73261852906684,444710000.0,SYNTHETIC DEMO - not market data,DEMO818 US Equity
Bond_819,NR,93.5,4.55,Issuer_C,2030-07-19,JPY,,,4.73,GB,189200000.0,N,Corporates,XS0000008192 Corp,XS0000008192,Bond,Real Estate,Secured,4.284,,,,,1324400.0,SYNTHETIC DEMO - not market data,DEMO819 US Equity
Bond_820,NR,104.04,4.17,Issuer_A,2031-08-19,GBP,28.84,0.97,2.49,DE,259839999.99999997,Y,Corporates,XS0000008200 Corp,XS0000008200,Convertible,Regional & Local,Sr Unsecured,1.592,DEMO820 US Equity,27.8933,35.850903263507725,80.75131946600435,337792000.0,SYNTHETIC DEMO - not market data,DEMO820 US Equity
Bond_821,NR,109.33,3.12,Issuer_B,2029-08-10,USD,79.98,0.02,0.2,GB,421460000.0,Y,Corporates,XS0000008218 Corp,XS0000008218,Convertible,Renewable Energy,Unsecured,0.135,DEMO821 US Equity,21.3195,46.905415230188325,60.74563840426714,421460000.0,SYNTHETIC DEMO - not market data,DEMO821 US Equity
Bond_822,AAA,99.77,0.03,Issuer_C,2035-01-02,GBP,13.77,0.88,3.93,DE,479160000.0,Y,Corporates,XS0000008226 Corp,XS0000008226,Convertible,Retail & Wholesale - Staples,Asset Backed,2.954,DEMO822 US Equity,146.4937,6.8262321178316885,87.69447130174915,622908000.0,SYNTHETIC DEMO - not market data,DEMO822 US Equity
Bond_823,A,109.92,0.98,Issuer_A,2029-04-02,JPY,,,4.66,DE,415270000.0,N,Corporates,XS0000008234 Corp,XS0000008234,Bond,Retail & Whsle - Discretionary,Sr Non Preferred,4.328,,,,,2906890.0,SYNTHETIC DEMO - not market data,DEMO823 US Equity
Bond_824,CCC,97.98,4.52,Issuer_C,2029-10-10,EUR,,,2.82,GB,411970000.0,N,Corporates,XS0000008242 Corp,XS0000008242,Bond,Software & Tech Services,Sr Preferred,2.732,,,,,453167000.00000006,SYNTHETIC DEMO - not market data,DEMO824 US Equity
Bond_825,BBB,95.0,2.08,Issuer_B,2029-05-03,GBP,56.67,0.63,2.73,JP,402080000.0,Y,Corporates,XS0000008259 Corp,XS0000008259,Convertible,Supranationals,Sr Subordinated,1.936,DEMO825 US Equity,29.7683,33.592781583093426,60.63700772323993,522704000.0,SYNTHETIC DEMO - not market data,DEMO825 US Equity
Bond_826,AA,92.77,2.21,Issuer_C,2033-11-23,GBP,,,2.34,JP,259950000.0,N,Governments,XS0000008267 Corp,XS0000008267,Bond,Tech Hardware & Semiconductors,1st lien,1.907,,,,,337935000.0,SYNTHETIC DEMO - not market data,DEMO826 US Equity
Bond_827,D,90.55,2.79,Issuer_D,2026-03-20,GBP,,,3.93,GB,107270000.0,N,Corporates,XS0000008275 Corp,XS0000008275,Bond,Telecommunications,2nd lien,3.913,,,,,139451000.0,SYNTHETIC DEMO - not market data,DEMO827 US Equity
Bond_828,AAA,105.11,1.96,Issuer_D,2035-01-15,JPY,,,4.2,US,74610000.0,N,Corporates,XS0000008283 Corp,XS0000008283,Bond,Utilities,1.5 Lien,3.527,,,,,522270.0,SYNTHETIC DEMO - not market data,DEMO828 US Equity
Bond_829,B,101.89,4.11,Issuer_D,2030-01-04,USD,70.16,0.52,2.81,JP,111380000.0,Y,Corporates,XS0000008291 Corp,XS0000008291,Convertible,Banking,Jr Subordinated,2.169,DEMO829 US Equity,116.2702,8.600656058044107,59.87893747061589,111380000.0,SYNTHETIC DEMO - not market data,DEMO829 US Equity
Bond_830,BB,102.56,3.6,Issuer_A,2032-10-23,EUR,11.47,0.0,3.02,US,283920000.0,Y,Corporates,XS0000008309 Corp,XS0000008309,Convertible,Consumer Discretionary Products,Secured,2.233,DEMO830 US Equity,39.1044,25.57256983868823,92.00681797793128,312312000.0,SYNTHETIC DEMO - not market data,DEMO830 US Equity
Bond_831,BBB,92.07,0.12,Issuer_D,2031-01-04,GBP,40.46,0.98,4.1,GB,419760000.0,Y,Corporates,XS0000008317 Corp,XS0000008317,Convertible,Consumer Discretionary Services,Sr Unsecured,3.567,DEMO831 US Equity,105.3178,9.495071108587531,65.5489107219137,545688000.0,SYNTHETIC DEMO - not market data,DEMO831 US Equity
Bond_832,AA,98.65,3.18,Issuer_B,2027-12-22,EUR,,,0.85,DE,264269999.99999997,N,Corporates,XS0000008325 Corp,XS0000008325,Bond,Consumer Staple Products,Unsecured,0.173,,,,,290697000.0,SYNTHETIC DEMO - not market data,DEMO832 US Equity
Bond_833,BB,103.35,4.8,Issuer_D,2030-11-09,JPY,,,1.93,US,258779999.99999997,N,Corporates,XS0000008333 Corp,XS0000008333,Bond,Financial Services,Asset Backed,1.016,,,,,1811459.9999999998,SYNTHETIC DEMO - not market data,DEMO833 US Equity
Bond_834,A,90.56,2.29,Issuer_D,2025-10-10,USD,,,3.23,JP,69180000.0,N,Corporates,XS0000008341 Corp,XS0000008341,Bond,Health Care,Sr Non Preferred,2.435,,,,,69180000.0,SYNTHETIC DEMO - not market data,DEMO834 US Equity
Bond_835,A,99.36,3.62,Issuer_C,2025-03-12,EUR,,,1.74,JP,280870000.0,N,Corporates,XS0000008358 Corp,XS0000008358,Bond,Industrial Products,Sr Preferred,1.011,,,,,308957000.0,SYNTHETIC DEMO - not market data,DEMO835 US Equity
Bond_836,A,97.04,3.6,Issuer_C,2032-12-28,EUR,27.83,0.76,1.51,JP,80690000.0,Y,Corporates,XS0000008366 Corp,XS0000008366,Convertible,Industrial Services,Sr Subordinated,0.561,DEMO836 US Equity,87.1635,11.472692124570491,75.91332238128766,88759000.0,SYNTHETIC DEMO - not market data,DEMO836 US Equity
Bond_837,CCC,109.25,3.03,Issuer_B,2034-12-17,GBP,,,0.65,GB,314980000.0,N,Corporates,XS0000008374 Corp,XS0000008374,Bond,Insurance,1st lien,-0.297,,,,,409474000.0,SYNTHETIC DEMO - not market data,DEMO837 US Equity
Bond_838,CCC,91.35,0.15,Issuer_B,2028-02-22,USD,,,2.5,JP,195650000.0,N,Corporates,XS0000008382 Corp,XS0000008382,Bond,Materials,2nd lien,2.195,,,,,195650000.0,SYNTHETIC DEMO - not market data,DEMO838 US Equity
Bond_839,BBB,92.11,4.4,Issuer_D,2031-02-02,GBP,11.45,0.85,0.36,GB,322940000.0,Y,Corporates,XS0000008390 Corp,XS0000008390,Convertible,Media,1.5 Lien,-0.544,DEMO839 US Equity,154.6934,6.464399903292578,82.64692687303723,419822000.0,SYNTHETIC DEMO - not market data,DEMO839 US Equity
Bond_840,A,96.42,3.49,Issuer_D,2027-11-19,EUR,19.57,0.49,3.39,DE,140540000.0,Y,Corporates,XS0000008408 Corp,XS0000008408,Convertible,National,Jr Subordinated,3.196,DEMO840 US Equity,170.2547,5.873552976804752,80.63895625993142,154594000.0,SYNTHETIC DEMO - not market data,DEMO840 US Equity
Bond_841,CCC,106.28,4.04,Issuer_B,2026-10-01,USD,20.35,0.81,4.47,GB,398470000.0,Y,Corporates,XS0000008416 Corp,XS0000008416,Convertible,Oil & Gas,Secured,3.92,DEMO841 US Equity,103.0277,9.706127575399625,88.30909846281678,398470000.0,SYNTHETIC DEMO - not market data,DEMO841 US Equity
Bond_842,B,93.71,3.65,Issuer_D,2028-04-19,JPY,50.09,0.36,4.5,DE,410720000.0,Y,Corporates,XS0000008424 Corp,XS0000008424,Convertible,Real Estate,Sr Unsecured,3.845,DEMO842 US Equity,43.0787,23.21332816449893,62.43587181024718,2875040.0,SYNTHETIC DEMO - not market data,DEMO842 US Equity
Bond_843,CCC,102.51,4.37,Issuer_A,2027-09-10,USD,,,0.59,DE,73170000.0,N,Corporates,XS0000008432 Corp,XS0000008432,Bond,Regional & Local,Unsecured,0.284,,,,,73170000.0,SYNTHETIC DEMO - not market data,DEMO843 US Equity
Bond_844,AAA,94.48,4.7,Issuer_C,2031-12-12,USD,,,4.36,DE,485650000.0,N,Corporates,XS0000008440 Corp,XS0000008440,Bond,Renewable Energy,Asset Backed,3.776,,,,,485650000.0,SYNTHETIC DEMO - not market data,DEMO844 US Equity
Bond_845,NR,101.51,4.27,Issuer_C,2031-10-02,USD,58.28,0.94,4.92,US,64519999.99999999,Y,Corporates,XS0000008457 Corp,XS0000008457,Convertible,Retail & Wholesale - Staples,Sr Non Preferred,4.556,DEMO845 US Equity,121.7994,8.210221068412487,64.1331817033106,64519999.99999999,SYNTHETIC DEMO - not market data,DEMO845 US Equity
Bond_846,BB,94.01,4.44,Issuer_A,2027-04-18,GBP,,,4.62,US,156030000.0,N,Governments,XS0000008465 Corp,XS0000008465,Bond,Retail & Whsle - Discretionary,Sr Preferred,4.184,,,,,202839000.0,SYNTHETIC DEMO - not market data,DEMO846 US Equity
Bond_847,AAA,96.92,0.35,Issuer_D,2034-12-20,USD,88.75,0.48,0.65,US,96830000.0,Y,Corporates,XS0000008473 Corp,XS0000008473,Convertible,Software & Tech Services,Sr Subordinated,0.516,DEMO847 US Equity,171.2198,5.840446023181898,51.34834437086093,96830000.0,SYNTHETIC DEMO - not market data,DEMO847 US Equity
Bond_848,NR,94.5,1.75,Issuer_D,2029-04-01,USD,,,0.13,DE,290380000.0,N,Corporates,XS0000008481 Corp,XS0000008481,Bond,Supranationals,1st lien,-0.046,,,,,290380000.0,SYNTHETIC DEMO - not market data,DEMO848 US Equity
Bond_849,AAA,101.05,0.26,Issuer_D,2027-07-23,JPY,,,2.75,US,247080000.0,N,Corporates,XS0000008499 Corp,XS0000008499,Bond,Tech Hardware & Semiconductors,2nd lien,2.143,,,,,1729560.0,SYNTHETIC DEMO - not market data,DEMO849 US Equity
Bond_850,B,93.87,2.18,Issuer_A,2028-04-03,USD,,,1.14,US,495920000.0,N,Corporates,XS0000008507 Corp,XS0000008507,Bond,Telecommunications,1.5 Lien,0.298,,,,,495920000.0,SYNTHETIC DEMO - not market data,DEMO850 US Equity
Bond_851,BBB,106.25,0.38,Issuer_B,2032-03-10,USD,31.41,0.6,4.45,GB,108370000.0,Y,Corporates,XS0000008515 Corp,XS0000008515,Convertible,Utilities,Jr Subordinated,4.31,DEMO851 US Equity,174.5685,5.728410337489295,80.85381630012937,108370000.0,SYNTHETIC DEMO - not market data,DEMO851 US Equity
Bond_852,D,103.15,3.28,Issuer_A,2029-09-07,JPY,,,3.53,GB,453940000.0,N,Corporates,XS0000008523 Corp,XS0000008523,Bond,Banking,Secured,3.023,,,,,3177580.0,SYNTHETIC DEMO - not market data,DEMO852 US Equity
Bond_853,D,104.26,4.71,Issuer_C,2035-04-17,GBP,31.89,0.54,0.52,GB,455190000.0,Y,Corporates,XS0000008531 Corp,XS0000008531,Convertible,Consumer Discretionary Products,Sr Unsecured,-0.062,DEMO853 US Equity,25.615,39.039625219597895,79.05072408825536,591747000.0,SYNTHETIC DEMO - not market data,DEMO853 US Equity
Bond_854,BB,91.57,4.56,Issuer_B,2029-12-18,EUR,,,0.61,DE,66140000.0,N,Corporates,XS0000008549 Corp,XS0000008549,Bond,Consumer Discretionary Services,Unsecured,0.138,,,,,72754000.0,SYNTHETIC DEMO - not market data,DEMO854 US Equity
Bond_855,D,103.0,2.27,Issuer_A,2025-08-27,USD,27.03,0.59,1.5,US,76870000.0,Y,Corporates,XS0000008556 Corp,XS0000008556,Convertible,Consumer Staple Products,Asset Backed,1.134,DEMO855 US Equity,159.5355,6.268197360462091,81.08320869086043,76870000.0,SYNTHETIC DEMO - not market data,DEMO855 US Equity
Bond_856,D,90.38,1.91,Issuer_D,2025-04-07,JPY,,,0.92,JP,289620000.0,N,Governments,XS0000008564 Corp,XS0000008564,Bond,Financial Services,Sr Non Preferred,0.523,,,,,2027340.0,SYNTHETIC DEMO - not market data,DEMO856 US Equity
Bond_857,AAA,100.83,1.74,Issuer_A,2034-06-27,GBP,,,4.05,DE,390760000.0,N,Corporates,XS0000008572 Corp,XS0000008572,Bond,Health Care,Sr Preferred,3.548,,,,,507988000.0,SYNTHETIC DEMO - not market data,DEMO857 US Equity
Bond_858,CCC,107.31,3.91,Issuer_A,2026-09-13,GBP,,,4.29,JP,240730000.0,N,Corporates,XS0000008580 Corp,XS0000008580,Bond,Industrial Products,Sr Subordinated,3.627,,,,,312949000.0,SYNTHETIC DEMO - not market data,DEMO858 US Equity
Bond_859,A,109.21,2.34,Issuer_B,2027-01-09,GBP,,,0.43,DE,397100000.0,N,Corporates,XS0000008598 Corp,XS0000008598,Bond,Industrial Services,1st lien,-0.418,,,,,516230000.0,SYNTHETIC DEMO - not market data,DEMO859 US Equity
Bond_860,B,101.42,0.19,Issuer_C,2030-05-22,GBP,,,3.91,US,105940000.0,N,Corporates,XS0000008606 Corp,XS0000008606,Bond,Insurance,2nd lien,3.103,,,,,137722000.0,SYNTHETIC DEMO - not market data,DEMO860 US Equity
Bond_861,BB,106.95,2.22,Issuer_A,2032-01-15,USD,,,4.83,JP,336980000.0,N,Governments,XS0000008614 Corp,XS0000008614,Bond,Materials,1.5 Lien,4.216,,,,,336980000.0,SYNTHETIC DEMO - not market data,DEMO861 US Equity
Bond_862,CCC,91.17,4.69,Issuer_C,2034-09-11,USD,44.04,0.26,3.93,GB,441070000.0,Y,Corporates,XS0000008622 Corp,XS0000008622,Convertible,Media,Jr Subordinated,3.416,DEMO862 US Equity,49.8518,20.059456228260565,63.29491807831158,441070000.0,SYNTHETIC DEMO - not market data,DEMO862 US Equity
Bond_863,BBB,102.61,0.73,Issuer_A,2028-02-21,USD,18.43,0.51,2.2,GB,68880000.0,Y,Corporates,XS0000008630 Corp,XS0000008630,Convertible,National,Secured,1.841,DEMO863 US Equity,107.0306,9.343122434145,86.64189816769401,68880000.0,SYNTHETIC DEMO - not market data,DEMO863 US Equity
Bond_864,AAA,109.03,4.96,Issuer_C,2025-11-28,GBP,54.04,0.04,1.17,US,84870000.0,Y,Corporates,XS0000008648 Corp,XS0000008648,Convertible,Oil & Gas,Sr Unsecured,0.809,DEMO864 US Equity,183.3907,5.452839211584884,70.78031680083096,110331000.0,SYNTHETIC DEMO - not market data,DEMO864 US Equity
Bond_865,AA,100.22,1.18,Issuer_C,2034-06-27,JPY,,,0.36,JP,444130000.0,N,Corporates,XS0000008655 Corp,XS0000008655,Bond,Real Estate,Unsecured,-0.161,,,,,3108910.0,SYNTHETIC DEMO - not market data,DEMO865 US Equity
Bond_866,AAA,96.53,3.94,Issuer_C,2031-11-12,JPY,94.25,0.29,0.16,GB,70070000.0,Y,Corporates,XS0000008663 Corp,XS0000008663,Convertible,Regional & Local,Asset Backed,-0.675,DEMO866 US Equity,169.3365,5.905401375367981,49.693693693693696,490490.0,SYNTHETIC DEMO - not market data,DEMO866 US Equity
Bond_867,AAA,92.12,1.06,Issuer_C,2033-12-25,GBP,93.99,0.38,2.91,DE,221490000.0,Y,Corporates,XS0000008671 Corp,XS0000008671,Convertible,Renewable Energy,Sr Non Preferred,2.393,DEMO867 US Equity,170.3844,5.869081911254786,47.48698386514769,287937000.0,SYNTHETIC DEMO - not market data,DEMO867 US Equity
Bond_868,AA,109.17,4.96,Issuer_D,2033-12-04,USD,60.71,0.66,2.6,GB,171130000.0,Y,Corporates,XS0000008689 Corp,XS0000008689,Convertible,Retail & Wholesale - Staples,Sr Preferred,1.996,DEMO868 US Equity,106.7798,9.365067175626852,67.92981146163898,171130000.0,SYNTHETIC DEMO - not market data,DEMO868 US Equity
Bond_869,BBB,96.57,4.0,Issuer_C,2028-08-11,USD,,,3.47,JP,379760000.0,N,Corporates,XS0000008697 Corp,XS0000008697,Bond,Retail & Whsle - Discretionary,Sr Subordinated,3.283,,,,,379760000.0,SYNTHETIC DEMO - not market data,DEMO869 US Equity
Bond_870,B,91.59,2.8,Issuer_A,2030-11-16,EUR,,,2.24,JP,153390000.0,N,Corporates,XS0000008705 Corp,XS0000008705,Bond,Software & Tech Services,1st lien,1.878,,,,,168729000.0,SYNTHETIC DEMO - not market data,DEMO870 US Equity
Bond_871,NR,94.9,4.55,Issuer_B,2034-05-26,GBP,34.16,0.12,2.04,DE,309210000.0,Y,Corporates,XS0000008713 Corp,XS0000008713,Convertible,Supranationals,2nd lien,1.922,DEMO871 US Equity,149.1145,6.7062559308450895,70.73643410852713,401973000.0,SYNTHETIC DEMO - not market data,DEMO871 US Equity
Bond_872,A,107.53,0.08,Issuer_A,2031-05-25,JPY,74.29,0.13,0.17,JP,60770000.0,Y,Corporates,XS0000008721 Corp,XS0000008721,Convertible,Tech Hardware & Semiconductors,1.5 Lien,-0.663,DEMO872 US Equity,49.0243,20.39804749889341,61.696023868265534,425390.0,SYNTHETIC DEMO - not market data,DEMO872 US Equity
Bond_873,AA,92.65,4.33,Issuer_D,2031-06-05,JPY,69.69,0.24,1.47,GB,453840000.0,Y,Corporates,XS0000008739 Corp,XS0000008739,Convertible,Telecommunications,Jr Subordinated,1.414,DEMO873 US Equity,123.0085,8.129519504749672,54.59956391066063,3176880.0,SYNTHETIC DEMO - not market data,DEMO873 US Equity
Bond_874,AA,109.88,0.23,Issuer_C,2032-07-21,JPY,,,3.7,JP,180180000.0,N,Corporates,XS0000008747 Corp,XS0000008747,Bond,Utilities,Secured,2.98,,,,,1261260.0,SYNTHETIC DEMO - not market data,DEMO874 US Equity
Bond_875,A,104.67,3.62,Issuer_A,2027-01-19,GBP,,,3.37,JP,220720000.0,N,Corporates,XS0000008754 Corp,XS0000008754,Bond,Banking,Sr Unsecured,2.708,,,,,286936000.0,SYNTHETIC DEMO - not market data,DEMO875 US Equity
Bond_876,A,100.17,2.94,Issuer_A,2028-05-16,GBP,,,0.24,JP,178370000.0,N,Governments,XS0000008762 Corp,XS0000008762,Bond,Consumer Discretionary Products,Unsecured,-0.043,,,,,231881000.0,SYNTHETIC DEMO - not market data,DEMO876 US Equity
Bond_877,B,105.15,4.77,Issuer_A,2028-07-17,GBP,,,2.88,GB,94760000.0,N,Corporates,XS0000008770 Corp,XS0000008770,Bond,Consumer Discretionary Services,Asset Backed,2.794,,,,,123188000.0,SYNTHETIC DEMO - not market data,DEMO877 US Equity
Bond_878,A,92.37,1.37,Issuer_D,2028-03-10,GBP,,,4.94,US,466030000.0,N,Corporates,XS0000008788 Corp,XS0000008788,Bond,Consumer Staple Products,Sr Non Preferred,4.491,,,,,605839000.0,SYNTHETIC DEMO - not market data,DEMO878 US Equity
Bond_879,A,91.92,2.76,Issuer_B,2025-10-02,EUR,,,0.03,US,216290000.0,N,Corporates,XS0000008796 Corp,XS0000008796,Bond,Financial Services,Sr Preferred,-0.963,,,,,237919000.00000003,SYNTHETIC DEMO - not market data,DEMO879 US Equity
Bond_880,CCC,104.64,2.6,Issuer_D,2029-02-23,USD,,,2.22,JP,271960000.0,N,Corporates,XS0000008804 Corp,XS0000008804,Bond,Health Care,Sr Subordinated,1.353,,,,,271960000.0,SYNTHETIC DEMO - not market data,DEMO880 US Equity
Bond_881,A,109.86,3.66,Issuer_A,2030-02-24,EUR,72.74,0.33,2.54,GB,254060000.0,Y,Corporates,XS0000008812 Corp,XS0000008812,Convertible,Industrial Products,1st lien,1.71,DEMO881 US Equity,50.702,19.72308784663327,63.598471691559574,279466000.0,SYNTHETIC DEMO - not market data,DEMO881 US Equity
Bond_882,B,107.85,0.19,Issuer_A,2033-06-07,USD,94.92,0.63,1.23,JP,442450000.0,Y,Corporates,XS0000008820 Corp,XS0000008820,Convertible,Industrial Services,2nd lien,0.887,DEMO882 US Equity,150.3536,6.650988070787796,55.330391955674116,442450000.0,SYNTHETIC DEMO - not market data,DEMO882 US Equity
Bond_883,BBB,95.31,0.76,Issuer_B,2032-05-05,EUR,63.48,0.09,2.58,DE,51440000.0,Y,Corporates,XS0000008838 Corp,XS0000008838,Convertible,Insurance,1.5 Lien,2.076,DEMO883 US Equity,174.7265,5.723230305649115,58.30070956691951,56584000.00000001,SYNTHETIC DEMO - not market data,DEMO883 US Equity
Bond_884,D,101.15,1.04,Issuer_B,2025-07-23,GBP,61.34,0.63,1.17,GB,267899999.99999997,Y,Corporates,XS0000008846 Corp,XS0000008846,Convertible,Materials,Jr Subordinated,0.667,DEMO884 US Equity,161.0963,6.2074672106063264,62.69369034337424,348270000.0,SYNTHETIC DEMO - not market data,DEMO884 US Equity
Bond_885,BB,106.81,4.38,Issuer_D,2032-11-13,GBP,54.34,0.3,1.09,GB,238820000.0,Y,Corporates,XS0000008853 Corp,XS0000008853,Convertible,Media,Secured,0.441,DEMO885 US Equity,159.4767,6.270508481803298,69.20435402358429,310466000.0,SYNTHETIC DEMO - not market data,DEMO885 US Equity
Bond_886,B,94.95,2.12,Issuer_B,2032-06-22,USD,,,1.74,JP,367170000.0,N,Governments,XS0000008861 Corp,XS0000008861,Bond,National,Sr Unsecured,0.95,,,,,367170000.0,SYNTHETIC DEMO - not market data,DEMO886 US Equity
Bond_887,D,102.02,3.44,Issuer_A,2029-05-17,EUR,,,4.45,JP,77360000.0,N,Corporates,XS0000008879 Corp,XS0000008879,Bond,Oil & Gas,Unsecured,4.069,,,,,85096000.0,SYNTHETIC DEMO - not market data,DEMO887 US Equity
Bond_888,BB,103.5,2.06,Issuer_D,2031-07-09,USD,,,1.34,DE,202930000.0,N,Corporates,XS0000008887 Corp,XS0000008887,Bond,Real Estate,Asset Backed,0.751,,,,,202930000.0,SYNTHETIC DEMO - not market data,DEMO888 US Equity
Bond_889,BB,98.95,1.11,Issuer_B,2033-04-25,USD,94.79,0.61,1.65,US,477630000.0,Y,Corporates,XS0000008895 Corp,XS0000008895,Convertible,Regional & Local,Sr Non Preferred,0.888,DEMO889 US Equity,153.4509,6.5167424889655265,50.79829560039016,477630000.0,SYNTHETIC DEMO - not market data,DEMO889 US Equity
Bond_890,CCC,91.81,3.52,Issuer_C,2033-02-21,USD,51.86,0.36,0.99,DE,427170000.0,Y,Corporates,XS0000008903 Corp,XS0000008903,Convertible,Renewable Energy,Sr Preferred,0.113,DEMO890 US Equity,70.988,14.08688792471967,60.456999868299754,427170000.0,SYNTHETIC DEMO - not market data,DEMO890 US Equity
Bond_891,BBB,95.8,0.81,Issuer_C,2030-07-07,EUR,,,4.7,US,430470000.0,N,Governments,XS0000008911 Corp,XS0000008911,Bond,Retail & Wholesale - Staples,Sr Subordinated,4.693,,,,,473517000.00000006,SYNTHETIC DEMO - not market data,DEMO891 US Equity
Bond_892,NR,97.96,2.42,Issuer_B,2029-05-01,EUR,63.16,0.69,0.17,US,415850000.0,Y,Corporates,XS0000008929 Corp,XS0000008929,Convertible,Retail & Whsle - Discretionary,1st lien,-0.518,DEMO892 US Equity,137.8183,7.255930453357791,60.039225300318705,457435000.00000006,SYNTHETIC DEMO - not market data,DEMO892 US Equity
Bond_893,CCC,92.62,3.7,Issuer_C,2026-02-03,JPY,,,0.1,DE,93000000.0,N,Corporates,XS0000008937 Corp,XS0000008937,Bond,Software & Tech Services,2nd lien,-0.324,,,,,651000.0,SYNTHETIC DEMO - not market data,DEMO893 US Equity
Bond_894,BBB,106.63,4.3,Issuer_C,2031-09-24,USD,,,1.51,JP,141200000.0,N,Corporates,XS0000008945 Corp,XS0000008945,Bond,Supranationals,1.5 Lien,1.144,,,,,141200000.0,SYNTHETIC DEMO - not market data,DEMO894 US Equity
Bond_895,D,97.53,2.15,Issuer_B,2031-09-09,JPY,,,1.42,DE,222080000.0,N,Corporates,XS0000008952 Corp,XS0000008952,Bond,Tech Hardware & Semiconductors,Jr Subordinated,1.144,,,,,1554560.0,SYNTHETIC DEMO - not market data,DEMO895 US Equity
Bond_896,CCC,109.03,3.81,Issuer_A,2032-04-19,USD,,,1.99,DE,251190000.0,N,Governments,XS0000008960 Corp,XS0000008960,Bond,Telecommunications,Secured,1.309,,,,,251190000.0,SYNTHETIC DEMO - not market data,DEMO896 US Equity
Bond_897,AA,102.86,1.66,Issuer_A,2026-09-06,EUR,,,4.32,JP,317030000.0,N,Corporates,XS0000008978 Corp,XS0000008978,Bond,Utilities,Sr Unsecured,3.565,,,,,348733000.0,SYNTHETIC DEMO - not market data,DEMO897 US Equity
Bond_898,A,98.06,4.19,Issuer_B,2025-08-09,JPY,31.15,0.34,0.75,GB,360050000.0,Y,Corporates,XS0000008986 Corp,XS0000008986,Convertible,Banking,Unsecured,-0.034,DEMO898 US Equity,94.3811,10.595341652089243,74.7693480747236,2520350.0,SYNTHETIC DEMO - not market data,DEMO898 US Equity
Bond_899,AAA,95.36,1.05,Issuer_D,2033-08-11,EUR,,,1.61,JP,281490000.0,N,Corporates,XS0000008994 Corp,XS0000008994,Bond,Consumer Discretionary Products,Asset Backed,0.905,,,,,309639000.0,SYNTHETIC DEMO - not market data,DEMO899 US Equity
Bond_900,AA,98.51,0.39,Issuer_B,2025-03-17,USD,16.62,0.44,4.86,US,448480000.0,Y,Corporates,XS0000009000 Corp,XS0000009000,Convertible,Consumer Discretionary Services,Sr Non Preferred,4.005,DEMO900 US Equity,152.4408,6.5599235900100235,84.47093122963473,448480000.0,SYNTHETIC DEMO - not market data,DEMO900 US Equity
Bond_901,A,102.52,2.62,Issuer_B,2033-07-13,USD,,,1.48,JP,498080000.0,N,Governments,XS0000009018 Corp,XS0000009018,Bond,Consumer Staple Products,Sr Preferred,1.079,,,,,498080000.0,SYNTHETIC DEMO - not market data,DEMO901 US Equity
Bond_902,NR,96.45,4.45,Issuer_B,2027-05-17,EUR,,,4.01,GB,283720000.0,N,Corporates,XS0000009026 Corp,XS0000009026,Bond,Financial Services,Sr Subordinated,3.672,,,,,312092000.0,SYNTHETIC DEMO - not market data,DEMO902 US Equity
Bond_903,D,99.26,4.68,Issuer_B,2027-09-23,JPY,,,0.05,JP,130650000.0,N,Corporates,XS0000009034 Corp,XS0000009034,Bond,Health Care,1st lien,-0.501,,,,,914550.0,SYNTHETIC DEMO - not market data,DEMO903 US Equity
Bond_904,AA,109.87,0.03,Issuer_B,2028-12-04,JPY,,,1.66,US,331240000.0,N,Corporates,XS0000009042 Corp,XS0000009042,Bond,Industrial Products,2nd lien,0.963,,,,,2318680.0,SYNTHETIC DEMO - not market data,DEMO904 US Equity
Bond_905,AA,97.01,2.8,Issuer_B,2030-11-01,EUR,27.46,0.82,4.34,GB,215270000.0,Y,Corporates,XS0000009059 Corp,XS0000009059,Convertible,Industrial Services,1.5 Lien,4.179,DEMO905 US Equity,147.2222,6.792453855464734,76.11015220461321,236797000.00000003,SYNTHETIC DEMO - not market data,DEMO905 US Equity
Bond_906,BB,101.22,3.21,Issuer_B,2026-10-05,USD,,,3.65,GB,130250000.0,N,Governments,XS0000009067 Corp,XS0000009067,Bond,Insurance,Jr Subordinated,3.586,,,,,130250000.0,SYNTHETIC DEMO - not market data,DEMO906 US Equity
Bond_907,A,105.94,2.94,Issuer_D,2030-10-25,GBP,96.67,0.74,3.08,JP,144190000.0,Y,Corporates,XS0000009075 Corp,XS0000009075,Convertible,Materials,Secured,3.0,DEMO907 US Equity,59.9186,16.68930849519181,53.86688361214217,187447000.0,SYNTHETIC DEMO - not market data,DEMO907 US Equity
Bond_908,BBB,109.78,0.46,Issuer_B,2027-03-16,USD,32.33,0.9,0.26,JP,241430000.0,Y,Corporates,XS0000009083 Corp,XS0000009083,Convertible,Media,Sr Unsecured,-0.686,DEMO908 US Equity,127.5451,7.840363918331633,82.9592684954281,241430000.0,SYNTHETIC DEMO - not market data,DEMO908 US Equity
Bond_909,B,96.05,3.8,Issuer_B,2033-07-13,JPY,,,3.53,GB,190290000.0,N,Corporates,XS0000009091 Corp,XS0000009091,Bond,National,Unsecured,3.244,,,,,1332030.0,SYNTHETIC DEMO - not market data,DEMO909 US Equity
Bond_910,NR,91.56,3.03,Issuer_B,2027-11-27,GBP,,,3.56,JP,302220000.0,N,Corporates,XS0000009109 Corp,XS0000009109,Bond,Oil & Gas,Asset Backed,3.526,,,,,392886000.0,SYNTHETIC DEMO - not market data,DEMO910 US Equity
Bond_911,BB,103.71,2.79,Issuer_D,2035-06-06,USD,,,4.33,JP,396840000.0,N,Governments,XS0000009117 Corp,XS0000009117,Bond,Real Estate,Sr Non Preferred,3.73,,,,,396840000.0,SYNTHETIC DEMO - not market data,DEMO911 US Equity
Bond_912,CCC,94.28,2.8,Issuer_B,2031-06-06,USD,,,0.98,GB,286700000.0,N,Corporates,XS0000009125 Corp,XS0000009125,Bond,Regional & Local,Sr Preferred,0.464,,,,,286700000.0,SYNTHETIC DEMO - not market data,DEMO912 US Equity
Bond_913,BB,96.57,4.56,Issuer_C,2033-01-20,GBP,3.35,0.27,2.39,US,498080000.0,Y,Corporates,XS0000009133 Corp,XS0000009133,Convertible,Renewable Energy,Sr Subordinated,2.221,DEMO913 US Equity,61.7008,16.20724528693307,93.43976777939041,647504000.0,SYNTHETIC DEMO - not market data,DEMO913 US Equity
Bond_914,BB,102.51,4.86,Issuer_A,2032-10-21,JPY,,,2.45,JP,387470000.0,N,Corporates,XS0000009141 Corp,XS0000009141,Bond,Retail & Wholesale - Staples,1st lien,2.097,,,,,2712290.0,SYNTHETIC DEMO - not market data,DEMO914 US Equity
Bond_915,AAA,97.39,3.06,Issuer_B,2027-03-03,JPY,83.41,0.12,2.22,US,191410000.0,Y,Corporates,XS0000009158 Corp,XS0000009158,Convertible,Retail & Whsle - Discretionary,2nd lien,1.634,DEMO915 US Equity,91.1258,10.973840558875752,53.09961288915545,1339870.0,SYNTHETIC DEMO - not market data,DEMO915 US Equity
Bond_916,BBB,103.1,3.69,Issuer_C,2035-06-23,EUR,,,4.53,GB,282350000.0,N,Governments,XS0000009166 Corp,XS0000009166,Bond,Software & Tech Services,1.5 Lien,3.615,,,,,310585000.0,SYNTHETIC DEMO - not market data,DEMO916 US Equity
Bond_917,CCC,106.75,3.35,Issuer_A,2028-09-05,GBP,,,0.42,JP,70030000.0,N,Corporates,XS0000009174 Corp,XS0000009174,Bond,Supranationals,Jr Subordinated,0.072,,,,,91039000.0,SYNTHETIC DEMO - not market data,DEMO917 US Equity
Bond_918,NR,98.19,3.18,Issuer_A,2029-05-18,GBP,11.77,0.47,4.18,US,304790000.0,Y,Corporates,XS0000009182 Corp,XS0000009182,Convertible,Tech Hardware & Semiconductors,Secured,3.903,DEMO918 US Equity,193.3918,5.170850056724225,87.8500492081954,396227000.0,SYNTHETIC DEMO - not market data,DEMO918 US Equity
Bond_919,AA,92.33,0.45,Issuer_A,2027-06-19,USD,,,3.83,US,147890000.0,N,Corporates,XS0000009190 Corp,XS0000009190,Bond,Telecommunications,Sr Unsecured,3.724,,,,,147890000.0,SYNTHETIC DEMO - not market data,DEMO919 US Equity
Bond_920,D,91.63,3.62,Issuer_B,2029-11-21,EUR,,,3.74,DE,189720000.0,N,Corporates,XS0000009208 Corp,XS0000009208,Bond,Utilities,Unsecured,3.668,,,,,208692000.00000003,SYNTHETIC DEMO - not market data,DEMO920 US Equity
Bond_921,BB,93.56,0.7,Issuer_C,2031-04-27,EUR,,,1.36,DE,129699999.99999999,N,Governments,XS0000009216 Corp,XS0000009216,Bond,Banking,Asset Backed,1.066,,,,,142670000.0,SYNTHETIC DEMO - not market data,DEMO921 US Equity
Bond_922,BB,103.95,1.32,Issuer_D,2030-10-12,GBP,,,3.86,JP,423280000.0,N,Corporates,XS0000009224 Corp,XS0000009224,Bond,Consumer Discretionary Products,Sr Non Preferred,2.913,,,,,550264000.0,SYNTHETIC DEMO - not market data,DEMO922 US Equity
Bond_923,AAA,108.99,2.93,Issuer_B,2033-10-07,JPY,34.69,0.81,3.98,DE,203980000.0,Y,Corporates,XS0000009232 Corp,XS0000009232,Convertible,Consumer Discretionary Services,Sr Preferred,3.023,DEMO923 US Equity,164.5296,6.077933697036886,80.91914767243298,1427860.0,SYNTHETIC DEMO - not market data,DEMO923 US Equity
Bond_924,AA,100.27,1.05,Issuer_B,2032-05-02,USD,,,2.59,DE,263839999.99999997,N,Corporates,XS0000009240 Corp,XS0000009240,Bond,Consumer Staple Products,Sr Subordinated,1.82,,,,,263839999.99999997,SYNTHETIC DEMO - not market data,DEMO924 US Equity
Bond_925,B,97.45,1.89,Issuer_A,2030-12-04,GBP,,,4.35,US,121440000.0,N,Corporates,XS0000009257 Corp,XS0000009257,Bond,Financial Services,1st lien,3.593,,,,,157872000.0,SYNTHETIC DEMO - not market data,DEMO925 US Equity
Bond_926,B,96.73,4.51,Issuer_B,2030-05-06,JPY,,,2.73,US,247550000.0,N,Governments,XS0000009265 Corp,XS0000009265,Bond,Health Care,2nd lien,1.769,,,,,1732850.0,SYNTHETIC DEMO - not market data,DEMO926 US Equity
Bond_927,CCC,104.62,2.37,Issuer_B,2029-12-12,GBP,,,2.41,JP,185080000.0,N,Corporates,XS0000009273 Corp,XS0000009273,Bond,Industrial Products,1.5 Lien,1.951,,,,,240604000.0,SYNTHETIC DEMO - not market data,DEMO927 US Equity
Bond_928,NR,92.16,2.13,Issuer_C,2034-07-19,USD,16.4,0.17,1.5,DE,478170000.0,Y,Corporates,XS0000009281 Corp,XS0000009281,Convertible,Industrial Services,Jr Subordinated,0.913,DEMO928 US Equity,102.9297,9.715368839120293,79.17525773195877,478170000.0,SYNTHETIC DEMO - not market data,DEMO928 US Equity
Bond_929,A,103.27,3.94,Issuer_A,2026-05-26,EUR,80.15,0.46,0.83,US,346370000.0,Y,Corporates,XS0000009299 Corp,XS0000009299,Convertible,Insurance,Secured,0.514,DEMO929 US Equity,61.3874,16.289987847669067,57.324451845684145,381007000.00000006,SYNTHETIC DEMO - not market data,DEMO929 US Equity
Bond_930,A,96.03,0.4,Issuer_B,2028-07-03,EUR,15.41,0.56,3.88,US,264800000.0,Y,Corporates,XS0000009307 Corp,XS0000009307,Convertible,Materials,Sr Unsecured,3.059,DEMO930 US Equity,141.2656,7.07886421039517,83.2076943072524,291280000.0,SYNTHETIC DEMO - not market data,DEMO930 US Equity
Bond_931,AA,99.42,3.43,Issuer_B,2032-11-13,JPY,,,3.53,US,224410000.0,N,Governments,XS0000009315 Corp,XS0000009315,Bond,Media,Unsecured,2.583,,,,,1570870.0,SYNTHETIC DEMO - not market data,DEMO931 US Equity
Bond_932,A,98.0,1.64,Issuer_C,2035-12-28,JPY,,,2.98,US,206090000.0,N,Corporates,XS0000009323 Corp,XS0000009323,Bond,National,Asset Backed,2.297,,,,,1442630.0,SYNTHETIC DEMO - not market data,DEMO932 US Equity
Bond_933,BBB,107.71,0.89,Issuer_B,2030-06-11,USD,61.06,0.75,4.57,DE,112140000.0,Y,Corporates,XS0000009331 Corp,XS0000009331,Convertible,Oil & Gas,Sr Non Preferred,4.071,DEMO933 US Equity,183.7869,5.44108421220446,66.87569849745437,112140000.0,SYNTHETIC DEMO - not market data,DEMO933 US Equity
Bond_934,AAA,94.22,2.18,Issuer_C,2031-11-06,JPY,15.07,0.31,3.38,JP,65670000.0,Y,Corporates,XS0000009349 Corp,XS0000009349,Convertible,Real Estate,Sr Preferred,3.224,DEMO934 US Equity,131.3474,7.61339775282952,81.88059442078735,459690.0,SYNTHETIC DEMO - not market data,DEMO934 US Equity
Bond_935,A,93.27,3.41,Issuer_A,2032-02-12,USD,,,3.28,JP,411600000.0,N,Corporates,XS0000009356 Corp,XS0000009356,Bond,Regional & Local,Sr Subordinated,2.739,,,,,411600000.0,SYNTHETIC DEMO - not market data,DEMO935 US Equity
Bond_936,A,96.38,2.87,Issuer_D,2035-08-01,JPY,65.38,0.67,2.11,US,186330000.0,Y,Corporates,XS0000009364 Corp,XS0000009364,Convertible,Renewable Energy,1st lien,1.628,DEMO936 US Equity,27.6074,36.22217231611815,58.277905429918974,1304310.0,SYNTHETIC DEMO - not market data,DEMO936 US Equity
Bond_937,AA,102.07,4.01,Issuer_D,2033-06-25,JPY,,,3.56,GB,100250000.0,N,Corporates,XS0000009372 Corp,XS0000009372,Bond,Retail & Wholesale - Staples,2nd lien,2.576,,,,,701750.0,SYNTHETIC DEMO - not market data,DEMO937 US Equity
Bond_938,CCC,100.63,1.92,Issuer_A,2027-01-11,GBP,19.76,0.81,3.64,JP,245700000.0,Y,Corporates,XS0000009380 Corp,XS0000009380,Convertible,Retail & Whsle - Discretionary,1.5 Lien,3.36,DEMO938 US Equity,184.8812,5.408878782699376,84.02638610554442,319410000.0,SYNTHETIC DEMO - not market data,DEMO938 US Equity
Bond_939,BB,90.8,4.34,Issuer_D,2030-01-20,GBP,,,1.26,GB,353750000.0,N,Corporates,XS0000009398 Corp,XS0000009398,Bond,Software & Tech Services,Jr Subordinated,0.758,,,,,459875000.0,SYNTHETIC DEMO - not market data,DEMO939 US Equity
Bond_940,NR,95.34,1.47,Issuer_D,2025-08-11,GBP,63.6,0.6,1.79,US,289070000.0,Y,Corporates,XS0000009406 Corp,XS0000009406,Convertible,Supranationals,Secured,1.104,DEMO940 US Equity,90.869,11.004853140234843,58.27628361858191,375791000.0,SYNTHETIC DEMO - not market data,DEMO940 US Equity
Bond_941,BBB,93.5,2.67,Issuer_B,2027-11-16,JPY,,,4.46,GB,487330000.0,N,Governments,XS0000009414 Corp,XS0000009414,Bond,Tech Hardware & Semiconductors,Sr Unsecured,4.249,,,,,3411310.0,SYNTHETIC DEMO - not market data,DEMO941 US Equity
Bond_942,NR,101.38,0.2,Issuer_C,2030-01-05,USD,38.19,0.98,0.39,GB,240140000.0,Y,Corporates,XS0000009422 Corp,XS0000009422,Convertible,Telecommunications,Unsecured,0.065,DEMO942 US Equity,124.5815,8.02687397406517,73.3627614154425,240140000.0,SYNTHETIC DEMO - not market data,DEMO942 US Equity
Bond_943,A,109.01,1.28,Issuer_A,2031-02-26,EUR,57.09,0.99,3.08,DE,362420000.0,Y,Corporates,XS0000009430 Corp,XS0000009430,Convertible,Utilities,Asset Backed,2.581,DEMO943 US Equity,85.8663,11.646012463562538,69.3933413966516,398662000.00000006,SYNTHETIC DEMO - not market data,DEMO943 US Equity
Bond_944,B,101.47,1.08,Issuer_D,2029-12-23,EUR,27.69,0.67,3.02,DE,355190000.0,Y,Corporates,XS0000009448 Corp,XS0000009448,Convertible,Banking,Sr Non Preferred,2.444,DEMO944 US Equity,43.605,22.93314986813439,79.46589396193907,390709000.00000006,SYNTHETIC DEMO - not market data,DEMO944 US Equity
Bond_945,AAA,98.14,0.09,Issuer_D,2035-03-09,GBP,,,2.31,GB,93720000.0,N,Corporates,XS0000009455 Corp,XS0000009455,Bond,Consumer Discretionary Products,Sr Preferred,2.164,,,,,121836000.0,SYNTHETIC DEMO - not market data,DEMO945 US Equity
Bond_946,AAA,104.18,1.11,Issuer_C,2034-08-19,JPY,63.48,0.33,1.95,US,204330000.0,Y,Corporates,XS0000009463 Corp,XS0000009463,Convertible,Consumer Discretionary Services,Sr Subordinated,1.8,DEMO946 US Equity,192.6466,5.190852057601847,63.726449718620024,1430310.0,SYNTHETIC DEMO - not market data,DEMO946 US Equity
Bond_947,B,106.45,0.76,Issuer_D,2028-09-23,EUR,,,3.36,GB,231320000.0,N,Corporates,XS0000009471 Corp,XS0000009471,Bond,Consumer Staple Products,1st lien,2.639,,,,,254452000.00000003,SYNTHETIC DEMO - not market data,DEMO947 US Equity
Bond_948,D,101.23,1.73,Issuer_B,2033-06-10,GBP,75.09,0.45,2.34,DE,331190000.0,Y,Corporates,XS0000009489 Corp,XS0000009489,Convertible,Financial Services,2nd lien,2.04,DEMO948 US Equity,161.3599,6.197326597252477,57.81598035296133,430547000.0,SYNTHETIC DEMO - not market data,DEMO948 US Equity
Bond_949,B,101.3,2.08,Issuer_A,2029-09-24,JPY,98.97,0.38,2.69,JP,323200000.0,Y,Corporates,XS0000009497 Corp,XS0000009497,Convertible,Health Care,1.5 Lien,2.06,DEMO949 US Equity,105.7771,9.453842088694055,50.91219781876664,2262400.0,SYNTHETIC DEMO - not market data,DEMO949 US Equity
Bond_950,AA,97.91,1.06,Issuer_A,2034-05-06,EUR,76.69,0.98,4.89,JP,208410000.0,Y,Corporates,XS0000009505 Corp,XS0000009505,Convertible,Industrial Products,Jr Subordinated,4.769,DEMO950 US Equity,23.5704,42.426093744696736,55.41343596128812,229251000.00000003,SYNTHETIC DEMO - not market data,DEMO950 US Equity
Bond_951,CCC,108.01,1.39,Issuer_C,2035-02-22,GBP,50.23,0.53,1.13,JP,272670000.0,Y,Corporates,XS0000009513 Corp,XS0000009513,Convertible,Industrial Services,Secured,0.775,DEMO951 US Equity,160.4556,6.232253657709672,71.89642548092925,354471000.0,SYNTHETIC DEMO - not market data,DEMO951 US Equity
Bond_952,BB,106.52,2.25,Issuer_B,2031-05-01,GBP,,,3.81,DE,357510000.0,N,Corporates,XS0000009521 Corp,XS0000009521,Bond,Insurance,Sr Unsecured,3.178,,,,,464763000.0,SYNTHETIC DEMO - not market data,DEMO952 US Equity
Bond_953,CCC,101.6,2.09,Issuer_D,2031-04-21,USD,61.89,0.14,3.1,US,319810000.0,Y,Corporates,XS0000009539 Corp,XS0000009539,Convertible,Materials,Unsecured,2.932,DEMO953 US Equity,46.0727,21.704827370655508,62.75866328988819,319810000.0,SYNTHETIC DEMO - not market data,DEMO953 US Equity
Bond_954,AAA,96.5,1.25,Issuer_D,2035-02-12,USD,,,3.71,JP,298430000.0,N,Corporates,XS0000009547 Corp,XS0000009547,Bond,Media,Asset Backed,3.548,,,,,298430000.0,SYNTHETIC DEMO - not market data,DEMO954 US Equity
Bond_955,A,99.16,3.62,Issuer_B,2027-08-23,EUR,32.27,0.29,4.47,DE,309920000.0,Y,Corporates,XS0000009554 Corp,XS0000009554,Convertible,National,Sr Non Preferred,4.153,DEMO955 US Equity,61.0792,16.3721856212917,74.96786875330763,340912000.0,SYNTHETIC DEMO - not market data,DEMO955 US Equity
Bond_956,BBB,103.67,2.22,Issuer_B,2027-08-17,USD,,,4.02,GB,442440000.0,N,Governments,XS0000009562 Corp,XS0000009562,Bond,Oil & Gas,Sr Preferred,3.657,,,,,442440000.0,SYNTHETIC DEMO - not market data,DEMO956 US Equity
Bond_957,BBB,99.24,4.81,Issuer_A,2025-11-22,JPY,86.71,1.0,4.31,US,402370000.0,Y,Corporates,XS0000009570 Corp,XS0000009570,Convertible,Real Estate,Sr Subordinated,3.344,DEMO957 US Equity,125.6456,7.958893904760692,53.151946869476724,2816590.0,SYNTHETIC DEMO - not market data,DEMO957 US Equity
Bond_958,NR,92.42,3.88,Issuer_A,2032-08-27,USD,,,1.46,JP,422740000.0,N,Corporates,XS0000009588 Corp,XS0000009588,Bond,Regional & Local,1st lien,0.759,,,,,422740000.0,SYNTHETIC DEMO - not market data,DEMO958 US Equity
Bond_959,B,97.99,4.64,Issuer_D,2031-02-04,EUR,84.71,0.76,2.9,US,374900000.0,Y,Corporates,XS0000009596 Corp,XS0000009596,Convertible,Renewable Energy,2nd lien,2.733,DEMO959 US Equity,34.4117,29.05988370234542,53.05072816848032,412390000.00000006,SYNTHETIC DEMO - not market data,DEMO959 US Equity
Bond_960,CCC,103.13,0.71,Issuer_B,2032-04-09,USD,,,1.65,US,256209999.99999997,N,Corporates,XS0000009604 Corp,XS0000009604,Bond,Retail & Wholesale - Staples,1.5 Lien,0.885,,,,,256209999.99999997,SYNTHETIC DEMO - not market data,DEMO960 US Equity
Bond_961,BBB,105.14,1.71,Issuer_D,2030-08-23,GBP,,,2.84,US,392600000.0,N,Governments,XS0000009612 Corp,XS0000009612,Bond,Retail & Whsle - Discretionary,Jr Subordinated,2.757,,,,,510380000.0,SYNTHETIC DEMO - not market data,DEMO961 US Equity
Bond_962,NR,95.77,1.11,Issuer_C,2034-06-23,GBP,30.67,0.72,2.84,GB,263880000.0,Y,Corporates,XS0000009620 Corp,XS0000009620,Convertible,Software & Tech Services,Secured,2.685,DEMO962 US Equity,67.2414,14.871790295859396,73.29149766587587,343044000.0,SYNTHETIC DEMO - not market data,DEMO962 US Equity
Bond_963,BB,93.09,4.03,Issuer_B,2027-10-10,JPY,,,1.29,DE,62600000.0,N,Corporates,XS0000009638 Corp,XS0000009638,Bond,Supranationals,Sr Unsecured,1.159,,,,,438200.0,SYNTHETIC DEMO - not market data,DEMO963 US Equity
Bond_964,BB,92.97,0.06,Issuer_C,2033-12-28,JPY,47.7,0.9,4.86,DE,314210000.0,Y,Corporates,XS0000009646 Corp,XS0000009646,Convertible,Tech Hardware & Semiconductors,Unsecured,4.831,DEMO964 US Equity,170.9332,5.850238572728996,62.94515910629654,2199470.0,SYNTHETIC DEMO - not market data,DEMO964 US Equity
Bond_965,NR,97.49,4.33,Issuer_D,2035-03-28,JPY,,,0.88,JP,56400000.0,N,Corporates,XS0000009653 Corp,XS0000009653,Bond,Telecommunications,Asset Backed,0.608,,,,,394800.0,SYNTHETIC DEMO - not market data,DEMO965 US Equity
Bond_966,B,94.5,1.03,Issuer_B,2029-10-25,USD,65.0,0.36,2.3,US,427990000.0,Y,Corporates,XS0000009661 Corp,XS0000009661,Convertible,Utilities,Sr Non Preferred,1.33,DEMO966 US Equity,100.0721,9.992795194664646,57.27272727272727,427990000.0,SYNTHETIC DEMO - not market data,DEMO966 US Equity
Bond_967,BBB,97.27,0.16,Issuer_A,2030-09-03,GBP,55.33,0.53,3.71,US,486700000.0,Y,Corporates,XS0000009679 Corp,XS0000009679,Convertible,Banking,Sr Preferred,3.07,DEMO967 US Equity,114.2228,8.754819528150247,62.62151548316487,632710000.0,SYNTHETIC DEMO - not market data,DEMO967 US Equity
Bond_968,D,101.33,1.24,Issuer_C,2027-12-21,EUR,22.83,0.72,0.89,GB,298390000.0,Y,Corporates,XS0000009687 Corp,XS0000009687,Convertible,Consumer Discretionary Products,Sr Subordinated,0.586,DEMO968 US Equity,66.7653,14.977840285297903,82.49613286656354,328229000.0,SYNTHETIC DEMO - not market data,DEMO968 US Equity
Bond_969,BBB,104.67,4.59,Issuer_B,2033-05-02,EUR,22.76,0.59,2.91,JP,94220000.0,Y,Corporates,XS0000009695 Corp,XS0000009695,Convertible,Consumer Discretionary Services,1st lien,1.963,DEMO969 US Equity,185.9759,5.37704078861831,85.26392961876833,103642000.00000001,SYNTHETIC DEMO - not market data,DEMO969 US Equity
Bond_970,B,105.8,0.37,Issuer_D,2026-08-03,JPY,19.74,0.54,1.07,JP,184980000.0,Y,Corporates,XS0000009703 Corp,XS0000009703,Convertible,Consumer Staple Products,2nd lien,0.658,DEMO970 US Equity,87.2559,11.460543069293882,88.35810923667947,1294860.0,SYNTHETIC DEMO - not market data,DEMO970 US Equity
Bond_971,CCC,107.22,0.56,Issuer_D,2035-04-19,JPY,99.22,0.25,2.04,GB,271670000.0,Y,Corporates,XS0000009711 Corp,XS0000009711,Convertible,Financial Services,1.5 Lien,1.618,DEMO971 US Equity,67.3364,14.85080877504589,53.819897600642506,1901690.0,SYNTHETIC DEMO - not market data,DEMO971 US Equity
Bond_972,B,100.15,2.57,Issuer_C,2029-09-08,GBP,27.53,0.56,1.54,JP,100160000.0,Y,Corporates,XS0000009729 Corp,XS0000009729,Convertible,Health Care,Jr Subordinated,0.731,DEMO972 US Equity,153.7268,6.505046615164044,78.53054183329412,130208000.0,SYNTHETIC DEMO - not market data,DEMO972 US Equity
Bond_973,D,90.13,4.47,Issuer_D,2032-03-06,USD,76.04,0.67,0.47,JP,204090000.0,Y,Corporates,XS0000009737 Corp,XS0000009737,Convertible,Industrial Products,Secured,-0.153,DEMO973 US Equity,68.9841,14.4960940274643,51.19859122926607,204090000.0,SYNTHETIC DEMO - not market data,DEMO973 US Equity
Bond_974,BBB,105.58,3.81,Issuer_B,2029-09-10,GBP,76.64,0.47,3.42,DE,306950000.0,Y,Corporates,XS0000009745 Corp,XS0000009745,Convertible,Industrial Services,Sr Unsecured,2.705,DEMO974 US Equity,68.4551,14.608115392425107,59.771286231884055,399035000.0,SYNTHETIC DEMO - not market data,DEMO974 US Equity
Bond_975,B,93.13,3.83,Issuer_B,2027-10-22,EUR,32.57,0.52,2.37,JP,400890000.0,Y,Corporates,XS0000009752 Corp,XS0000009752,Convertible,Insurance,Unsecured,1.372,DEMO975 US Equity,163.9032,6.101162149366211,70.24967941464887,440979000.00000006,SYNTHETIC DEMO - not market data,DEMO975 US Equity
Bond_976,BBB,108.66,2.36,Issuer_C,2030-03-10,GBP,,,3.63,GB,252370000.0,N,Governments,XS0000009760 Corp,XS0000009760,Bond,Materials,Asset Backed,2.854,,,,,328081000.0,SYNTHETIC DEMO - not market data,DEMO976 US Equity
Bond_977,CCC,105.25,0.03,Issuer_D,2025-07-12,EUR,,,4.87,GB,58770000.0,N,Corporates,XS0000009778 Corp,XS0000009778,Bond,Media,Sr Non Preferred,4.799,,,,,64647000.00000001,SYNTHETIC DEMO - not market data,DEMO977 US Equity
Bond_978,BBB,103.24,1.28,Issuer_C,2025-06-14,JPY,32.57,0.56,1.0,DE,327900000.0,Y,Corporates,XS0000009786 Corp,XS0000009786,Convertible,National,Sr Preferred,0.808,DEMO978 US Equity,104.6264,9.557817147488588,77.87583917930151,2295300.0,SYNTHETIC DEMO - not market data,DEMO978 US Equity
Bond_979,BB,92.14,1.22,Issuer_C,2032-12-19,JPY,,,4.76,US,401550000.0,N,Corporates,XS0000009794 Corp,XS0000009794,Bond,Oil & Gas,Sr Subordinated,3.989,,,,,2810850.0,SYNTHETIC DEMO - not market data,DEMO979 US Equity
Bond_980,D,95.0,4.93,Issuer_D,2025-02-02,GBP,,,1.38,GB,247160000.0,N,Corporates,XS0000009802 Corp,XS0000009802,Bond,Real Estate,1st lien,0.937,,,,,321308000.0,SYNTHETIC DEMO - not market data,DEMO980 US Equity
Bond_981,AA,99.44,4.4,Issuer_A,2030-12-14,EUR,,,4.37,GB,308340000.0,N,Governments,XS0000009810 Corp,XS0000009810,Bond,Regional & Local,2nd lien,3.632,,,,,339174000.0,SYNTHETIC DEMO - not market data,DEMO981 US Equity
Bond_982,D,94.9,2.86,Issuer_C,2033-09-27,GBP,68.96,0.14,3.85,GB,480740000.0,Y,Corporates,XS0000009828 Corp,XS0000009828,Convertible,Renewable Energy,1.5 Lien,3.389,DEMO982 US Equity,26.0319,38.41440693917847,56.167140151515156,624962000.0,SYNTHETIC DEMO - not market data,DEMO982 US Equity
Bond_983,D,104.95,1.07,Issuer_C,2032-04-15,GBP,,,1.67,GB,164910000.0,N,Corporates,XS0000009836 Corp,XS0000009836,Bond,Retail & Wholesale - Staples,Jr Subordinated,1.347,,,,,214383000.0,SYNTHETIC DEMO - not market data,DEMO983 US Equity
Bond_984,A,92.38,2.05,Issuer_D,2032-01-27,USD,91.3,0.51,0.08,JP,498040000.0,Y,Corporates,XS0000009844 Corp,XS0000009844,Convertible,Retail & Whsle - Discretionary,Secured,0.038,DEMO984 US Equity,133.2496,7.5047129597387165,48.29064296915839,498040000.0,SYNTHETIC DEMO - not market data,DEMO984 US Equity
Bond_985,NR,99.84,2.87,Issuer_A,2026-10-03,USD,,,2.66,US,308270000.0,N,Corporates,XS0000009851 Corp,XS0000009851,Bond,Software & Tech Services,Sr Unsecured,1.796,,,,,308270000.0,SYNTHETIC DEMO - not market data,DEMO985 US Equity
Bond_986,BBB,105.04,3.84,Issuer_D,2029-08-15,EUR,,,3.25,US,131750000.0,N,Governments,XS0000009869 Corp,XS0000009869,Bond,Supranationals,Unsecured,3.032,,,,,144925000.0,SYNTHETIC DEMO - not market data,DEMO986 US Equity
Bond_987,D,100.55,3.46,Issuer_D,2025-07-19,GBP,,,0.03,JP,58490000.0,N,Corporates,XS0000009877 Corp,XS0000009877,Bond,Tech Hardware & Semiconductors,Asset Backed,-0.083,,,,,76037000.0,SYNTHETIC DEMO - not market data,DEMO987 US Equity
Bond_988,B,98.54,1.29,Issuer_B,2034-11-25,GBP,53.24,0.65,1.0,GB,451960000.0,Y,Corporates,XS0000009885 Corp,XS0000009885,Convertible,Telecommunications,Sr Non Preferred,0.675,DEMO988 US Equity,133.9236,7.466943839621994,64.3043591751501,587548000.0,SYNTHETIC DEMO - not market data,DEMO988 US Equity
Bond_989,BBB,105.46,1.03,Issuer_B,2026-01-18,USD,77.95,0.54,4.77,GB,441750000.0,Y,Corporates,XS0000009893 Corp,XS0000009893,Convertible,Utilities,Sr Preferred,4.295,DEMO989 US Equity,161.0255,6.210196521668928,59.26383815678561,441750000.0,SYNTHETIC DEMO - not market data,DEMO989 US Equity
Bond_990,BBB,94.03,0.82,Issuer_C,2028-04-25,GBP,2.73,0.88,4.72,US,425370000.0,Y,Corporates,XS0000009901 Corp,XS0000009901,Convertible,Banking,Sr Subordinated,3.723,DEMO990 US Equity,187.5528,5.331831889473258,91.53119828677114,552981000.0,SYNTHETIC DEMO - not market data,DEMO990 US Equity
Bond_991,AAA,98.88,3.72,Issuer_B,2031-01-15,JPY,,,2.0,DE,396940000.0,N,Governments,XS0000009919 Corp,XS0000009919,Bond,Consumer Discretionary Products,1st lien,1.767,,,,,2778580.0,SYNTHETIC DEMO - not market data,DEMO991 US Equity
Bond_992,AA,109.38,2.53,Issuer_A,2027-04-04,JPY,74.06,0.36,4.98,JP,135940000.0,Y,Corporates,XS0000009927 Corp,XS0000009927,Convertible,Consumer Discretionary Services,2nd lien,4.191,DEMO992 US Equity,196.7016,5.083842734375318,62.840399862116506,951580.0,SYNTHETIC DEMO - not market data,DEMO992 US Equity
Bond_993,NR,97.2,1.28,Issuer_A,2032-01-01,JPY,80.34,0.4,4.29,GB,212180000.0,Y,Corporates,XS0000009935 Corp,XS0000009935,Convertible,Consumer Staple Products,1.5 Lien,3.391,DEMO993 US Equity,44.2518,22.59795081781984,53.89819230342687,1485260.0,SYNTHETIC DEMO - not market data,DEMO993 US Equity
Bond_994,AA,98.68,4.24,Issuer_C,2028-12-03,JPY,,,4.38,US,478090000.0,N,Corporates,XS0000009943 Corp,XS0000009943,Bond,Financial Services,Jr Subordinated,4.032,,,,,3346630.0,SYNTHETIC DEMO - not market data,DEMO994 US Equity
Bond_995,B,90.91,4.24,Issuer_B,2034-01-05,EUR,,,0.7,JP,393030000.0,N,Corporates,XS0000009950 Corp,XS0000009950,Bond,Health Care,Secured,-0.032,,,,,432333000.00000006,SYNTHETIC DEMO - not market data,DEMO995 US Equity
Bond_996,BBB,107.33,3.3,Issuer_C,2034-07-27,EUR,41.92,0.17,2.59,DE,383890000.0,Y,Corporates,XS0000009968 Corp,XS0000009968,Convertible,Industrial Products,Sr Unsecured,1.759,DEMO996 US Equity,69.5584,14.37640888807103,75.6271138669673,422279000.00000006,SYNTHETIC DEMO - not market data,DEMO996 US Equity
Bond_997,B,107.58,0.55,Issuer_B,2025-08-07,GBP,40.37,0.37,4.21,GB,62820000.0,Y,Corporates,XS0000009976 Corp,XS0000009976,Convertible,Industrial Services,Unsecured,4.209,DEMO997 US Equity,86.0803,11.617059884782002,76.64030775806796,81666000.0,SYNTHETIC DEMO - not market data,DEMO997 US Equity
Bond_998,B,90.57,2.35,Issuer_B,2031-01-18,JPY,76.25,0.72,0.85,US,56720000.0,Y,Corporates,XS0000009984 Corp,XS0000009984,Convertible,Insurance,Asset Backed,0.129,DEMO998 US Equity,62.9816,15.87765315584234,51.38723404255319,397040.0,SYNTHETIC DEMO - not market data,DEMO998 US Equity
Bond_999,AA,98.4,0.33,Issuer_D,2032-07-28,JPY,13.44,0.6,3.18,GB,264310000.0,Y,Corporates,XS0000009992 Corp,XS0000009992,Convertible,Materials,Sr Non Preferred,2.857,DEMO999 US Equity,130.3471,7.671823922434791,86.74188998589563,1850170.0,SYNTHETIC DEMO - not market data,DEMO999 US Equity
Bond_1000,A,96.46,2.7,Issuer_A,2032-08-24,EUR,,,0.63,DE,412450000.0,N,Corporates,XS0000010008 Corp,XS0000010008,Bond,Media,Sr Preferred,-0.243,,,,,453695000.00000006,SYNTHETIC DEMO - not market data,DEMO1000 US Equity
